id_car,estado,area_total_ha,porte_mf,ha_perda_floresta,var_floresta_pct,ha_pasto,pasto_pct,ha_lavoura,lavoura_pct,target_risco_esg,bioma_Amazonia,bioma_Caatinga,bioma_Cerrado,bioma_Mata_Atlantica,bioma_Pampa,bioma_Pantanal
CE-2301851-A69FF7227919422B92C5DCA103361117,ce,80.57,1.6113,0.79,0.98,0.0,0.0,0.0,0.0,1,0,1,0,0,0,0
CE-2301604-D385EFEF69684BEF9FD4271CDB2CDBD7,ce,0.52,0.0104,0.0,0.0,0.0,0.0,0.0,0.0,2,0,1,0,0,0,0
CE-2300150-671F667F72BC4B31954B9DADAD031C2E,ce,1.0,0.0286,0.21,21.0,0.0,0.0,0.0,0.0,0,0,1,0,0,0,0
CE-2301604-D88E67E068A24B9DB797410AA527CA8B,ce,0.63,0.0126,0.0,0.0,0.0,0.0,0.0,0.0,2,0,1,0,0,0,0
CE-2301604-C6FE159AD6904F009DA3CE8774A92F45,ce,29.8,0.5959,0.0,0.0,0.0,0.0,0.0,0.0,2,0,1,0,0,0,0
CE-2301851-B6AE2887F8264F1298D6FCE3E0D5113F,ce,31.39,0.6278,1.65,5.26,0.0,0.0,0.0,0.0,1,0,1,0,0,0,0
CE-2300101-67AD065E360E4921A2C1718A923DC691,ce,2.36,0.0525,0.0,0.0,0.0,0.0,0.0,0.0,2,0,1,0,0,0,0
CE-2301604-FB207FE363EF457D8D9BC0A3574907F2,ce,29.57,0.5913,0.67,2.27,0.0,0.0,0.0,0.0,1,0,1,0,0,0,0
CE-2301851-BBFADAF718CC4042A5704B72507F03CC,ce,42.16,0.8433,0.45,1.07,0.0,0.0,0.0,0.0,1,0,1,0,0,0,0
CE-2300101-4D9A7CCCA1FD4E2C84492C9AA368566F,ce,6.85,0.1522,0.77,11.24,0.0,0.0,0.0,0.0,1,0,1,0,0,0,0
CE-2301604-3C44BE629EBA43AB8DBEFAF04CE4679F,ce,21.35,0.427,0.88,4.12,0.0,0.0,0.0,0.0,1,0,1,0,0,0,0
CE-2302008-5D4DFE983EF74914982FAF48F597D8BF,ce,6.03,0.1341,0.0,0.0,0.0,0.0,0.0,0.0,2,0,1,0,0,0,0
CE-2313252-B7EEEE2CE382482EBA87BAA0F938E279,ce,20.19,0.4038,4.07,20.16,0.0,0.0,0.0,0.0,0,0,1,0,0,0,0
CE-2301851-3ED9519AA4714E21876D51F5C5EC7303,ce,10.02,0.2005,0.0,0.0,0.0,0.0,0.0,0.0,2,0,1,0,0,0,0
CE-2301604-9BEB6E097E664687BC9F5684F49A33F6,ce,1.3,0.026,0.0,0.0,0.0,0.0,0.0,0.0,2,0,1,0,0,0,0
CE-2301851-823E8F31DE3C4D0F9032D7BD66B11FC0,ce,83.37,1.5202,0.91,1.09,0.0,0.0,0.0,0.0,1,0,1,0,0,0,0
CE-2300101-68D0CE427179459282C13898E1C4F5EC,ce,98.02,2.1781,1.0,1.02,0.0,0.0,0.0,0.0,1,0,1,0,0,0,0
CE-2302206-355754D7F39749B9B02C9BCC503580FA,ce,1.96,0.0699,0.31,15.84,0.0,0.0,0.0,0.0,1,0,1,0,0,0,0
CE-2302008-22842D623F974875B4E132FE5BF20830,ce,51.71,1.1491,6.65,12.86,0.0,0.0,0.0,0.0,1,0,1,0,0,0,0
CE-2302008-BCA036F687A949ECAFC217ED982F45C8,ce,64.19,1.4265,4.11,6.4,0.0,0.0,0.0,0.0,1,0,1,0,0,0,0
CE-2302206-328E51FB2AEB44FCB8FFA853C1AB54CE,ce,13.59,0.4854,1.46,10.74,0.0,0.0,0.0,0.0,1,0,1,0,0,0,0
CE-2301604-10CEC2A727164FFFBBDF466D6E6FCB05,ce,44.79,0.8959,1.44,3.21,0.0,0.0,0.0,0.0,1,0,1,0,0,0,0
CE-2301604-CF1B0CCC84DC4E43A4CC08733708BDE2,ce,6.91,0.1381,0.36,5.21,0.0,0.0,0.0,0.0,1,0,1,0,0,0,0
CE-2302206-167A418591614092B6A2CC0D7480B3A7,ce,8.94,0.3192,0.05,0.56,0.0,0.0,0.0,0.0,1,0,1,0,0,0,0
CE-2301604-E71C27BC46DA4B4584EF6DD00548E71E,ce,0.18,0.0036,0.0,0.0,0.0,0.0,0.0,0.0,2,0,1,0,0,0,0
CE-2302206-34836109E3D44522B08337A53B0BA636,ce,0.95,0.0338,0.0,0.0,0.0,0.0,0.0,0.0,2,0,1,0,0,0,0
CE-2300150-DCE9014B8C94454A90EAD2BAAF6A7CA1,ce,7.42,0.2121,0.34,4.58,0.0,0.0,0.0,0.0,1,0,1,0,0,0,0
CE-2302008-C8B040D3EDD94863AC7ACC6050FA310E,ce,39.22,0.8716,2.31,5.89,0.0,0.0,0.0,0.0,1,0,1,0,0,0,0
CE-2301851-E6E789E965594B1EAB54193AFF44EDF4,ce,97.2,1.9439,0.65,0.67,0.0,0.0,0.0,0.0,1,0,1,0,0,0,0
CE-2302008-60CE5241AFB74B8DB347246A1301CC64,ce,21.5,0.4778,2.26,10.51,0.0,0.0,0.0,0.0,1,0,1,0,0,0,0
CE-2300101-3A6C7DAFAB8544C183C856D29D798C4F,ce,2.52,0.0561,0.0,0.0,0.0,0.0,0.0,0.0,2,0,1,0,0,0,0
CE-2301604-35FD9EF9723F44ED936F16E47DA18D05,ce,83.2,1.6641,0.68,0.82,0.0,0.0,0.0,0.0,1,0,1,0,0,0,0
CE-2301604-CDA0F647E3474FD4ADB0BC848A13FC8F,ce,0.25,0.0051,0.0,0.0,0.0,0.0,0.0,0.0,2,0,1,0,0,0,0
CE-2301604-E725615905FE4CF1B70A16C792947FC5,ce,90.87,1.8173,2.57,2.83,0.0,0.0,0.0,0.0,1,0,1,0,0,0,0
CE-2302008-D40D48CDCEBD4F16A9280B724498D9AB,ce,47.12,1.0471,10.4,22.07,0.0,0.0,0.0,0.0,0,0,1,0,0,0,0
CE-2301604-6A0347B049724E98A484F2EDE41F8E84,ce,15.21,0.3041,0.04,0.26,0.0,0.0,0.0,0.0,1,0,1,0,0,0,0
CE-2301851-330B52D27B1F4A248A51E9B9A6C0CEE0,ce,17.49,0.3499,0.0,0.0,0.0,0.0,0.0,0.0,2,0,1,0,0,0,0
CE-2300101-2D1A325BCBF0482CBE6D12C511CBB3C5,ce,0.55,0.0122,0.0,0.0,0.0,0.0,0.0,0.0,2,0,1,0,0,0,0
CE-2301604-99AAA00C9EA24F93AF750F1E460A9CAA,ce,24.29,0.4858,1.09,4.49,0.0,0.0,0.0,0.0,1,0,1,0,0,0,0
CE-2301851-EE45BB3AB9C6420DBD26E1DB804BF3BE,ce,0.5,0.01,0.0,0.0,0.0,0.0,0.0,0.0,2,0,1,0,0,0,0
CE-2301851-29E1DB84908F4E48A1DCCB081E479BFC,ce,10.32,0.2063,0.0,0.0,0.0,0.0,0.0,0.0,2,0,1,0,0,0,0
CE-2300101-05934C4BDA33456CB40D8BBCF0248CFF,ce,0.43,0.0095,0.0,0.0,0.0,0.0,0.0,0.0,2,0,1,0,0,0,0
CE-2302008-D75146E80F184E00969D662C69F32B36,ce,7.51,0.167,0.0,0.0,0.0,0.0,0.0,0.0,2,0,1,0,0,0,0
CE-2300150-030BE92C5ADB41FEB53B01C1A3CE14CF,ce,3.0,0.0857,0.14,4.67,0.0,0.0,0.0,0.0,1,0,1,0,0,0,0
CE-2302206-0D609B2897DF4B4A826F6875DBB14089,ce,10.07,0.3597,0.2,1.99,0.0,0.0,0.0,0.0,1,0,1,0,0,0,0
CE-2300101-061FD57DD46A44378740D2D362589C61,ce,3.53,0.0784,0.0,0.0,0.0,0.0,0.0,0.0,2,0,1,0,0,0,0
CE-2301604-DEB31F7143AF4736BD6CE76A3704266F,ce,52.78,1.0555,6.51,12.33,0.0,0.0,0.0,0.0,1,0,1,0,0,0,0
CE-2301604-73E5EF7209A4465E996C112961CB891A,ce,2.56,0.0512,0.0,0.0,0.0,0.0,0.0,0.0,2,0,1,0,0,0,0
CE-2300150-7457B1ECB25D496780469F7128F27C8E,ce,1.12,0.0319,0.0,0.0,0.0,0.0,0.0,0.0,2,0,1,0,0,0,0
CE-2301604-15063CA75253473A969C20C5A379691B,ce,33.51,0.6703,11.14,33.24,0.0,0.0,0.0,0.0,0,0,1,0,0,0,0
CE-2301604-86C536094AEA435E8D89735037B90761,ce,0.89,0.0179,0.09,10.08,0.0,0.0,0.0,0.0,1,0,1,0,0,0,0
CE-2302008-CF338D274DEF43509B03FDF12527CF1B,ce,87.88,1.9529,3.34,3.8,0.0,0.0,0.0,0.0,1,0,1,0,0,0,0
CE-2301604-EAF1F9766A394F2E81AB91097C4B8C49,ce,26.77,0.5354,2.32,8.67,0.0,0.0,0.0,0.0,1,0,1,0,0,0,0
CE-2302008-B7D09AFC6D794651B73E7DF65D515246,ce,2.65,0.059,0.0,0.0,0.0,0.0,0.0,0.0,2,0,1,0,0,0,0
CE-2301604-528CA0E27A8441728A952303A28E25F7,ce,13.21,0.2641,0.58,4.39,0.0,0.0,0.0,0.0,1,0,1,0,0,0,0
CE-2302008-9E9D20969072432695E20425AA7E3BE1,ce,2.28,0.0506,0.0,0.0,0.0,0.0,0.0,0.0,2,0,1,0,0,0,0
CE-2301604-52F89C650ABE426CAF06C6FC94E89ED0,ce,27.61,0.5522,0.42,1.52,0.0,0.0,0.0,0.0,1,0,1,0,0,0,0
CE-2302206-22DC860272C24186AB25ED45E51324D0,ce,9.27,0.3309,0.0,0.0,0.0,0.0,0.0,0.0,2,0,1,0,0,0,0
CE-2301604-2AB885EE1C6B4D909FF926C7A63FA3FA,ce,3.26,0.0653,0.3,9.19,0.0,0.0,0.0,0.0,1,0,1,0,0,0,0
CE-2301604-2EC93AB148EC41B2B5F7544480212594,ce,11.32,0.2263,2.29,20.24,0.0,0.0,0.0,0.0,0,0,1,0,0,0,0
CE-2300101-D29EA9B0E3E541599693CCDA01C3310F,ce,14.22,0.316,0.47,3.31,0.0,0.0,0.0,0.0,1,0,1,0,0,0,0
CE-2302008-A24F19CFE1CA454C878EB16FE8847256,ce,0.29,0.0066,0.0,0.0,0.0,0.0,0.0,0.0,2,0,1,0,0,0,0
CE-2301851-89A1476C21BA4273BF162BD5C28F9E5C,ce,46.0,0.92,0.47,1.02,0.0,0.0,0.0,0.0,1,0,1,0,0,0,0
CE-2300101-12393B3C089F497C8489CDC4A7FBB196,ce,1.44,0.0321,0.0,0.0,0.0,0.0,0.0,0.0,2,0,1,0,0,0,0
CE-2300101-E66ED216B5774A10BA5A6A0E60C9246E,ce,9.12,0.2026,4.27,46.83,0.0,0.0,0.0,0.0,0,0,1,0,0,0,0
CE-2302008-C02F7C4E763D4B4CB14DCE73FDB47683,ce,29.24,0.6497,3.76,12.86,0.0,0.0,0.0,0.0,1,0,1,0,0,0,0
CE-2301604-3CBD57BC9C8B437FA27F9FD901F8E7F9,ce,0.26,0.0052,0.0,0.0,0.0,0.0,0.0,0.0,2,0,1,0,0,0,0
CE-2302206-2963EAB5EBE64C489E6EEFB705E9D35A,ce,84.42,3.015,16.24,19.24,0.0,0.0,0.0,0.0,1,0,1,0,0,0,0
CE-2301851-A2148AA924684CD98A630E749B4FBDA5,ce,147.24,2.9447,4.61,3.13,0.0,0.0,0.0,0.0,1,0,1,0,0,0,0
CE-2301604-46631FB9BF8042229E7894DD43C93D52,ce,75.72,1.5143,5.18,6.84,0.0,0.0,0.0,0.0,1,0,1,0,0,0,0
CE-2301851-044EECFCF1054361A73D997AC00AAA4C,ce,7.95,0.1591,2.12,26.65,0.0,0.0,0.0,0.0,0,0,1,0,0,0,0
CE-2300101-8E1FE46FB65F47EEBE69FAECF166D178,ce,0.35,0.0078,0.0,0.0,0.0,0.0,0.0,0.0,2,0,1,0,0,0,0
CE-2301604-7B728D4A4DFD45F9A065DB9B73E5EE34,ce,0.33,0.0067,0.0,0.0,0.0,0.0,0.0,0.0,2,0,1,0,0,0,0
CE-2301604-4833047A3FAD4D56891E26FB92FFB924,ce,30.08,0.6017,7.13,23.7,0.0,0.0,0.0,0.0,0,0,1,0,0,0,0
CE-2301604-4AF5C2054F01461780C95CE7A970BA8F,ce,13.38,0.2676,0.32,2.39,0.0,0.0,0.0,0.0,1,0,1,0,0,0,0
CE-2302008-BF5DB0B2DA064FE5A812D5CAF82CF8CF,ce,151.87,3.3749,9.17,6.04,0.0,0.0,0.0,0.0,1,0,1,0,0,0,0
CE-2300101-A91ED01181B7474EA79959BA37716C08,ce,2.07,0.0459,0.0,0.0,0.0,0.0,0.0,0.0,2,0,1,0,0,0,0
CE-2302008-F451AF344E5949B59F1287AA19B534CD,ce,20.62,0.4582,1.52,7.37,0.0,0.0,0.0,0.0,1,0,1,0,0,0,0
CE-2300150-FBC23C147C0A4F5A845EEF11BF5A06C5,ce,2.3,0.0657,0.17,7.39,0.0,0.0,0.0,0.0,1,0,1,0,0,0,0
CE-2302008-D27DAEB0706747949B6919682690EBE4,ce,3.16,0.0702,0.4,12.66,0.0,0.0,0.0,0.0,1,0,1,0,0,0,0
CE-2300101-A6AAE5FCA40D402991AD3C3A062C57CB,ce,15.04,0.3342,1.68,11.17,0.0,0.0,0.0,0.0,1,0,1,0,0,0,0
CE-2301851-0A6E01F8DDBD47738F41A6127B98A33D,ce,5.79,0.1158,0.0,0.0,0.0,0.0,0.0,0.0,2,0,1,0,0,0,0
CE-2301851-64FFC665B616489E97ADEB899F0B63F3,ce,35.25,0.6938,0.43,1.22,0.0,0.0,0.0,0.0,1,0,1,0,0,0,0
CE-2301604-5C33410BB02442ADB5BFFE03D59B8520,ce,5.12,0.1024,0.0,0.0,0.0,0.0,0.0,0.0,2,0,1,0,0,0,0
CE-2301604-6706191CACCA4786A9F4EE96451A1558,ce,0.58,0.0116,0.0,0.0,0.0,0.0,0.0,0.0,2,0,1,0,0,0,0
CE-2301604-50D039FEFDFB4727BA5BD03EA5D43AE9,ce,7.23,0.1447,2.0,27.65,0.0,0.0,0.0,0.0,0,0,1,0,0,0,0
CE-2302008-B1FD0E0405B14C7B94D8BAF2A0BFA412,ce,30.81,0.6846,0.0,0.0,0.0,0.0,0.0,0.0,2,0,1,0,0,0,0
CE-2302008-85A965DC77F84670B54A4E8A1239D281,ce,20.37,0.4526,1.36,6.68,0.0,0.0,0.0,0.0,1,0,1,0,0,0,0
CE-2302008-562397DE8AC6479FA448432AC3405A37,ce,12.27,0.2726,1.46,11.9,0.0,0.0,0.0,0.0,1,0,1,0,0,0,0
CE-2302008-9F43E0C40C68419BA1708DE13F763204,ce,3.05,0.0678,0.14,4.59,0.0,0.0,0.0,0.0,1,0,1,0,0,0,0
CE-2302206-08C08EC1F0814ECC9C79E4DE600C61D4,ce,0.94,0.0337,0.0,0.0,0.0,0.0,0.0,0.0,2,0,1,0,0,0,0
CE-2300101-BA803022D11343319A6CD2C086D33DEB,ce,0.17,0.0038,0.0,0.0,0.0,0.0,0.0,0.0,2,0,1,0,0,0,0
CE-2301604-5CE9148CE8544A76874084EDF62E1612,ce,1.34,0.0267,0.0,0.0,0.0,0.0,0.0,0.0,2,0,1,0,0,0,0
CE-2301604-8CFBFEFA1C944ABABB2CC7F22B1544D3,ce,0.59,0.0118,0.0,0.0,0.0,0.0,0.0,0.0,2,0,1,0,0,0,0
CE-2302206-0432296032DA43628A2A3B2996CD8319,ce,7.0,0.2499,1.35,19.29,0.0,0.0,0.0,0.0,1,0,1,0,0,0,0
CE-2302008-8CB0366860CD4ED0914EE753165A5AA6,ce,77.54,1.7232,3.92,5.06,0.0,0.0,0.0,0.0,1,0,1,0,0,0,0
CE-2302008-6278E7266F814F2292B95317CC6C1AC1,ce,166.97,3.7104,15.55,9.31,0.0,0.0,0.0,0.0,1,0,1,0,0,0,0
CE-2302008-3B0344DEDF004C14957A702F377A756C,ce,13.29,0.2953,0.94,7.07,0.0,0.0,0.0,0.0,1,0,1,0,0,0,0
CE-2300101-87FE58E4605246D6928D3CB1C0DFDBE3,ce,4.32,0.096,0.0,0.0,0.0,0.0,0.0,0.0,2,0,1,0,0,0,0
CE-2301604-ECC88B167D8A469388FB1BCEE14F6D57,ce,57.91,1.1582,0.0,0.0,0.0,0.0,0.0,0.0,2,0,1,0,0,0,0
CE-2301604-E47A712778224691B1B5763935612AAF,ce,73.84,1.4767,5.65,7.65,0.0,0.0,0.0,0.0,1,0,1,0,0,0,0
CE-2302008-B4322DF543314A1DB3D33C5CEB3CC56E,ce,113.18,2.5151,7.0,6.18,0.0,0.0,0.0,0.0,1,0,1,0,0,0,0
CE-2302008-04FB734C68F2450B9C5BEB131F5D9A2E,ce,13.54,0.301,0.0,0.0,0.0,0.0,0.0,0.0,2,0,1,0,0,0,0
CE-2301604-09EF36DEE30E437190235A374E9DC9E6,ce,14.32,0.2822,1.47,10.27,0.0,0.0,0.0,0.0,1,0,1,0,0,0,0
CE-2300150-A97ABB5C1D934866ADA361B6946151D3,ce,35.24,1.0069,3.79,10.75,0.0,0.0,0.0,0.0,1,0,1,0,0,0,0
CE-2302008-91BC80F647924C0E8F1BF52D312544B1,ce,12.48,0.2772,0.35,2.81,0.0,0.0,0.0,0.0,1,0,1,0,0,0,0
CE-2308302-B020E59909D746AEB1A3A783DE812861,ce,139.26,3.0947,0.89,0.64,0.0,0.0,0.0,0.0,1,0,1,0,0,0,0
CE-2301604-1845255B8405404EB3A19EA404FEFA9B,ce,27.12,0.5424,0.57,2.1,0.0,0.0,0.0,0.0,1,0,1,0,0,0,0
CE-2301851-258572A3CF8D4FF6B22BE6388694A037,ce,5.86,0.1172,0.0,0.0,0.0,0.0,0.0,0.0,2,0,1,0,0,0,0
CE-2301851-29262E7BAFE945E09A367E636F0C24C1,ce,68.99,1.3798,0.66,0.96,0.0,0.0,0.0,0.0,1,0,1,0,0,0,0
CE-2301604-9C341E125E2B4385A60DBBB900234D12,ce,3.52,0.0704,0.0,0.0,0.0,0.0,0.0,0.0,2,0,1,0,0,0,0
CE-2300101-C7941C3714784D8499886567491556C7,ce,5.09,0.1131,0.01,0.2,0.0,0.0,0.0,0.0,1,0,1,0,0,0,0
CE-2302008-1316C44D1264484CAD244B63CB030187,ce,12.78,0.284,0.27,2.11,0.0,0.0,0.0,0.0,1,0,1,0,0,0,0
CE-2301604-9ED5285EBD384D6883255BFF039AC922,ce,7.25,0.1451,0.0,0.0,0.0,0.0,0.0,0.0,2,0,1,0,0,0,0
CE-2302008-73CCFAB26349499B81515395C3B641A7,ce,10.7,0.2378,0.0,0.0,0.0,0.0,0.0,0.0,2,0,1,0,0,0,0
CE-2300101-8825D5DFA8E14BAE887EDE46B5E84051,ce,21.77,0.4838,0.27,1.24,0.0,0.0,0.0,0.0,1,0,1,0,0,0,0
CE-2301604-189917C789E44E15AF60822DFD482D02,ce,25.04,0.5007,0.18,0.72,0.0,0.0,0.0,0.0,1,0,1,0,0,0,0
CE-2302008-39638D7FFCB4465F92B5963A3DBF2FEC,ce,1.49,0.0332,0.01,0.67,0.0,0.0,0.0,0.0,1,0,1,0,0,0,0
CE-2301604-AD3CBFC62D1C496BB472CA575AFA8C90,ce,23.17,0.4634,0.13,0.56,0.0,0.0,0.0,0.0,1,0,1,0,0,0,0
CE-2302008-A0455061F56648F08955E2F650D4956F,ce,1.51,0.0337,0.01,0.66,0.0,0.0,0.0,0.0,1,0,1,0,0,0,0
CE-2301851-785BECB514E142BB8782CA113AF17ED1,ce,76.54,1.5307,3.14,4.1,0.0,0.0,0.0,0.0,1,0,1,0,0,0,0
CE-2301604-6AF4D111DE664C8BABE99B9CE0B47DD1,ce,0.98,0.0197,0.0,0.0,0.0,0.0,0.0,0.0,2,0,1,0,0,0,0
CE-2301604-D45FDD9B96644984A9B2A38B5ED03F5E,ce,7.06,0.1412,0.02,0.28,0.0,0.0,0.0,0.0,1,0,1,0,0,0,0
CE-2301604-6FB3276B2ABA44A589A311C19889BA2F,ce,18.2,0.3641,0.14,0.77,0.0,0.0,0.0,0.0,1,0,1,0,0,0,0
CE-2301604-A146E24B9BFC43DFABFF9D8A73A65D91,ce,131.14,2.6228,0.36,0.27,0.0,0.0,0.0,0.0,1,0,1,0,0,0,0
CE-2302206-014D2B5096194B57A1F2AFC2F4615788,ce,3.75,0.1341,0.78,20.78,0.0,0.0,0.0,0.0,0,0,1,0,0,0,0
CE-2300101-D87134E409B24A1BAB343387F94FF87D,ce,2.52,0.0561,0.06,2.38,0.0,0.0,0.0,0.0,1,0,1,0,0,0,0
CE-2301851-AD173E39E29949A79A993F30EB7C5641,ce,37.16,0.7431,0.36,0.97,0.0,0.0,0.0,0.0,1,0,1,0,0,0,0
CE-2301604-5A2A2EB35F1E49D88364F644FF642E01,ce,15.08,0.3015,2.79,18.51,0.0,0.0,0.0,0.0,1,0,1,0,0,0,0
CE-2300101-5A6FBC87BC6F481F8819FE967E1A7007,ce,0.74,0.0165,0.0,0.0,0.0,0.0,0.0,0.0,2,0,1,0,0,0,0
CE-2301851-5714106D018A4DCFBEABFF757AD5C8EA,ce,14.7,0.294,0.54,3.67,0.0,0.0,0.0,0.0,1,0,1,0,0,0,0
CE-2302008-BFB13DAF37E349E0838AF676DEC23143,ce,6.53,0.1451,1.74,26.64,0.0,0.0,0.0,0.0,0,0,1,0,0,0,0
CE-2302206-12D6457FBB164A5C97A15C21D3EC2E99,ce,4.07,0.1452,2.15,52.87,0.0,0.0,0.0,0.0,0,0,1,0,0,0,0
CE-2300101-106781D2F1E24B5EA47EB211A6C3C73A,ce,6.75,0.15,0.11,1.63,0.0,0.0,0.0,0.0,1,0,1,0,0,0,0
CE-2301851-F7D329D8FF0541A6AAA8A1BFC2AE508B,ce,86.92,1.7383,0.62,0.71,0.0,0.0,0.0,0.0,1,0,1,0,0,0,0
CE-2300150-0279FC47782249308CD32F04625ACEFC,ce,12.64,0.4014,1.53,12.11,0.0,0.0,0.0,0.0,1,0,1,0,0,0,0
CE-2302008-3E1EF6A8131F4737A25B9A55446F0638,ce,149.94,3.332,8.81,5.88,0.0,0.0,0.0,0.0,1,0,1,0,0,0,0
CE-2300101-14C5E649A51F415A93C35E1243CBD563,ce,63.09,1.4021,3.5,5.55,0.0,0.0,0.0,0.0,1,0,1,0,0,0,0
CE-2302008-88464DA3E1B649AAA331A9125990B445,ce,1.85,0.041,0.0,0.0,0.0,0.0,0.0,0.0,2,0,1,0,0,0,0
CE-2301851-D7335AC48654490F83334DA0558EF6F0,ce,117.46,2.3492,3.38,2.88,0.0,0.0,0.0,0.0,1,0,1,0,0,0,0
CE-2300101-056C2D6BDE6C4B57965D4E3F3EBD20E9,ce,5.41,0.1203,0.0,0.0,0.0,0.0,0.0,0.0,2,0,1,0,0,0,0
CE-2302008-97E7FE095B2A43B5B7FAAE12CDE40D7D,ce,60.74,1.3497,2.55,4.2,0.0,0.0,0.0,0.0,1,0,1,0,0,0,0
CE-2302008-03AED7CEBBD0428099080AEFC1135C6B,ce,7.13,0.1585,0.0,0.0,0.0,0.0,0.0,0.0,2,0,1,0,0,0,0
CE-2301851-1491F083400C4463958A6397892B1A50,ce,5.47,0.1095,0.18,3.29,0.0,0.0,0.0,0.0,1,0,1,0,0,0,0
CE-2300101-BD797963F0914285BB970FC32B8BEE49,ce,1.1,0.0243,0.0,0.0,0.0,0.0,0.0,0.0,2,0,1,0,0,0,0
CE-2300101-ED4ED004305A4CCDB0C81F9323116199,ce,0.48,0.0108,0.0,0.0,0.0,0.0,0.0,0.0,2,0,1,0,0,0,0
CE-2301604-D905B981365841DABD5FFF9216C9DEFC,ce,0.55,0.0109,0.0,0.0,0.0,0.0,0.0,0.0,2,0,1,0,0,0,0
CE-2301851-7D429B7524394E06916F8E1246166015,ce,2.33,0.0466,0.0,0.0,0.0,0.0,0.0,0.0,2,0,1,0,0,0,0
CE-2301851-832EDEF60EC04C1B9A571AED665A9EDC,ce,16.81,0.3362,0.0,0.0,0.0,0.0,0.0,0.0,2,0,1,0,0,0,0
CE-2301604-8E99E1ADB96E487B9E48DEFF863403F2,ce,17.27,0.3454,0.68,3.94,0.0,0.0,0.0,0.0,1,0,1,0,0,0,0
CE-2302008-E32624B3D2334BACB8B86EBB52443C3A,ce,178.57,3.9682,4.79,2.68,0.0,0.0,0.0,0.0,1,0,1,0,0,0,0
CE-2313252-166E12EBAD9449209C7A65F548FF57C3,ce,87.26,1.7453,1.11,1.27,0.0,0.0,0.0,0.0,1,0,1,0,0,0,0
CE-2302008-0D17998991954C419489D01BBA5F6401,ce,48.02,1.067,0.94,1.96,0.0,0.0,0.0,0.0,1,0,1,0,0,0,0
CE-2301851-02165E60B7F94830A11C0395228AB56B,ce,71.25,1.425,0.43,0.6,0.0,0.0,0.0,0.0,1,0,1,0,0,0,0
CE-2300101-0499678715324EED87E2CD8942EE0350,ce,1.24,0.0275,0.15,12.13,0.0,0.0,0.0,0.0,1,0,1,0,0,0,0
CE-2301851-41EE8AE3DB36433A87428A1AFF99363E,ce,283.1,5.6621,4.35,1.54,0.0,0.0,0.0,0.0,1,0,1,0,0,0,0
CE-2301604-BB6DD9A3E6B44F13B19ED5F798726FE8,ce,22.46,0.4492,0.56,2.49,0.0,0.0,0.0,0.0,1,0,1,0,0,0,0
CE-2300101-0481E56AACAF4241A97E1A512F8280EE,ce,0.19,0.0041,0.0,0.0,0.0,0.0,0.0,0.0,2,0,1,0,0,0,0
CE-2301604-AC4810CDE0434E05AC54060A39E89F76,ce,0.88,0.0177,0.0,0.0,0.0,0.0,0.0,0.0,2,0,1,0,0,0,0
CE-2302008-5F99D76591E24603BF54E80A3B7821AD,ce,1.25,0.0277,0.06,4.82,0.0,0.0,0.0,0.0,1,0,1,0,0,0,0
CE-2301604-02770DCB4D63474AADA1D2ED89D321EC,ce,6.83,0.1367,0.52,7.61,0.0,0.0,0.0,0.0,1,0,1,0,0,0,0
CE-2300101-120CE085A2F44C1185315C5C5BBA24A1,ce,22.0,0.489,1.93,8.77,0.0,0.0,0.0,0.0,1,0,1,0,0,0,0
CE-2302206-21923A9AAA9B438F9CE9A2E3720F88AF,ce,6.24,0.2229,0.0,0.0,0.0,0.0,0.0,0.0,2,0,1,0,0,0,0
CE-2302008-7A574B49F60E489EB74C27233C23A03B,ce,14.75,0.3277,0.37,2.51,0.0,0.0,0.0,0.0,1,0,1,0,0,0,0
CE-2302008-A91D2C7CACD44F34B9AFA7AA12AFAF86,ce,46.32,1.0293,0.04,0.09,0.0,0.0,0.0,0.0,1,0,1,0,0,0,0
CE-2301604-0F1E7782D96C4709998CC83A4980627A,ce,6.11,0.1222,0.0,0.0,0.0,0.0,0.0,0.0,2,0,1,0,0,0,0
CE-2300101-ACA76F4DE725469E87AF9A4DA2B40A6B,ce,19.47,0.4327,0.36,1.85,0.0,0.0,0.0,0.0,1,0,1,0,0,0,0
CE-2302206-1270EC225DB9456B932B052D3B6510ED,ce,33.61,1.2005,10.67,31.74,0.0,0.0,0.0,0.0,0,0,1,0,0,0,0
CE-2302008-2372863A52D44718AD07E5E28DCDBE14,ce,13.4,0.2977,0.69,5.15,0.0,0.0,0.0,0.0,1,0,1,0,0,0,0
CE-2300101-3FB76969F5564691B960C8EB9C302F03,ce,109.39,2.4309,1.06,0.97,0.0,0.0,0.0,0.0,1,0,1,0,0,0,0
CE-2300101-36EBF6BB4A714D11BEDCB84473465C05,ce,0.28,0.0062,0.0,0.0,0.0,0.0,0.0,0.0,2,0,1,0,0,0,0
CE-2301604-31BBF7DA5790497089E47CC4BF2F65EC,ce,16.92,0.3385,3.81,22.51,0.0,0.0,0.0,0.0,0,0,1,0,0,0,0
CE-2302008-9F34AFEC43D34DCBA28059B93D317794,ce,1.38,0.0307,0.0,0.0,0.0,0.0,0.0,0.0,2,0,1,0,0,0,0
CE-2301604-C68D8A1E32FF4C8F8E846E082FCA05C5,ce,17.58,0.3515,3.5,19.91,0.0,0.0,0.0,0.0,1,0,1,0,0,0,0
CE-2302008-D1F36E9F29364EDD953F2864E44D7F42,ce,5.5,0.1223,0.66,12.0,0.0,0.0,0.0,0.0,1,0,1,0,0,0,0
CE-2301604-5820275D19064E0CBAF572B3F6E0CC88,ce,22.44,0.4489,0.97,4.32,0.0,0.0,0.0,0.0,1,0,1,0,0,0,0
CE-2301851-467A26A2888A4AFB8A43B9321A9DB35F,ce,210.38,4.2075,1.96,0.93,0.0,0.0,0.0,0.0,1,0,1,0,0,0,0
CE-2301604-94B0FD3DA8654E06BCC9A56C064ACC3F,ce,26.84,0.5369,0.24,0.89,0.0,0.0,0.0,0.0,1,0,1,0,0,0,0
CE-2301851-182548F8C72A4D5A8F0F1747BE15D472,ce,20.3,0.406,0.0,0.0,0.0,0.0,0.0,0.0,2,0,1,0,0,0,0
CE-2302008-9DCED032C93C40DEBEFFED01E2E248B0,ce,5.92,0.1317,0.01,0.17,0.0,0.0,0.0,0.0,1,0,1,0,0,0,0
CE-2300101-70152428EBF448B3AD3A5962C55AAFE5,ce,0.14,0.0031,0.0,0.0,0.0,0.0,0.0,0.0,2,0,1,0,0,0,0
CE-2302008-3B7E877B4C674F3DBBAA29373C0C9FB4,ce,36.85,0.819,2.37,6.43,0.0,0.0,0.0,0.0,1,0,1,0,0,0,0
CE-2301604-25444BB0ADE44DD0AE35CF512F75E15B,ce,5.98,0.1197,0.35,5.85,0.0,0.0,0.0,0.0,1,0,1,0,0,0,0
CE-2300101-8065B17EFEDF47F9B1E6E6A714DEAE45,ce,7.11,0.1581,0.29,4.08,0.0,0.0,0.0,0.0,1,0,1,0,0,0,0
CE-2302008-DDCE5399E0AC47258BA4D58758726082,ce,90.0,1.9999,16.07,17.86,0.0,0.0,0.0,0.0,1,0,1,0,0,0,0
CE-2301604-449BBE2DA21C41C79BF089C4D372C4F9,ce,3.84,0.0768,0.07,1.82,0.0,0.0,0.0,0.0,1,0,1,0,0,0,0
CE-2301604-B0F04FF53B4C4F64A014DC6814BD0F06,ce,376.06,7.5193,7.45,1.98,0.0,0.0,0.0,0.0,1,0,1,0,0,0,0
CE-2301604-499BC2CB560D4E89803DBC115E86570D,ce,36.13,0.7226,0.2,0.55,0.0,0.0,0.0,0.0,1,0,1,0,0,0,0
CE-2302008-B20B4BD97BBC4DCBA6D35AFA5CB4EDA3,ce,0.26,0.0058,0.0,0.0,0.0,0.0,0.0,0.0,2,0,1,0,0,0,0
CE-2301604-C6B26933E54747A5AF2E26C5A760F7AC,ce,259.37,5.1873,21.34,8.23,0.0,0.0,0.0,0.0,1,0,1,0,0,0,0
CE-2300101-DD21B97A090149EFBB9295C90EDC9AE8,ce,1.01,0.0224,0.35,34.77,0.0,0.0,0.0,0.0,0,0,1,0,0,0,0
CE-2301604-5D57CDC6117E400EBF792B537CBC7EE4,ce,42.78,0.8557,0.08,0.19,0.0,0.0,0.0,0.0,1,0,1,0,0,0,0
CE-2300101-A91013B1F59E420C9FE59315504A0794,ce,0.63,0.0141,0.0,0.0,0.0,0.0,0.0,0.0,2,0,1,0,0,0,0
CE-2301604-963C67B08EBD46E996AC4F801F6BF033,ce,49.76,0.9953,6.5,13.06,0.0,0.0,0.0,0.0,1,0,1,0,0,0,0
CE-2301604-FAEC00A812BE447CA302DAF860279220,ce,311.08,6.2217,61.28,19.7,0.0,0.0,0.0,0.0,1,0,1,0,0,0,0
CE-2302008-60057E006DBB4C3C8E986BB1315AD26C,ce,1.69,0.0376,0.09,5.33,0.0,0.0,0.0,0.0,1,0,1,0,0,0,0
CE-2300101-2EEFC588C6954E7697F3E63EF8B7F1F3,ce,5.1,0.1132,0.0,0.0,0.0,0.0,0.0,0.0,2,0,1,0,0,0,0
CE-2301604-8D09C742B35B422695278AA7336028BF,ce,0.45,0.0089,0.0,0.0,0.0,0.0,0.0,0.0,2,0,1,0,0,0,0
CE-2302206-05339AA84A8449C3A8DDC44CF211CEAD,ce,2.13,0.076,0.0,0.0,0.0,0.0,0.0,0.0,2,0,1,0,0,0,0
CE-2300101-57755D1E24BE4100B47F2A493CF01283,ce,24.29,0.5399,3.25,13.38,0.0,0.0,0.0,0.0,1,0,1,0,0,0,0
CE-2302008-9B27ECAFFB574037A3961BA02924023C,ce,20.51,0.4558,0.27,1.32,0.0,0.0,0.0,0.0,1,0,1,0,0,0,0
CE-2300101-5AFFB932951545E89146CE939F589D37,ce,0.66,0.0146,0.0,0.0,0.0,0.0,0.0,0.0,2,0,1,0,0,0,0
CE-2302008-D51E56CF00EA4CF2A8545C1567FA6AAC,ce,1.29,0.0286,0.0,0.0,0.0,0.0,0.0,0.0,2,0,1,0,0,0,0
CE-2300101-385DF9AC57DA49179E53999698F54A41,ce,1.66,0.0369,0.0,0.0,0.0,0.0,0.0,0.0,2,0,1,0,0,0,0
CE-2301604-61B55366538B4F8D9244273B54E76DAD,ce,11.42,0.2284,0.0,0.0,0.0,0.0,0.0,0.0,2,0,1,0,0,0,0
CE-2302008-9DF03110C0764CA4926CDCE517D2DC2D,ce,12.55,0.2789,0.3,2.39,0.0,0.0,0.0,0.0,1,0,1,0,0,0,0
CE-2302008-59ADEFB88E5A46A6B2DAEA584C402299,ce,12.51,0.278,1.34,10.71,0.0,0.0,0.0,0.0,1,0,1,0,0,0,0
CE-2302206-2B12FAB92A814432BD6AD2F027F1754B,ce,0.93,0.033,0.0,0.0,0.0,0.0,0.0,0.0,2,0,1,0,0,0,0
CE-2301604-F9F8B95E07E0449EB56676494D842AB7,ce,2.64,0.0528,0.0,0.0,0.0,0.0,0.0,0.0,2,0,1,0,0,0,0
CE-2302008-B14C6430205B4FECB9AE5735D85F183A,ce,29.93,0.6651,1.3,4.34,0.0,0.0,0.0,0.0,1,0,1,0,0,0,0
CE-2301851-D47EDF5087E64BAFBDDA18BC86575501,ce,53.43,1.0686,0.01,0.02,0.0,0.0,0.0,0.0,1,0,1,0,0,0,0
CE-2301851-CF2ECD2A88C7496E8263C1D43FDAABF4,ce,2.31,0.0461,0.18,7.81,0.0,0.0,0.0,0.0,1,0,1,0,0,0,0
CE-2302008-860B74469B1F465B91DB6B6508DC8B98,ce,2.69,0.0599,0.0,0.0,0.0,0.0,0.0,0.0,2,0,1,0,0,0,0
CE-2301604-3B9463983AB14289BF8AA01D0D9407DF,ce,0.64,0.0127,0.0,0.0,0.0,0.0,0.0,0.0,2,0,1,0,0,0,0
CE-2302008-8F732E1577CF4D0DB10B50433C3E46D0,ce,1.71,0.0381,0.0,0.0,0.0,0.0,0.0,0.0,2,0,1,0,0,0,0
CE-2301851-A747F911C6C74A8C868EAE7E14CD2EDD,ce,13.45,0.2689,0.0,0.0,0.0,0.0,0.0,0.0,2,0,1,0,0,0,0
CE-2302008-C3181E5D9B4C4EE7A97252A2ECE2B189,ce,21.81,0.4846,0.22,1.01,0.0,0.0,0.0,0.0,1,0,1,0,0,0,0
CE-2300101-DB04C653B9A5460AA59AE3AC53E1F0F9,ce,5.99,0.1331,0.45,7.51,0.0,0.0,0.0,0.0,1,0,1,0,0,0,0
CE-2302206-0E3BAB41DD8347BCB30ACC2967428782,ce,4.05,0.1447,3.27,80.73,0.0,0.0,0.0,0.0,0,0,1,0,0,0,0
CE-2301604-ABF5E5490F59440684201893CB37FFA3,ce,7.29,0.1458,0.26,3.57,0.0,0.0,0.0,0.0,1,0,1,0,0,0,0
CE-2302008-A6BFCC2C4956402BAA6E877F415E5BED,ce,16.54,0.3675,3.26,19.71,0.0,0.0,0.0,0.0,1,0,1,0,0,0,0
CE-2302008-4D90B1FABF264091AB78B92E377FD5C1,ce,46.35,1.03,4.45,9.6,0.0,0.0,0.0,0.0,1,0,1,0,0,0,0
CE-2301604-71A2B0D07382471FA880EE9D51F0BAF2,ce,0.64,0.0127,0.09,14.12,0.0,0.0,0.0,0.0,1,0,1,0,0,0,0
CE-2301851-0D65EE92929544088C15570CF5A9E9DE,ce,9.85,0.197,0.0,0.0,0.0,0.0,0.0,0.0,2,0,1,0,0,0,0
CE-2300101-A7BDA507016741988B795B7E13E8A1F1,ce,0.49,0.0108,0.0,0.0,0.0,0.0,0.0,0.0,2,0,1,0,0,0,0
CE-2300101-490EE1D2C08A44E181CFFF90CFD7C907,ce,0.28,0.0063,0.0,0.0,0.0,0.0,0.0,0.0,2,0,1,0,0,0,0
CE-2301851-4C5D07879602416D9993B72048E168D2,ce,11.23,0.2246,0.0,0.0,0.0,0.0,0.0,0.0,2,0,1,0,0,0,0
CE-2311306-2E359F5E5207490F8A6B3564B5655269,ce,127.23,2.5445,1.34,1.05,0.0,0.0,0.0,0.0,1,0,1,0,0,0,0
CE-2301604-BB1D481A6A0142CC8E3EC0B0B8C77528,ce,2.61,0.0522,0.21,8.04,0.0,0.0,0.0,0.0,1,0,1,0,0,0,0
CE-2301604-FAD558B3647A40A18AD2D06071173CE2,ce,64.72,1.2944,16.1,24.88,0.0,0.0,0.0,0.0,0,0,1,0,0,0,0
CE-2300101-C63A33D442074DF2A3CA77CCF108FB6C,ce,11.26,0.2503,1.31,11.63,0.0,0.0,0.0,0.0,1,0,1,0,0,0,0
CE-2301604-36E1BAF0BE5745E388A851489B362A11,ce,1.85,0.0369,0.0,0.0,0.0,0.0,0.0,0.0,2,0,1,0,0,0,0
CE-2301851-CF362E21399743CAB76F73E067AD180E,ce,18.03,0.3606,0.36,2.0,0.0,0.0,0.0,0.0,1,0,1,0,0,0,0
CE-2302008-5514C2C34E994C93885E2D67B41E3CF0,ce,108.37,2.4082,5.85,5.4,0.0,0.0,0.0,0.0,1,0,1,0,0,0,0
CE-2302008-8A38A15D05D44F22AFCC71C15333FEB8,ce,1.29,0.0286,0.0,0.0,0.0,0.0,0.0,0.0,2,0,1,0,0,0,0
CE-2301604-707B73ABAAB843A197498F37F240188B,ce,2.83,0.0566,0.0,0.0,0.0,0.0,0.0,0.0,2,0,1,0,0,0,0
CE-2301604-CD013EF5A15F43D7A7D9B9EAE3EC93FA,ce,0.75,0.0149,0.0,0.0,0.0,0.0,0.0,0.0,2,0,1,0,0,0,0
CE-2300101-EFA9028D79BA418B8BE2B0B7E164A9F6,ce,2.03,0.0451,0.0,0.0,0.0,0.0,0.0,0.0,2,0,1,0,0,0,0
CE-2300150-00E897FE92BB4687A1F0C7F7C9EA56B7,ce,54.39,1.5541,3.87,7.11,0.0,0.0,0.0,0.0,1,0,1,0,0,0,0
CE-2301851-CB3459F753F0419F92B091CC5BC90942,ce,39.04,0.7809,0.59,1.51,0.0,0.0,0.0,0.0,1,0,1,0,0,0,0
CE-2301604-55B3ED47CB684E80BB98DB400BF94DE1,ce,6.64,0.1328,0.0,0.0,0.0,0.0,0.0,0.0,2,0,1,0,0,0,0
CE-2301604-516FCC67B84D4C7E98E72CB2470FCDCB,ce,16.7,0.3339,0.0,0.0,0.0,0.0,0.0,0.0,2,0,1,0,0,0,0
CE-2301604-DEC13B03AC514CB89E5EE7101A1CB1A1,ce,0.36,0.0072,0.0,0.0,0.0,0.0,0.0,0.0,2,0,1,0,0,0,0
CE-2302008-8C098701BA68454B9461ECA68A430091,ce,11.08,0.2462,0.04,0.36,0.0,0.0,0.0,0.0,1,0,1,0,0,0,0
CE-2300101-0EE110D6B21C4D5881AFA60A13F2DBCA,ce,0.38,0.0084,0.0,0.0,0.0,0.0,0.0,0.0,2,0,1,0,0,0,0
CE-2302206-12FCF6E04FED490386E981E5FD602552,ce,1.15,0.041,0.01,0.87,0.0,0.0,0.0,0.0,1,0,1,0,0,0,0
CE-2301851-E8AF58B272114F5DA51CDA15E41D4DF8,ce,32.36,0.6473,2.6,8.03,0.0,0.0,0.0,0.0,1,0,1,0,0,0,0
CE-2301604-C06E8E71AB8C49B89735A28D239D14BD,ce,49.14,0.9828,1.2,2.44,0.0,0.0,0.0,0.0,1,0,1,0,0,0,0
CE-2302008-6D93FA55AD414DFE9C6584A7B10C9088,ce,6.41,0.1424,0.05,0.78,0.0,0.0,0.0,0.0,1,0,1,0,0,0,0
CE-2301604-90356A21F1DD4DF5B2DAF1514280CC7B,ce,0.67,0.0135,0.0,0.0,0.0,0.0,0.0,0.0,2,0,1,0,0,0,0
CE-2302206-26516EBA08864665A42221BC8FFB84BF,ce,19.35,0.6911,2.0,10.34,0.0,0.0,0.0,0.0,1,0,1,0,0,0,0
CE-2301604-B64BC8179A7C4CB6B963ABC0EFA5BDB0,ce,22.07,0.4413,0.44,1.99,0.0,0.0,0.0,0.0,1,0,1,0,0,0,0
CE-2301604-6EC00B9945894EB2AA37C00EE1F04392,ce,0.29,0.0058,0.0,0.0,0.0,0.0,0.0,0.0,2,0,1,0,0,0,0
CE-2301604-D9433112EA3C47EB9DDEB5BB924BE8AA,ce,0.23,0.0046,0.0,0.0,0.0,0.0,0.0,0.0,2,0,1,0,0,0,0
CE-2302008-3A9D4E11D90E40558B05881F97E50E39,ce,39.7,0.8823,5.23,13.17,0.0,0.0,0.0,0.0,1,0,1,0,0,0,0
CE-2302206-044E6EA9DE41477584FCFCDC514D8357,ce,19.43,0.6939,0.51,2.62,0.0,0.0,0.0,0.0,1,0,1,0,0,0,0
CE-2301604-19DB3D2F32FB4E8AB1390921F3AD354E,ce,23.44,0.4688,2.67,11.39,0.0,0.0,0.0,0.0,1,0,1,0,0,0,0
CE-2300101-CC40533B045247989F8237CC789089CD,ce,0.43,0.0096,0.0,0.0,0.0,0.0,0.0,0.0,2,0,1,0,0,0,0
CE-2301851-40D9A67D4EE442299076B784889EE94A,ce,11.97,0.2394,0.67,5.6,0.0,0.0,0.0,0.0,1,0,1,0,0,0,0
CE-2302008-B144009BCBAD4D62BFB4FC1ED5336FE7,ce,343.01,7.6224,8.68,2.53,0.0,0.0,0.0,0.0,1,0,1,0,0,0,0
CE-2301604-E6EF267858684DD294DF4C4306E79A08,ce,23.6,0.4721,0.89,3.77,0.0,0.0,0.0,0.0,1,0,1,0,0,0,0
CE-2301604-825F80F4B624405EB18758BA6DE6349F,ce,135.09,2.5808,2.42,1.79,0.0,0.0,0.0,0.0,1,0,1,0,0,0,0
CE-2300150-1728927C2C274BF48F6B2889C872F6C8,ce,16.73,0.4779,0.0,0.0,0.0,0.0,0.0,0.0,2,0,1,0,0,0,0
CE-2301604-A46536C230FB44F3A13C6E00A759E36E,ce,0.17,0.0034,0.0,0.0,0.0,0.0,0.0,0.0,2,0,1,0,0,0,0
CE-2302008-CDBFD9DF42D3407882823E104119D579,ce,1.33,0.0297,0.0,0.0,0.0,0.0,0.0,0.0,2,0,1,0,0,0,0
CE-2302206-0B1DCBD75183465A8E2528555E3BD1C7,ce,0.82,0.0294,0.36,43.66,0.0,0.0,0.0,0.0,0,0,1,0,0,0,0
CE-2302008-EF5D5648A2164A7595440B94311F4FAF,ce,18.58,0.4128,0.2,1.08,0.0,0.0,0.0,0.0,1,0,1,0,0,0,0
CE-2300101-8DB6F6EDC6194787953B97BCC149C5BF,ce,58.61,1.3025,0.0,0.0,0.0,0.0,0.0,0.0,2,0,1,0,0,0,0
CE-2301851-635000239DEB4209B979408C8C079362,ce,1.56,0.0313,0.0,0.0,0.0,0.0,0.0,0.0,2,0,1,0,0,0,0
CE-2302008-6FDF00C343F54D7D8E9ABBF0468B7437,ce,1.31,0.0292,0.0,0.0,0.0,0.0,0.0,0.0,2,0,1,0,0,0,0
CE-2300150-24543DA758694D728E4FAF9ABA705FC2,ce,1.54,0.044,0.0,0.0,0.0,0.0,0.0,0.0,2,0,1,0,0,0,0
CE-2302008-5323AAECD0D8449AA4AAE9FE2630849D,ce,25.25,0.5611,1.36,5.39,0.0,0.0,0.0,0.0,1,0,1,0,0,0,0
CE-2302701-0496DB8CF26C47018AD2510A64CEA90E,ce,37.69,0.5385,2.62,6.95,0.0,0.0,0.0,0.0,1,0,1,0,0,0,0
CE-2302008-2FFA18182AA04FE3B2CA21BBCDE0D554,ce,5.88,0.1271,2.14,36.4,0.0,0.0,0.0,0.0,0,0,1,0,0,0,0
CE-2300101-0E059BEC34F946A1BA1F1A0DD54859A2,ce,0.99,0.0219,0.0,0.0,0.0,0.0,0.0,0.0,2,0,1,0,0,0,0
CE-2302008-0DB10C4EB1D840979169F2D44714DD1C,ce,15.09,0.3353,1.24,8.22,0.0,0.0,0.0,0.0,1,0,1,0,0,0,0
CE-2302206-27F474A39D01451D88976960EEA17B94,ce,2.38,0.085,0.0,0.0,0.0,0.0,0.0,0.0,2,0,1,0,0,0,0
CE-2302206-143D6AF563E14A51B926E6BEA9D54B69,ce,17.7,0.6322,0.0,0.0,0.0,0.0,0.0,0.0,2,0,1,0,0,0,0
CE-2301851-594534D34B974D4FAB9948AC05414392,ce,17.08,0.3416,0.23,1.35,0.0,0.0,0.0,0.0,1,0,1,0,0,0,0
CE-2301604-770D7551B22F4B7EB6BA542BB374A498,ce,22.05,0.441,2.27,10.3,0.0,0.0,0.0,0.0,1,0,1,0,0,0,0
CE-2301604-0F2C961601B64EF585789527EA1A22C5,ce,8.64,0.1728,0.35,4.05,0.0,0.0,0.0,0.0,1,0,1,0,0,0,0
CE-2301604-40500FA6A5294950B224D273FC6B14B3,ce,82.12,1.6423,4.47,5.44,0.0,0.0,0.0,0.0,1,0,1,0,0,0,0
CE-2301604-BE8BA8ADD6C941C9B9A2252A5F583EBB,ce,9.76,0.1952,0.66,6.76,0.0,0.0,0.0,0.0,1,0,1,0,0,0,0
CE-2301851-405D6697EFB54ECB96C61E8347FE48E9,ce,1.95,0.0389,0.09,4.63,0.0,0.0,0.0,0.0,1,0,1,0,0,0,0
CE-2302008-33F172ADD446476A82E145BFADCC87D3,ce,49.52,1.1004,0.0,0.0,0.0,0.0,0.0,0.0,2,0,1,0,0,0,0
CE-2302008-D47807166EDB446F82CC822E779D0282,ce,5.89,0.1308,0.0,0.0,0.0,0.0,0.0,0.0,2,0,1,0,0,0,0
CE-2301604-085B09A7D112451AA5D9AAABFFC9708F,ce,132.52,2.6505,31.18,23.53,0.0,0.0,0.0,0.0,0,0,1,0,0,0,0
CE-2302008-A2742D6BF21C4D28A47615FDB275A95A,ce,145.75,3.2388,4.15,2.85,0.0,0.0,0.0,0.0,1,0,1,0,0,0,0
CE-2301851-DEB37E36801B4884AF93AFAA076F10F1,ce,15.06,0.3013,0.0,0.0,0.0,0.0,0.0,0.0,2,0,1,0,0,0,0
CE-2302008-73F9BD3473AD476CA1986C080E926E90,ce,11.22,0.2494,0.0,0.0,0.0,0.0,0.0,0.0,2,0,1,0,0,0,0
CE-2301851-959442554D3F4ED8BBC3C2C88172E095,ce,3.39,0.0677,0.06,1.77,0.0,0.0,0.0,0.0,1,0,1,0,0,0,0
CE-2300101-A2D3FB77DB0F401BAC627FA97EE3E242,ce,0.13,0.003,0.0,0.0,0.0,0.0,0.0,0.0,2,0,1,0,0,0,0
CE-2302008-7A44F1CD6A5044079810734A45E84935,ce,9.29,0.2065,0.09,0.97,0.0,0.0,0.0,0.0,1,0,1,0,0,0,0
CE-2302008-281CDEAEEF084087838EBF8350C38C47,ce,17.84,0.3965,0.09,0.5,0.0,0.0,0.0,0.0,1,0,1,0,0,0,0
CE-2300101-F57F9DB9151A4C978A747E2C6B75B2B1,ce,0.5,0.011,0.0,0.0,0.0,0.0,0.0,0.0,2,0,1,0,0,0,0
CE-2301851-F90FC3F3EC784931938FB3D373796834,ce,101.23,2.0246,0.89,0.88,0.0,0.0,0.0,0.0,1,0,1,0,0,0,0
CE-2301604-6FBA148F6E0D442EA381A7DD7B4EBC6E,ce,4.76,0.0953,0.0,0.0,0.0,0.0,0.0,0.0,2,0,1,0,0,0,0
CE-2300101-1297BABFEF414980BBDB88D39FED66C7,ce,145.63,3.2362,11.56,7.94,0.0,0.0,0.0,0.0,1,0,1,0,0,0,0
CE-2301851-3B88936274CB42D485C4683DB503CEAF,ce,1.54,0.0307,0.0,0.0,0.0,0.0,0.0,0.0,2,0,1,0,0,0,0
CE-2302008-E7B649ACB2B7462EA88324E9BEA1AE30,ce,39.36,0.8747,0.67,1.7,0.0,0.0,0.0,0.0,1,0,1,0,0,0,0
CE-2301851-E97B3EF39AC549918A8FE6655FE1A81E,ce,0.2,0.0041,0.0,0.0,0.0,0.0,0.0,0.0,2,0,1,0,0,0,0
CE-2300101-C0CDBE980B5D40EFBC00AF71918D4158,ce,44.34,0.9853,3.44,7.76,0.0,0.0,0.0,0.0,1,0,1,0,0,0,0
CE-2301851-2CD14E358D414DC88D021CF98DA0F45A,ce,70.65,1.3957,0.45,0.64,0.0,0.0,0.0,0.0,1,0,1,0,0,0,0
CE-2302206-1270C2D2FF5D4D9198CAC7364545B40C,ce,0.87,0.0312,0.0,0.0,0.0,0.0,0.0,0.0,2,0,1,0,0,0,0
CE-2302008-B982E44374554C62A88624BAFD8972EC,ce,14.11,0.3136,0.18,1.28,0.0,0.0,0.0,0.0,1,0,1,0,0,0,0
CE-2308302-43531BE57B144407BC52DF7736A71B9E,ce,27.93,0.6207,0.0,0.0,0.0,0.0,0.0,0.0,2,0,1,0,0,0,0
CE-2301851-E7F52A3C793C479D8A9FCFC343C47AE4,ce,431.29,8.6257,6.34,1.47,0.0,0.0,0.0,0.0,1,0,1,0,0,0,0
CE-2300101-702E9C32F07C4B6BBEA066FBC24E4035,ce,19.61,0.4357,1.15,5.87,0.0,0.0,0.0,0.0,1,0,1,0,0,0,0
CE-2302008-08B815D9619843F594DB5138FB19999D,ce,10.54,0.2343,0.08,0.76,0.0,0.0,0.0,0.0,1,0,1,0,0,0,0
CE-2301604-DE35C669AA9A433B92C5A578C0390F46,ce,1.29,0.0258,0.13,10.06,0.0,0.0,0.0,0.0,1,0,1,0,0,0,0
CE-2301851-DEDDA9862C0341D6AD5C6FE0D429D59A,ce,92.94,1.8588,3.67,3.95,0.0,0.0,0.0,0.0,1,0,1,0,0,0,0
CE-2302008-61B7AD9ACFC049809F72BBEDA87E194D,ce,5.71,0.1268,0.18,3.15,0.0,0.0,0.0,0.0,1,0,1,0,0,0,0
CE-2301851-5738B21781D64D36874B989CFE7D2F7E,ce,124.42,2.4883,0.49,0.39,0.0,0.0,0.0,0.0,1,0,1,0,0,0,0
CE-2302008-55E01CABA2804B38B5D007FC6EC35E5B,ce,100.6,2.2355,1.54,1.53,0.0,0.0,0.0,0.0,1,0,1,0,0,0,0
CE-2301604-AD3D350EA0AF45D2B168D86EFEBBA613,ce,0.47,0.0095,0.04,8.46,0.0,0.0,0.0,0.0,1,0,1,0,0,0,0
CE-2301851-72D16ED7FAE6431C8305E1D850EB63B1,ce,30.71,0.6141,0.0,0.0,0.0,0.0,0.0,0.0,2,0,1,0,0,0,0
CE-2302008-EA141D05FDC84D818EC71530927FFB0F,ce,10.52,0.2339,0.0,0.0,0.0,0.0,0.0,0.0,2,0,1,0,0,0,0
CE-2301851-C860D071610048E68D4FF5BC051159C3,ce,168.59,3.3719,1.36,0.81,0.0,0.0,0.0,0.0,1,0,1,0,0,0,0
CE-2302008-033A628D16E04D509111646BBC77EBA1,ce,27.04,0.601,0.57,2.11,0.0,0.0,0.0,0.0,1,0,1,0,0,0,0
CE-2301604-A649A384299D4205863FDFCE4B010CAC,ce,24.41,0.4881,0.47,1.93,0.0,0.0,0.0,0.0,1,0,1,0,0,0,0
CE-2302008-89386C856E4847E3B841275205027A70,ce,75.87,1.6861,11.6,15.29,0.0,0.0,0.0,0.0,1,0,1,0,0,0,0
CE-2302008-83067D651DE04532B28F582B2FF70B65,ce,1.1,0.0245,0.02,1.81,0.0,0.0,0.0,0.0,1,0,1,0,0,0,0
CE-2301604-D6BA481CC7D54815BC47DD6F46DEB3B8,ce,0.36,0.0071,0.0,0.0,0.0,0.0,0.0,0.0,2,0,1,0,0,0,0
CE-2300150-3D7FB983A61D44078691FB71DF526999,ce,3.4,0.0973,0.0,0.0,0.0,0.0,0.0,0.0,2,0,1,0,0,0,0
CE-2301604-A7B21375FCF64500AEAA8C075A723FC3,ce,3.57,0.0714,0.09,2.52,0.0,0.0,0.0,0.0,1,0,1,0,0,0,0
CE-2300150-306CC438CA344B1B9D8C396B17D77245,ce,6.99,0.1998,0.0,0.0,0.0,0.0,0.0,0.0,2,0,1,0,0,0,0
CE-2302008-ED5D77DEFE8143ECA0B681D2CD1356E9,ce,6.78,0.1507,0.0,0.0,0.0,0.0,0.0,0.0,2,0,1,0,0,0,0
CE-2301604-CAA1E24914204D368E216F24E4AA4A78,ce,18.86,0.3771,0.18,0.95,0.0,0.0,0.0,0.0,1,0,1,0,0,0,0
CE-2301604-9B9F08FCB1264F968643E01CD2DD72D9,ce,13.16,0.2633,0.01,0.08,0.0,0.0,0.0,0.0,1,0,1,0,0,0,0
CE-2302008-4D7EF1BD6CA14AB5815F6EF7543F4C59,ce,46.27,1.0281,4.04,8.73,0.0,0.0,0.0,0.0,1,0,1,0,0,0,0
CE-2301851-93656966898146BAB69957736F13D475,ce,68.89,1.3777,0.71,1.03,0.0,0.0,0.0,0.0,1,0,1,0,0,0,0
CE-2301604-E4FB8F5D7E614FDD98AB7CF23BA0FA71,ce,24.3,0.486,0.65,2.67,0.0,0.0,0.0,0.0,1,0,1,0,0,0,0
CE-2301604-ED4DCB92415349D9B32D75542AA86215,ce,67.01,1.3064,11.38,16.98,0.0,0.0,0.0,0.0,1,0,1,0,0,0,0
CE-2302008-CBD367EC50F046689C222FC57CA8AA2E,ce,13.75,0.3056,0.19,1.38,0.0,0.0,0.0,0.0,1,0,1,0,0,0,0
CE-2301604-D78CC2FBEFBD4B41959F0A91352ECF75,ce,1.14,0.0227,0.0,0.0,0.0,0.0,0.0,0.0,2,0,1,0,0,0,0
CE-2302008-63B0FA7E7014428BAD1A43C18CB59D34,ce,2.7,0.06,0.0,0.0,0.0,0.0,0.0,0.0,2,0,1,0,0,0,0
CE-2302008-B86B6B62323B432D833D1C04A41F049A,ce,8.06,0.179,0.08,0.99,0.0,0.0,0.0,0.0,1,0,1,0,0,0,0
CE-2300150-2A61F637BAD0435F8C638FA7CD688FC1,ce,7.64,0.2184,0.45,5.89,0.0,0.0,0.0,0.0,1,0,1,0,0,0,0
CE-2301604-DAD7EAF6D10045CAA17D146E965A1609,ce,13.8,0.2759,0.21,1.52,0.0,0.0,0.0,0.0,1,0,1,0,0,0,0
CE-2302008-B5C48393C87C4365968695D6C9CE3D4B,ce,1.7,0.0379,0.0,0.0,0.0,0.0,0.0,0.0,2,0,1,0,0,0,0
CE-2302008-13B97FD1C1CD4FC9A7FA2009F5D1994E,ce,25.14,0.5586,0.86,3.42,0.0,0.0,0.0,0.0,1,0,1,0,0,0,0
CE-2301851-7D2FCCF1692F43B3AEF8F512B0839E7A,ce,71.39,1.396,1.49,2.09,0.0,0.0,0.0,0.0,1,0,1,0,0,0,0
CE-2302008-7ED1A8B231A44D0AA52300730A62A843,ce,18.21,0.4046,0.9,4.94,0.0,0.0,0.0,0.0,1,0,1,0,0,0,0
CE-2301604-79F0FDC8FAB04ACC8679E28BBD5FCD5D,ce,2.3,0.046,0.0,0.0,0.0,0.0,0.0,0.0,2,0,1,0,0,0,0
CE-2300101-442111082CCA46A3ACE290323BBD9C63,ce,72.75,1.6564,16.51,22.7,0.0,0.0,0.0,0.0,0,0,1,0,0,0,0
CE-2300150-83FBF48845004887B4163ABFEB4F98AE,ce,0.13,0.0038,0.0,0.0,0.0,0.0,0.0,0.0,2,0,1,0,0,0,0
CE-2302008-212BFD59661A41DE8E4FAC0C2664DDA3,ce,178.22,3.921,11.5,6.45,0.0,0.0,0.0,0.0,1,0,1,0,0,0,0
CE-2301604-E5CD5E9B27B74CACACA9FBEE1863C49B,ce,0.86,0.0171,0.0,0.0,0.0,0.0,0.0,0.0,2,0,1,0,0,0,0
CE-2301604-92FA7C9C110B4980B1CE617525BF3042,ce,0.13,0.0026,0.03,22.88,0.0,0.0,0.0,0.0,0,0,1,0,0,0,0
CE-2302008-6B0B3A8F44864D43A1D943880CFCCD5A,ce,51.43,1.1429,0.85,1.65,0.0,0.0,0.0,0.0,1,0,1,0,0,0,0
CE-2301604-113346AF0CC64B52AA8211514F6CBEFD,ce,0.39,0.0078,0.0,0.0,0.0,0.0,0.0,0.0,2,0,1,0,0,0,0
CE-2301604-70A1679322224D1DAF5314DE65460847,ce,11.13,0.2226,0.09,0.81,0.0,0.0,0.0,0.0,1,0,1,0,0,0,0
CE-2301851-1BFCCD739CF740F0AD66B0A40CB92FE6,ce,20.18,0.4036,0.09,0.45,0.0,0.0,0.0,0.0,1,0,1,0,0,0,0
CE-2301604-E7EE18A310AB4532B7B133A6B3ABF930,ce,10.34,0.2067,0.0,0.0,0.0,0.0,0.0,0.0,2,0,1,0,0,0,0
CE-2302008-507D22D7149B4DB18C67A7764D9DC2BD,ce,20.26,0.4501,1.15,5.68,0.0,0.0,0.0,0.0,1,0,1,0,0,0,0
CE-2302008-50B87EC60CEE436098794304119B2750,ce,28.35,0.6299,3.98,14.04,0.0,0.0,0.0,0.0,1,0,1,0,0,0,0
CE-2302008-52F1C26753234519A138178A28464574,ce,16.63,0.3692,0.19,1.14,0.0,0.0,0.0,0.0,1,0,1,0,0,0,0
CE-2302008-EEA399687AB84AB2BDFB213C9E224D2E,ce,6.89,0.1532,0.07,1.02,0.0,0.0,0.0,0.0,1,0,1,0,0,0,0
CE-2301604-E0DB55AE379D4AAAAD89B836C114B6C3,ce,94.4,1.888,1.26,1.33,0.0,0.0,0.0,0.0,1,0,1,0,0,0,0
CE-2300150-FDE4BE1BD1714C818735AA3CF2021243,ce,0.3,0.0086,0.0,0.0,0.0,0.0,0.0,0.0,2,0,1,0,0,0,0
CE-2302008-4F77B541F0CB4C0DA5ED633298E3D0E1,ce,20.4,0.4533,0.79,3.87,0.0,0.0,0.0,0.0,1,0,1,0,0,0,0
CE-2301604-4AE098EC4DFC4B9780124B943CA30DA2,ce,0.47,0.0093,0.0,0.0,0.0,0.0,0.0,0.0,2,0,1,0,0,0,0
CE-2300101-C73FF07401AB4DA59BDE8DA9268EBA37,ce,2.82,0.0627,0.08,2.84,0.0,0.0,0.0,0.0,1,0,1,0,0,0,0
CE-2301604-49C642FBD1D445ED977F684B847AA5DD,ce,1.23,0.0247,0.0,0.0,0.0,0.0,0.0,0.0,2,0,1,0,0,0,0
CE-2302008-BA9C045DB942403591670475858D87C6,ce,35.03,0.7785,6.37,18.18,0.0,0.0,0.0,0.0,1,0,1,0,0,0,0
CE-2302008-4E65704EA9064E58BD5EB346624E4E8C,ce,0.12,0.0028,0.0,0.0,0.0,0.0,0.0,0.0,2,0,1,0,0,0,0
CE-2301604-750C21DD388C4D2C94006EBFC0E60140,ce,32.16,0.6433,0.39,1.21,0.0,0.0,0.0,0.0,1,0,1,0,0,0,0
CE-2300101-8DD6C768F34A486587ADE8657655ACB6,ce,0.17,0.0039,0.0,0.0,0.0,0.0,0.0,0.0,2,0,1,0,0,0,0
CE-2300150-1CB0C8FA911B44BFBEAAF242FBBBC5ED,ce,3.01,0.0859,0.0,0.0,0.0,0.0,0.0,0.0,2,0,1,0,0,0,0
CE-2301851-98177E0615BA479FB23790A45C6F70E4,ce,229.03,4.5807,4.03,1.76,0.0,0.0,0.0,0.0,1,0,1,0,0,0,0
CE-2301851-A813C1114D7047DD906A08361E3BD73F,ce,9.83,0.1966,0.09,0.92,0.0,0.0,0.0,0.0,1,0,1,0,0,0,0
CE-2301604-215DFE1B688A4904A962ED675A463A52,ce,1.08,0.0217,0.0,0.0,0.0,0.0,0.0,0.0,2,0,1,0,0,0,0
CE-2301604-679EA53527354AC7BA83B9A0F4218B3D,ce,48.6,0.9721,0.58,1.19,0.0,0.0,0.0,0.0,1,0,1,0,0,0,0
CE-2300101-DBCFC435D02840399D42B46E82801055,ce,0.62,0.0137,0.0,0.0,0.0,0.0,0.0,0.0,2,0,1,0,0,0,0
CE-2302008-0408C1510E5F4F6EBD113257D8FCC4DF,ce,15.25,0.339,0.22,1.44,0.0,0.0,0.0,0.0,1,0,1,0,0,0,0
CE-2302008-41B172A8C4294E328422C908EC2A3EF9,ce,31.41,0.6981,2.92,9.3,0.0,0.0,0.0,0.0,1,0,1,0,0,0,0
CE-2301604-903ED78509094F3FAC8980D1A01E2989,ce,0.96,0.0191,0.0,0.0,0.0,0.0,0.0,0.0,2,0,1,0,0,0,0
CE-2301604-BC8179C3F0544C57AFC7C16DC0570813,ce,61.05,1.221,0.93,1.52,0.0,0.0,0.0,0.0,1,0,1,0,0,0,0
CE-2301604-7C8D555A3C3F4613963DDA796EF382AA,ce,9.4,0.188,0.43,4.57,0.0,0.0,0.0,0.0,1,0,1,0,0,0,0
CE-2301851-EC3B8459F27648DF82D0A719C6CAB5F4,ce,13.95,0.279,0.27,1.94,0.0,0.0,0.0,0.0,1,0,1,0,0,0,0
CE-2302008-DA1EF39D40934A369A68EFE5450C999C,ce,23.78,0.5284,0.18,0.76,0.0,0.0,0.0,0.0,1,0,1,0,0,0,0
CE-2301604-070EB8116F4F4E8D84ECC8FF241F9B23,ce,2.42,0.0483,0.0,0.0,0.0,0.0,0.0,0.0,2,0,1,0,0,0,0
CE-2301604-61F3B4AF72F14E688F4F75F16E463842,ce,1.47,0.0294,0.0,0.0,0.0,0.0,0.0,0.0,2,0,1,0,0,0,0
CE-2301851-0FCD0AE9E14E4BC58FC3E469512F270E,ce,79.59,1.5918,10.75,13.51,0.0,0.0,0.0,0.0,1,0,1,0,0,0,0
CE-2301851-7CCE10935F9848DF8AED2128901B9DFA,ce,50.28,1.0056,0.0,0.0,0.0,0.0,0.0,0.0,2,0,1,0,0,0,0
CE-2301851-723555468E51415BB8A7127DDCB9A891,ce,65.88,1.3176,0.34,0.52,0.0,0.0,0.0,0.0,1,0,1,0,0,0,0
CE-2301604-012BFE3B044F45BA9E1F223B0A91C01B,ce,40.01,0.8003,5.07,12.67,0.0,0.0,0.0,0.0,1,0,1,0,0,0,0
CE-2300150-1DD23B6D2D74490AB878C1272E1A3CAD,ce,3.01,0.0859,0.01,0.33,0.0,0.0,0.0,0.0,1,0,1,0,0,0,0
CE-2300101-022D1D3E97D349F6AB7BD46AB0693D57,ce,0.14,0.0031,0.0,0.0,0.0,0.0,0.0,0.0,2,0,1,0,0,0,0
CE-2301604-357CC85DC17B4E1B92AC8B7AEE4B3406,ce,0.99,0.0198,0.04,4.05,0.0,0.0,0.0,0.0,1,0,1,0,0,0,0
CE-2302008-1DDE3CE61CFD4ACB88ADA7DDE246E11F,ce,11.35,0.2522,0.0,0.0,0.0,0.0,0.0,0.0,2,0,1,0,0,0,0
CE-2302008-17DE813B5891439DA5C5BDD203D41B80,ce,36.1,0.8023,15.04,41.66,0.0,0.0,0.0,0.0,0,0,1,0,0,0,0
CE-2302008-62AF506E47C649D7B667FFABAD8DB0FF,ce,0.71,0.0157,0.0,0.0,0.0,0.0,0.0,0.0,2,0,1,0,0,0,0
CE-2301604-DE2A5581022F46AAAAE0D8823F268357,ce,6.96,0.1393,0.07,1.01,0.0,0.0,0.0,0.0,1,0,1,0,0,0,0
CE-2300101-C00F8B5DC90341D48298237C9DC37D40,ce,106.17,2.3594,0.5,0.47,0.0,0.0,0.0,0.0,1,0,1,0,0,0,0
CE-2301604-E9D9ABED69B2449CB11D30C012C27A56,ce,0.84,0.0168,0.0,0.0,0.0,0.0,0.0,0.0,2,0,1,0,0,0,0
CE-2302008-31E4C6E2AAEA44C980B5565905FA35EF,ce,5.02,0.1115,0.27,5.38,0.0,0.0,0.0,0.0,1,0,1,0,0,0,0
CE-2301604-47228515986941BFA160B1F0E59E2EB4,ce,10.87,0.2174,0.18,1.66,0.0,0.0,0.0,0.0,1,0,1,0,0,0,0
CE-2300101-3BFD1CE1836F449592EAB53892D5AD6A,ce,7.16,0.1592,2.53,35.32,0.0,0.0,0.0,0.0,0,0,1,0,0,0,0
CE-2302008-37E5D2EC0DE74F629ACB29A741C1D102,ce,8.72,0.1938,0.04,0.46,0.0,0.0,0.0,0.0,1,0,1,0,0,0,0
CE-2301604-56806A063C6747E6A353863A6527C0EC,ce,221.34,4.4231,49.79,22.49,0.0,0.0,0.0,0.0,0,0,1,0,0,0,0
CE-2302008-378DABD91A78455B8EFD61021D458343,ce,4.26,0.0947,0.71,16.66,0.0,0.0,0.0,0.0,1,0,1,0,0,0,0
CE-2302206-33A3F5C2228B46D7BF28019AE5ED3AEE,ce,0.33,0.0117,0.0,0.0,0.0,0.0,0.0,0.0,2,0,1,0,0,0,0
CE-2302008-6791403352834EBD95DFD911BD232753,ce,9.04,0.2009,1.12,12.39,0.0,0.0,0.0,0.0,1,0,1,0,0,0,0
CE-2300101-2F8E0D69C841495CA0FE3F37374A570F,ce,6.8,0.151,0.09,1.32,0.0,0.0,0.0,0.0,1,0,1,0,0,0,0
CE-2301604-B7D137E5835B4790820F316A5D2461D1,ce,2.04,0.0409,0.04,1.96,0.0,0.0,0.0,0.0,1,0,1,0,0,0,0
CE-2302008-7B2F3A56ACD84156AC2940ED446BE951,ce,34.15,0.759,1.97,5.77,0.0,0.0,0.0,0.0,1,0,1,0,0,0,0
CE-2302008-E35F3B30C2924B6BB6B3CB565EF06BA3,ce,25.51,0.5669,0.08,0.31,0.0,0.0,0.0,0.0,1,0,1,0,0,0,0
CE-2301851-6C0A7D9979B944108161DE5346BD63F5,ce,97.03,1.9407,5.35,5.51,0.0,0.0,0.0,0.0,1,0,1,0,0,0,0
CE-2300101-B0ABBF6DC61741BBBBB210DD7F78322A,ce,2.34,0.0521,0.0,0.0,0.0,0.0,0.0,0.0,2,0,1,0,0,0,0
CE-2302008-5CF1D420870F4736AC3FE45F0902C8C2,ce,49.81,1.1068,1.44,2.89,0.0,0.0,0.0,0.0,1,0,1,0,0,0,0
CE-2302206-21565EC05F614A0496DE08FB6C8DF10E,ce,26.15,0.9341,6.88,26.31,0.0,0.0,0.0,0.0,0,0,1,0,0,0,0
CE-2302008-D1CD721D12164C6BA4EC85F10CABF579,ce,40.36,0.8968,0.84,2.08,0.0,0.0,0.0,0.0,1,0,1,0,0,0,0
CE-2302008-6BF9211500FD4851BDCB22C8E3CFFAE8,ce,11.3,0.2511,0.54,4.78,0.0,0.0,0.0,0.0,1,0,1,0,0,0,0
CE-2300101-5910318B9E184C0292290A5B2A86A50A,ce,2.56,0.0569,0.0,0.0,0.0,0.0,0.0,0.0,2,0,1,0,0,0,0
CE-2302206-01B73183280F428185FDFBB7F659F382,ce,0.83,0.0297,0.0,0.0,0.0,0.0,0.0,0.0,2,0,1,0,0,0,0
CE-2301604-57B91883643B4B3194AECE6F9B1D6128,ce,131.92,2.6384,3.99,3.02,0.0,0.0,0.0,0.0,1,0,1,0,0,0,0
CE-2301604-CE64DA190DED4A829A761E64B0C28BC3,ce,24.01,0.4802,1.79,7.46,0.0,0.0,0.0,0.0,1,0,1,0,0,0,0
CE-2300101-40A9DFA882CB4B739C17C07A1F898FCC,ce,22.53,0.5007,13.21,58.63,0.0,0.0,0.0,0.0,0,0,1,0,0,0,0
CE-2301604-9F43E8E74FFC449E8C810CC7C929C4B7,ce,132.59,2.6518,23.55,17.76,0.0,0.0,0.0,0.0,1,0,1,0,0,0,0
CE-2302008-BEEC9A5792F84E73BA9B210F7664AA37,ce,58.62,1.3027,1.51,2.58,0.0,0.0,0.0,0.0,1,0,1,0,0,0,0
CE-2301604-CE247A50FF894569A9E2A4F1967D3651,ce,1.86,0.0311,0.0,0.0,0.0,0.0,0.0,0.0,2,0,1,0,0,0,0
CE-2301851-888F811A74FE4B90B677CF197C8CBA96,ce,70.28,1.4055,0.7,1.0,0.0,0.0,0.0,0.0,1,0,1,0,0,0,0
CE-2301604-3501F95CAC65458DB39D0F0C398D067D,ce,94.97,1.8993,3.43,3.61,0.0,0.0,0.0,0.0,1,0,1,0,0,0,0
CE-2300101-B3D983085945439D8A1AEE5D36FB8402,ce,6.54,0.1454,0.44,6.73,0.0,0.0,0.0,0.0,1,0,1,0,0,0,0
CE-2301851-6CAB5AA3224A42A0B10AFEF93D932AC3,ce,3.67,0.0734,0.04,1.09,0.0,0.0,0.0,0.0,1,0,1,0,0,0,0
CE-2301604-EFA1819AD5364DFB8EEAD9C1BD0D4C3A,ce,8.72,0.1744,0.0,0.0,0.0,0.0,0.0,0.0,2,0,1,0,0,0,0
CE-2301851-B4670FB2265C4575A4565EBE874D7C16,ce,41.47,0.8294,0.55,1.33,0.0,0.0,0.0,0.0,1,0,1,0,0,0,0
CE-2302206-27FFDC02571E4C578E3578B58B450CD5,ce,2.78,0.0992,0.23,8.28,0.0,0.0,0.0,0.0,1,0,1,0,0,0,0
CE-2300101-77F333985C854DCCA406146CEB1ADB17,ce,0.1,0.0023,0.0,0.0,0.0,0.0,0.0,0.0,2,0,1,0,0,0,0
CE-2301851-2F8F97FFE77047A7B139C57032E8F7FB,ce,5.56,0.1112,0.0,0.0,0.0,0.0,0.0,0.0,2,0,1,0,0,0,0
CE-2301604-F7F9C5A112D04E9EAE186C4480E223DB,ce,16.61,0.3321,0.12,0.72,0.0,0.0,0.0,0.0,1,0,1,0,0,0,0
CE-2300101-830F95F05FD747028B7D0889B309B833,ce,9.04,0.2008,0.35,3.87,0.0,0.0,0.0,0.0,1,0,1,0,0,0,0
CE-2301604-79281EC4F03643479BA047C5DE1E9D7D,ce,0.16,0.0032,0.0,0.0,0.0,0.0,0.0,0.0,2,0,1,0,0,0,0
CE-2300101-66C95D2A274F46BB9AA8EFFD3B37C8F3,ce,0.99,0.022,0.33,33.32,0.0,0.0,0.0,0.0,0,0,1,0,0,0,0
CE-2302206-041A63F05C6F41A7B48CD480F0D936AB,ce,113.18,4.042,9.14,8.08,0.0,0.0,0.0,0.0,1,0,1,0,0,0,0
CE-2301604-4A9925726CBA4BE9B998D89580150AC3,ce,34.13,0.6825,2.13,6.24,0.0,0.0,0.0,0.0,1,0,1,0,0,0,0
CE-2302008-9B572A7C7C6749D091BC494B8D219EA5,ce,19.0,0.4002,6.73,35.41,0.0,0.0,0.0,0.0,0,0,1,0,0,0,0
CE-2300101-1193C7FE44F64B8CB713A1163E98F827,ce,7.34,0.163,0.03,0.41,0.0,0.0,0.0,0.0,1,0,1,0,0,0,0
CE-2301604-50D12914A34D4CB289F3B4AF96771F23,ce,0.51,0.0103,0.0,0.0,0.0,0.0,0.0,0.0,2,0,1,0,0,0,0
CE-2302008-378B3E7AE81F4290B8A6FBDBC6098A8E,ce,14.03,0.3118,1.51,10.76,0.0,0.0,0.0,0.0,1,0,1,0,0,0,0
CE-2300101-36E43BD56A8C4CF39EC9CD2E6964BA26,ce,4.35,0.0968,0.0,0.0,0.0,0.0,0.0,0.0,2,0,1,0,0,0,0
CE-2300101-0CDDDBDDD84842609FB61458AC6F98BA,ce,5.71,0.1268,0.09,1.58,0.0,0.0,0.0,0.0,1,0,1,0,0,0,0
CE-2301851-5DE42D2D22514E1DB0048AC6EA64346D,ce,60.33,1.2066,0.0,0.0,0.0,0.0,0.0,0.0,2,0,1,0,0,0,0
CE-2302008-FC31E0CDCB544B2FB864CD1E86F07E61,ce,15.28,0.3395,0.44,2.88,0.0,0.0,0.0,0.0,1,0,1,0,0,0,0
CE-2300101-D683ED8CF2CE47199B869ED6E8FBEC23,ce,28.09,0.6241,1.47,5.23,0.0,0.0,0.0,0.0,1,0,1,0,0,0,0
CE-2302008-812DE085C80D421BBFB23647F3DA53DD,ce,19.43,0.4317,0.35,1.8,0.0,0.0,0.0,0.0,1,0,1,0,0,0,0
CE-2302008-C461664F6BB64064AEDB872F68D57339,ce,21.07,0.4681,0.62,2.94,0.0,0.0,0.0,0.0,1,0,1,0,0,0,0
CE-2302008-96BC0491790445E19C85A7A884360167,ce,59.02,1.3115,4.05,6.86,0.0,0.0,0.0,0.0,1,0,1,0,0,0,0
CE-2302008-DEDD60E1BD1E4931A705071BD82FA17A,ce,5.6,0.1243,2.19,39.14,0.0,0.0,0.0,0.0,0,0,1,0,0,0,0
CE-2300150-7A33EA0B40574C6A89060189B1AD64FC,ce,3.22,0.0921,0.0,0.0,0.0,0.0,0.0,0.0,2,0,1,0,0,0,0
CE-2301604-749EF31956CF4C69B4BF3C03C8D82747,ce,2.98,0.0596,0.22,7.38,0.0,0.0,0.0,0.0,1,0,1,0,0,0,0
CE-2300101-56BDA97C8AD5484E98946CA412F06C59,ce,0.38,0.0085,0.0,0.0,0.0,0.0,0.0,0.0,2,0,1,0,0,0,0
CE-2301604-0B981138160745308B4B765F672E20FD,ce,9.01,0.1802,0.0,0.0,0.0,0.0,0.0,0.0,2,0,1,0,0,0,0
CE-2300101-3DE0AB8787314E38BE7A1E05FB2DAA19,ce,32.34,0.7186,0.45,1.39,0.0,0.0,0.0,0.0,1,0,1,0,0,0,0
CE-2301851-1EBF1FA0956F447D8207DE5E2A3E8E77,ce,4.43,0.0886,0.0,0.0,0.0,0.0,0.0,0.0,2,0,1,0,0,0,0
CE-2302008-D74C36ECAA364F0FBFD59664542D12CC,ce,12.19,0.2709,0.03,0.25,0.0,0.0,0.0,0.0,1,0,1,0,0,0,0
CE-2300101-135942AFA1A8488C9C440F63E9426FAD,ce,3.86,0.0858,1.43,37.03,0.0,0.0,0.0,0.0,0,0,1,0,0,0,0
CE-2301604-F3325E32C57147AFB1BDD2EF3A477647,ce,125.94,2.5187,4.48,3.56,0.0,0.0,0.0,0.0,1,0,1,0,0,0,0
CE-2301851-76BA897DE71A4B26BD95EC63D1B6B749,ce,95.14,1.9027,0.48,0.5,0.0,0.0,0.0,0.0,1,0,1,0,0,0,0
CE-2302008-118727D0D63A4D98BD4EE34145717AD3,ce,2.13,0.0472,0.0,0.0,0.0,0.0,0.0,0.0,2,0,1,0,0,0,0
CE-2301604-E6336ACE9F7848B3A5796284A2B4ECD5,ce,15.08,0.3017,3.35,22.21,0.0,0.0,0.0,0.0,0,0,1,0,0,0,0
CE-2301851-B4936A3CA7E54D25BF02817E11D914AC,ce,44.42,0.8885,0.0,0.0,0.0,0.0,0.0,0.0,2,0,1,0,0,0,0
CE-2301604-30236C02224849579535BCFCCE83CA62,ce,18.4,0.3679,0.74,4.02,0.0,0.0,0.0,0.0,1,0,1,0,0,0,0
CE-2300101-0127B1FF05F1461C9403C3BF55C7D694,ce,1.02,0.0226,0.0,0.0,0.0,0.0,0.0,0.0,2,0,1,0,0,0,0
CE-2301604-0DD38309DC9E4763AA78248856FBF2D3,ce,0.53,0.0106,0.0,0.0,0.0,0.0,0.0,0.0,2,0,1,0,0,0,0
CE-2301604-DEED5441E0264E86A4B15DD5EEC50636,ce,59.15,1.1831,14.04,23.74,0.0,0.0,0.0,0.0,0,0,1,0,0,0,0
CE-2300101-9771AB744D94474985811CB96370D648,ce,0.25,0.0055,0.0,0.0,0.0,0.0,0.0,0.0,2,0,1,0,0,0,0
CE-2302008-17CF537BF3F64E34A5772B1432157FC4,ce,11.31,0.2514,0.33,2.92,0.0,0.0,0.0,0.0,1,0,1,0,0,0,0
CE-2300101-7056646DC0654CF9963E3E02A21E5A91,ce,0.61,0.0136,0.0,0.0,0.0,0.0,0.0,0.0,2,0,1,0,0,0,0
CE-2300101-355FB390879249B3A578CF3EEA2AC6BD,ce,17.71,0.3935,0.16,0.9,0.0,0.0,0.0,0.0,1,0,1,0,0,0,0
CE-2300150-FAD42458032D4BC1B2B019FC5D9622DB,ce,4.48,0.1281,0.0,0.0,0.0,0.0,0.0,0.0,2,0,1,0,0,0,0
CE-2300101-76EE83A7E6F34C01ACBC9AE90E3ACC89,ce,3.08,0.0684,0.0,0.0,0.0,0.0,0.0,0.0,2,0,1,0,0,0,0
CE-2302008-8B5EEB278A6848D0AE6C3EC3D0782442,ce,15.81,0.3514,1.61,10.18,0.0,0.0,0.0,0.0,1,0,1,0,0,0,0
CE-2302008-CC36E3A114CC4E87A49B20111EAB77B2,ce,17.07,0.3794,0.86,5.04,0.0,0.0,0.0,0.0,1,0,1,0,0,0,0
CE-2302206-25F8B6298CCC43FAB252F5E938F1B1CC,ce,11.37,0.4061,0.16,1.41,0.0,0.0,0.0,0.0,1,0,1,0,0,0,0
CE-2300150-3622D85C41EE4165B0FD77EFE04124A6,ce,0.1,0.003,0.0,0.0,0.0,0.0,0.0,0.0,2,0,1,0,0,0,0
CE-2301604-F8FFF9F1C2BA4B86B2AE3BFEC9086291,ce,0.24,0.0047,0.0,0.0,0.0,0.0,0.0,0.0,2,0,1,0,0,0,0
CE-2302008-37F9EB1F9CFE474F98F00B368FCC151F,ce,1.57,0.0348,0.0,0.0,0.0,0.0,0.0,0.0,2,0,1,0,0,0,0
CE-2301604-27CCBFF383C3472D8E21B4544836066E,ce,0.72,0.0145,0.07,9.68,0.0,0.0,0.0,0.0,1,0,1,0,0,0,0
CE-2301604-0DED6307F92F4FA3B87E713D57623BC4,ce,25.25,0.505,0.58,2.3,0.0,0.0,0.0,0.0,1,0,1,0,0,0,0
CE-2302008-1730361F56CC4D5CB9E52154B2395FE9,ce,0.62,0.0137,0.0,0.0,0.0,0.0,0.0,0.0,2,0,1,0,0,0,0
CE-2301851-D3D592E806BB40A791609C28EEE7EC3C,ce,16.98,0.3397,0.0,0.0,0.0,0.0,0.0,0.0,2,0,1,0,0,0,0
CE-2301851-9F76BB10F77C4D12B18D41AB9C152A74,ce,18.32,0.3664,0.0,0.0,0.0,0.0,0.0,0.0,2,0,1,0,0,0,0
CE-2302008-1FC6AA3D55DD4AF680BEFFB21D24FE5D,ce,12.61,0.2802,0.08,0.63,0.0,0.0,0.0,0.0,1,0,1,0,0,0,0
CE-2302008-5398FC7311FC4F24A98EBF43B241DF66,ce,18.04,0.401,0.27,1.5,0.0,0.0,0.0,0.0,1,0,1,0,0,0,0
CE-2300101-C4FA6EDDA59147CA8D4D85AD2B09C55E,ce,51.51,1.1961,0.51,0.99,0.0,0.0,0.0,0.0,1,0,1,0,0,0,0
CE-2300101-4F71DBC6CD6A4E6199E51146BF5E5E12,ce,1.59,0.0353,0.03,1.89,0.0,0.0,0.0,0.0,1,0,1,0,0,0,0
CE-2301851-AC9A30D10CC14ACF93BBF0C5861E3C98,ce,10.93,0.2186,0.0,0.0,0.0,0.0,0.0,0.0,2,0,1,0,0,0,0
CE-2302206-383382A8CC014D5C94461446388D0833,ce,13.19,0.471,0.17,1.29,0.0,0.0,0.0,0.0,1,0,1,0,0,0,0
CE-2300101-168537548D7142FCB62FA21871944AF8,ce,0.78,0.0173,0.06,7.72,0.0,0.0,0.0,0.0,1,0,1,0,0,0,0
CE-2300150-7DEA8D71A97547DE93D0A1AEE61E3DF1,ce,0.67,0.0192,0.0,0.0,0.0,0.0,0.0,0.0,2,0,1,0,0,0,0
CE-2301604-6FF723F8E1D94128B6D69129E133A5AF,ce,40.87,0.8174,1.95,4.77,0.0,0.0,0.0,0.0,1,0,1,0,0,0,0
CE-2301604-49660C3EB99B4AADBE7FEEC563AE5113,ce,19.81,0.3961,0.38,1.92,0.0,0.0,0.0,0.0,1,0,1,0,0,0,0
CE-2302008-D14B9858F7C14DAAA225A6FF0723EEFE,ce,10.78,0.2395,0.32,2.97,0.0,0.0,0.0,0.0,1,0,1,0,0,0,0
CE-2302008-5E22B27CB04E4A5E85796F91B22AD39C,ce,0.94,0.0209,0.0,0.0,0.0,0.0,0.0,0.0,2,0,1,0,0,0,0
CE-2301851-8C96DFCDC2604661A444A756B2184856,ce,154.3,3.086,6.65,4.31,0.0,0.0,0.0,0.0,1,0,1,0,0,0,0
CE-2301604-C5B1DEB2FFE34A55956B6A0001F6B137,ce,10.37,0.2074,0.17,1.64,0.0,0.0,0.0,0.0,1,0,1,0,0,0,0
CE-2301604-EFE0D82CF58D49C59D0871D7D04E3B09,ce,14.38,0.2877,0.26,1.81,0.0,0.0,0.0,0.0,1,0,1,0,0,0,0
CE-2301604-FB52A57A05C942AF88284A203BA7AFC1,ce,84.44,1.6887,1.16,1.37,0.0,0.0,0.0,0.0,1,0,1,0,0,0,0
CE-2301604-A13034E17B30413DAC2C23D1438240B9,ce,166.36,3.3272,9.1,5.47,0.0,0.0,0.0,0.0,1,0,1,0,0,0,0
CE-2302008-1028547FCEC84D3B8D64D3529FEB6876,ce,9.5,0.211,0.54,5.69,0.0,0.0,0.0,0.0,1,0,1,0,0,0,0
CE-2301851-F2780F04F8FC422A92907B27D9E6DE0D,ce,13.12,0.2625,0.0,0.0,0.0,0.0,0.0,0.0,2,0,1,0,0,0,0
CE-2301604-FB68AB4454484477ABDC88569C68B3D9,ce,0.95,0.019,0.07,7.39,0.0,0.0,0.0,0.0,1,0,1,0,0,0,0
CE-2300101-5D88712B562249EC857D08EDCDC7BFC8,ce,0.29,0.0064,0.0,0.0,0.0,0.0,0.0,0.0,2,0,1,0,0,0,0
CE-2301604-DEFA502EF2574FAAAFD838A01ABFB64B,ce,54.7,1.0939,1.6,2.93,0.0,0.0,0.0,0.0,1,0,1,0,0,0,0
CE-2301604-9E35ED8DF3AB4D149D8CD85243427BC8,ce,154.19,3.0838,4.24,2.75,0.0,0.0,0.0,0.0,1,0,1,0,0,0,0
CE-2301604-A1783E4A0DDC42C3B3C6D97267F2F8A7,ce,0.16,0.0031,0.0,0.0,0.0,0.0,0.0,0.0,2,0,1,0,0,0,0
CE-2301604-5FC45446DAEE434A8A35BA16DE26ED41,ce,0.34,0.0068,0.0,0.0,0.0,0.0,0.0,0.0,2,0,1,0,0,0,0
CE-2302008-2B0968BB1BC1435B887C987A9870BC7E,ce,60.38,1.3417,3.46,5.73,0.0,0.0,0.0,0.0,1,0,1,0,0,0,0
CE-2300101-3B96F61431794EECBD1729F4D7195B53,ce,4.59,0.102,0.0,0.0,0.0,0.0,0.0,0.0,2,0,1,0,0,0,0
CE-2301604-529F5055B5004047BA11D073A1333417,ce,20.29,0.4059,1.19,5.86,0.0,0.0,0.0,0.0,1,0,1,0,0,0,0
CE-2302008-7970C2364EA54F038A7B04CBD3C549DD,ce,24.24,0.5386,1.01,4.17,0.0,0.0,0.0,0.0,1,0,1,0,0,0,0
CE-2300150-283F0F7829C04ADEB579D7040390ED7C,ce,0.23,0.0117,0.04,17.37,0.0,0.0,0.0,0.0,1,0,1,0,0,0,0
CE-2302206-347ED95E7EC0449AABC1BBF44906C513,ce,0.82,0.0291,0.0,0.0,0.0,0.0,0.0,0.0,2,0,1,0,0,0,0
CE-2301604-7D0A5B8F2D8F494BB25BD8D808EC13D7,ce,58.73,1.1747,10.18,17.33,0.0,0.0,0.0,0.0,1,0,1,0,0,0,0
CE-2302008-C9ABE1D251494B58B9018F4A83FBAC78,ce,34.37,0.7638,1.59,4.63,0.0,0.0,0.0,0.0,1,0,1,0,0,0,0
CE-2302008-A6DA6A9B714242B89E47FC2247C932EC,ce,3.05,0.0677,0.12,3.94,0.0,0.0,0.0,0.0,1,0,1,0,0,0,0
CE-2300101-69439FBD15054C6BA7A6A26F9D7D506A,ce,1.81,0.0402,0.0,0.0,0.0,0.0,0.0,0.0,2,0,1,0,0,0,0
CE-2300101-72B73F40703C4F6B9BC498C753587F4D,ce,0.15,0.0034,0.0,0.0,0.0,0.0,0.0,0.0,2,0,1,0,0,0,0
CE-2302008-F1F49CC7F6C04F3B90430BC20D9AC5E8,ce,20.52,0.456,0.09,0.44,0.0,0.0,0.0,0.0,1,0,1,0,0,0,0
CE-2302008-A86A783B73214228B79CC999B77CD564,ce,19.25,0.4277,0.85,4.42,0.0,0.0,0.0,0.0,1,0,1,0,0,0,0
CE-2301604-8B622A0E5EB14ED6B9C35DC97D0C27B3,ce,18.51,0.3702,0.09,0.49,0.0,0.0,0.0,0.0,1,0,1,0,0,0,0
CE-2302008-C9CCD011D4554D37959370A226D513F7,ce,23.85,0.5301,1.39,5.83,0.0,0.0,0.0,0.0,1,0,1,0,0,0,0
CE-2301604-F216E11B8EB24BD7A95C9E2FD00221DA,ce,14.45,0.2889,2.74,18.97,0.0,0.0,0.0,0.0,1,0,1,0,0,0,0
CE-2302008-971457523FDD446A9CB2F418DEF84C4E,ce,36.42,0.8093,0.54,1.48,0.0,0.0,0.0,0.0,1,0,1,0,0,0,0
CE-2302206-0FCD629DEADF407784D9E7F8BC35BEBC,ce,0.67,0.0238,0.0,0.0,0.0,0.0,0.0,0.0,2,0,1,0,0,0,0
CE-2301604-ACC69E7E37974814B2D93EF829A2AB12,ce,18.39,0.3678,0.84,4.57,0.0,0.0,0.0,0.0,1,0,1,0,0,0,0
CE-2302008-5A18579C9AB54B4AACB52E2DB199F4DC,ce,6.07,0.1349,0.0,0.0,0.0,0.0,0.0,0.0,2,0,1,0,0,0,0
CE-2302008-0F6FF8B665F04973BE7FE437E67F00E4,ce,4.16,0.0925,0.0,0.0,0.0,0.0,0.0,0.0,2,0,1,0,0,0,0
CE-2300150-845A63BE32024E4CBD376328EE40CB5E,ce,8.24,0.2353,0.28,3.4,0.0,0.0,0.0,0.0,1,0,1,0,0,0,0
CE-2301604-2E6A6A6CA3894A3A8CFAAF5ABC67F7A2,ce,6.18,0.1235,0.09,1.46,0.0,0.0,0.0,0.0,1,0,1,0,0,0,0
CE-2302008-D6F9640666A849A29DBB39810909BE49,ce,21.94,0.4875,1.63,7.43,0.0,0.0,0.0,0.0,1,0,1,0,0,0,0
CE-2301604-15A4271C0C984D118D736900DF7C704F,ce,19.9,0.398,1.06,5.33,0.0,0.0,0.0,0.0,1,0,1,0,0,0,0
CE-2301604-AB62C37D5D434769A64D665482161BEA,ce,6.7,0.134,0.09,1.34,0.0,0.0,0.0,0.0,1,0,1,0,0,0,0
CE-2302008-58746AB1C4DD4612A15AEDDEF5A8E876,ce,10.74,0.2388,0.0,0.0,0.0,0.0,0.0,0.0,2,0,1,0,0,0,0
CE-2302008-25A2C21696C64001ABE7A63724C9F7D3,ce,10.39,0.2308,0.0,0.0,0.0,0.0,0.0,0.0,2,0,1,0,0,0,0
CE-2301604-FDB5A2A72649416584356A2E27F21C00,ce,48.08,0.9616,10.04,20.88,0.0,0.0,0.0,0.0,0,0,1,0,0,0,0
CE-2302008-25E1421C7A7F48298338002B93952561,ce,37.66,0.8369,2.68,7.12,0.0,0.0,0.0,0.0,1,0,1,0,0,0,0
CE-2302008-02409FAE92024BBA88F7CBAAE423C54D,ce,2.71,0.0602,0.09,3.32,0.0,0.0,0.0,0.0,1,0,1,0,0,0,0
CE-2301604-DA9F4C07C90C42E7AEFF90C4FC5DF41D,ce,0.14,0.0028,0.0,0.0,0.0,0.0,0.0,0.0,2,0,1,0,0,0,0
CE-2302206-38E313A1849A4DB0A12F5377FECB7297,ce,26.34,0.9407,1.02,3.87,0.0,0.0,0.0,0.0,1,0,1,0,0,0,0
CE-2302008-2FAB28BEF05E4B65873483551174C3B5,ce,1.75,0.0388,0.0,0.0,0.0,0.0,0.0,0.0,2,0,1,0,0,0,0
CE-2301604-4A008A55800C4D1E8477A39D1B44621E,ce,0.35,0.0069,0.0,0.0,0.0,0.0,0.0,0.0,2,0,1,0,0,0,0
CE-2302206-31296E783865434B8961CAA2DE50CFC4,ce,64.16,2.2915,4.39,6.84,0.0,0.0,0.0,0.0,1,0,1,0,0,0,0
CE-2302206-322F64A77836416AA3A819042DD26AEE,ce,11.68,0.4172,1.22,10.44,0.0,0.0,0.0,0.0,1,0,1,0,0,0,0
CE-2301604-030F7B9EE77D4A1EAF3C011DF9B77B16,ce,7.16,0.1433,2.62,36.58,0.0,0.0,0.0,0.0,0,0,1,0,0,0,0
CE-2301604-B448B15CEF494F2AB168BD7D10E92828,ce,35.09,0.7018,2.0,5.7,0.0,0.0,0.0,0.0,1,0,1,0,0,0,0
CE-2301851-5B8FC46C43154ED692A2841E29A994AB,ce,67.51,1.3503,0.27,0.4,0.0,0.0,0.0,0.0,1,0,1,0,0,0,0
CE-2301604-087FF50307EE44C3B97147CBA08F3F32,ce,1.26,0.0251,0.12,9.55,0.0,0.0,0.0,0.0,1,0,1,0,0,0,0
CE-2300101-182E32E9C54241949394B237569F22C7,ce,18.61,0.4135,0.18,0.97,0.0,0.0,0.0,0.0,1,0,1,0,0,0,0
CE-2301604-E8CAB56202AB405D9076A1253304BC63,ce,17.9,0.3579,0.04,0.22,0.0,0.0,0.0,0.0,1,0,1,0,0,0,0
CE-2302008-BD05D865A0F64B4297497EB4CC001300,ce,137.89,3.0641,16.62,12.05,0.0,0.0,0.0,0.0,1,0,1,0,0,0,0
CE-2302008-C4EA8E0C8F0943A9AA894A13A8F8DBA8,ce,4.56,0.1012,0.29,6.37,0.0,0.0,0.0,0.0,1,0,1,0,0,0,0
CE-2301604-DB467AD1FEDB4170BCF96F8F12BDD781,ce,7.15,0.1429,1.94,27.14,0.0,0.0,0.0,0.0,0,0,1,0,0,0,0
CE-2302008-908942CA4C8648FB8B40291C32DE3A12,ce,17.87,0.3971,2.51,14.05,0.0,0.0,0.0,0.0,1,0,1,0,0,0,0
CE-2302008-82679CF1C923488399068BD105573637,ce,12.79,0.2843,0.38,2.97,0.0,0.0,0.0,0.0,1,0,1,0,0,0,0
CE-2302206-2E0361ABF7E74659895C8CA2624995D4,ce,0.37,0.0131,0.0,0.0,0.0,0.0,0.0,0.0,2,0,1,0,0,0,0
CE-2302206-069DA76953274A858DB6DE340E608CEF,ce,3.22,0.1151,0.41,12.72,0.0,0.0,0.0,0.0,1,0,1,0,0,0,0
CE-2301851-872C08E97DCC4508B803FA193C88D29C,ce,26.24,0.5249,0.0,0.0,0.0,0.0,0.0,0.0,2,0,1,0,0,0,0
CE-2302206-15A908990F5845E5B9D23ED284E8D9FC,ce,26.26,0.938,0.29,1.1,0.0,0.0,0.0,0.0,1,0,1,0,0,0,0
CE-2301851-C5AA1AD9451A4A9697050F3B427833BC,ce,71.61,1.4322,1.16,1.62,0.0,0.0,0.0,0.0,1,0,1,0,0,0,0
CE-2301604-67C728399745436FA7B29391FF199E38,ce,0.32,0.0064,0.0,0.0,0.0,0.0,0.0,0.0,2,0,1,0,0,0,0
CE-2302008-5ABC385FBDA741059D53ED4FFA2C2A33,ce,31.3,0.6956,0.13,0.42,0.0,0.0,0.0,0.0,1,0,1,0,0,0,0
CE-2301604-54AD6A526BE74D70A8D6B50125032AEA,ce,72.09,1.4418,0.34,0.47,0.0,0.0,0.0,0.0,1,0,1,0,0,0,0
CE-2301604-C6AC1E467FF7485B8D357C629373678B,ce,30.87,0.6175,0.51,1.65,0.0,0.0,0.0,0.0,1,0,1,0,0,0,0
CE-2301851-21FC382002354B5AA073CEA702D5C34F,ce,199.4,3.988,1.04,0.52,0.0,0.0,0.0,0.0,1,0,1,0,0,0,0
CE-2301604-FE7AFF2887624AD4935E4F6F44FD5C1F,ce,30.67,0.6133,3.03,9.88,0.0,0.0,0.0,0.0,1,0,1,0,0,0,0
CE-2301604-C6544FE93D6B45D79A36CC450627164E,ce,10.61,0.2121,0.72,6.79,0.0,0.0,0.0,0.0,1,0,1,0,0,0,0
CE-2300150-6713C070557C45289FAF7B608CC28875,ce,29.08,0.8883,1.67,5.74,0.0,0.0,0.0,0.0,1,0,1,0,0,0,0
CE-2300150-71D8F7EDA0204F4897820148B7F1A134,ce,0.18,0.0051,0.0,0.0,0.0,0.0,0.0,0.0,2,0,1,0,0,0,0
CE-2301851-F26F3EE1EB11432080CB3B9E81CAC2F4,ce,165.11,3.3022,3.17,1.92,0.0,0.0,0.0,0.0,1,0,1,0,0,0,0
CE-2301851-F148ABD0C6CD428393A0AB32A9939A26,ce,20.7,0.4139,0.0,0.0,0.0,0.0,0.0,0.0,2,0,1,0,0,0,0
CE-2302206-302FBCF5088E4D729338D134124A161F,ce,46.24,1.6513,4.05,8.76,0.0,0.0,0.0,0.0,1,0,1,0,0,0,0
CE-2301604-A790D387E91B4A9B910AA815003EECF6,ce,0.42,0.0084,0.1,23.7,0.0,0.0,0.0,0.0,0,0,1,0,0,0,0
CE-2302206-11879F649D204998A9FF5CF9C7079DED,ce,13.22,0.4721,0.0,0.0,0.0,0.0,0.0,0.0,2,0,1,0,0,0,0
CE-2301604-F501CD7ABF594E859330AFED1E6F7485,ce,3.86,0.0771,0.89,23.07,0.0,0.0,0.0,0.0,0,0,1,0,0,0,0
CE-2300101-0021ABBB9336486AB70FCD46725CF68D,ce,2.31,0.0512,0.0,0.0,0.0,0.0,0.0,0.0,2,0,1,0,0,0,0
CE-2300150-ABC8588D05F7401BAA28EDA52BF98BF9,ce,0.26,0.0073,0.0,0.0,0.0,0.0,0.0,0.0,2,0,1,0,0,0,0
CE-2300101-5FD14213F7AC4627A880F78261CE6442,ce,3.86,0.0857,0.47,12.19,0.0,0.0,0.0,0.0,1,0,1,0,0,0,0
CE-2302008-0E73A42CD456420397BA67E0C51FFD64,ce,4.2,0.0933,0.39,9.29,0.0,0.0,0.0,0.0,1,0,1,0,0,0,0
CE-2302206-2A1FF6C88247471A8AE3A2AC3A9EA6FE,ce,0.57,0.0205,0.0,0.0,0.0,0.0,0.0,0.0,2,0,1,0,0,0,0
CE-2301604-282094FBEC0F4FF4B5C2EA3A735FF89B,ce,17.07,0.3413,2.56,15.0,0.0,0.0,0.0,0.0,1,0,1,0,0,0,0
CE-2301604-73E124066DB54B72B0C4BD0FB81D22A7,ce,1.01,0.0203,0.13,12.81,0.0,0.0,0.0,0.0,1,0,1,0,0,0,0
CE-2300101-50DC1254719E470AB07072627F177E44,ce,1.16,0.0257,0.0,0.0,0.0,0.0,0.0,0.0,2,0,1,0,0,0,0
CE-2301604-51C7E853E8A047C0AA116C102273A056,ce,0.2,0.0039,0.0,0.0,0.0,0.0,0.0,0.0,2,0,1,0,0,0,0
CE-2302206-18CBC2E5B1B54AFBBE166F381983671B,ce,11.52,0.4116,0.0,0.0,0.0,0.0,0.0,0.0,2,0,1,0,0,0,0
CE-2302008-9557294F51A9435AA1F1CAD6DC33426B,ce,1.29,0.0288,0.0,0.0,0.0,0.0,0.0,0.0,2,0,1,0,0,0,0
CE-2301851-ED33AC800701453B8C41EFC15558A2FF,ce,33.4,0.668,0.09,0.27,0.0,0.0,0.0,0.0,1,0,1,0,0,0,0
CE-2301604-2958B08D794847ECBE2653B9F9DA7DD0,ce,6.8,0.1359,0.77,11.33,0.0,0.0,0.0,0.0,1,0,1,0,0,0,0
CE-2300101-15C90E7145FA44C1BE9CEB0783240F42,ce,17.57,0.3905,0.18,1.02,0.0,0.0,0.0,0.0,1,0,1,0,0,0,0
CE-2301604-859F5D549DEE4413B2E1EE62AE8938A5,ce,38.75,0.775,2.81,7.25,0.0,0.0,0.0,0.0,1,0,1,0,0,0,0
CE-2300101-EF9755E854894C82A929BDDF9B1F95DE,ce,6.89,0.1531,0.0,0.0,0.0,0.0,0.0,0.0,2,0,1,0,0,0,0
CE-2301851-9D1E47F6694F480FB2D9EF320D6A70F4,ce,80.21,1.6041,0.36,0.45,0.0,0.0,0.0,0.0,1,0,1,0,0,0,0
CE-2301604-E13C9B75505546F79376C6AE5363F560,ce,30.06,0.6013,0.36,1.2,0.0,0.0,0.0,0.0,1,0,1,0,0,0,0
CE-2301604-D5F0036DAEC44D258E1B7060B1A49F09,ce,25.31,0.5061,2.45,9.68,0.0,0.0,0.0,0.0,1,0,1,0,0,0,0
CE-2301851-29648536B6EC41FF867D57CA7C209304,ce,21.52,0.4304,0.0,0.0,0.0,0.0,0.0,0.0,2,0,1,0,0,0,0
CE-2300101-F63B0A09E20E4437B2921CD2A8E1A63F,ce,3.35,0.0743,0.0,0.0,0.0,0.0,0.0,0.0,2,0,1,0,0,0,0
CE-2301604-A48F283BE9AC4135A1B3EEFE354B4EF6,ce,8.38,0.1676,1.69,20.17,0.0,0.0,0.0,0.0,0,0,1,0,0,0,0
CE-2300101-744A805FF7114992BC441B21F8711A94,ce,5.84,0.1299,1.23,21.04,0.0,0.0,0.0,0.0,0,0,1,0,0,0,0
CE-2302008-B8B07791ED934D26B32497CF9009FCDF,ce,0.4,0.0089,0.0,0.0,0.0,0.0,0.0,0.0,2,0,1,0,0,0,0
CE-2301604-A3130C761E0E4DED9B2B458354EDD63D,ce,8.03,0.1605,0.16,1.99,0.0,0.0,0.0,0.0,1,0,1,0,0,0,0
CE-2300101-699FF6936BE6431DBFA93A87AA1C1D0A,ce,6.92,0.1537,0.0,0.0,0.0,0.0,0.0,0.0,2,0,1,0,0,0,0
CE-2302008-128AAB3570EB4A8FB0C5470875D10D6B,ce,29.45,0.6543,1.39,4.72,0.0,0.0,0.0,0.0,1,0,1,0,0,0,0
CE-2301604-5A4A7CAD37754D0B81B5C134C95FB85E,ce,0.63,0.0127,0.04,6.3,0.0,0.0,0.0,0.0,1,0,1,0,0,0,0
CE-2301604-53AACD0A7865480083795635D7BD8206,ce,13.51,0.2703,0.0,0.0,0.0,0.0,0.0,0.0,2,0,1,0,0,0,0
CE-2301604-9403BF25DC694C08ABC138C2AF67B2AF,ce,1.81,0.0362,0.0,0.0,0.0,0.0,0.0,0.0,2,0,1,0,0,0,0
CE-2301851-4B67D2B7E50D461195E70D7359594112,ce,8.05,0.1611,0.0,0.0,0.0,0.0,0.0,0.0,2,0,1,0,0,0,0
CE-2301604-0B5CCB31875D4281A9403B469AAC63B4,ce,42.47,0.8493,0.53,1.25,0.0,0.0,0.0,0.0,1,0,1,0,0,0,0
CE-2301604-083B836E11924F81B164DC88548A821F,ce,4.62,0.0924,0.0,0.0,0.0,0.0,0.0,0.0,2,0,1,0,0,0,0
CE-2302008-219E957EE3FA45BDA98FA691CB76F3A2,ce,9.89,0.2198,0.07,0.71,0.0,0.0,0.0,0.0,1,0,1,0,0,0,0
CE-2301604-585229E4B97F489AA608C7D5EA91720A,ce,0.32,0.0063,0.0,0.0,0.0,0.0,0.0,0.0,2,0,1,0,0,0,0
CE-2302206-0857D865F2334A558756720F23B5BF26,ce,116.86,4.1737,25.14,21.51,0.0,0.0,0.0,0.0,0,0,1,0,0,0,0
CE-2302008-EC3E11FDFECC4E0B8106CD5F1E6940B6,ce,10.99,0.2442,0.13,1.18,0.0,0.0,0.0,0.0,1,0,1,0,0,0,0
CE-2301604-3DDB746FF6B8426CA9BD7A59B0B377D4,ce,2.27,0.0453,0.66,29.11,0.0,0.0,0.0,0.0,0,0,1,0,0,0,0
CE-2301604-FC782AD6B6CC41DD826C64066A198E14,ce,6.47,0.1293,0.0,0.0,0.0,0.0,0.0,0.0,2,0,1,0,0,0,0
CE-2301851-5FB22DE7404547ABAC5F6D45BB4035F1,ce,82.34,1.6468,1.61,1.96,0.0,0.0,0.0,0.0,1,0,1,0,0,0,0
CE-2300150-674C1873BB0C4AE093E2235125875BD7,ce,2.46,0.0701,0.0,0.0,0.0,0.0,0.0,0.0,2,0,1,0,0,0,0
CE-2300101-2FDE99931FFB4AFAAE964DABE02BBD54,ce,0.29,0.0064,0.0,0.0,0.0,0.0,0.0,0.0,2,0,1,0,0,0,0
CE-2301604-F6D598520C4045E7B71D9CD593416928,ce,5.19,0.1038,0.09,1.73,0.0,0.0,0.0,0.0,1,0,1,0,0,0,0
CE-2302008-CC7994B0C06D4BB5BE525D5576BF0887,ce,8.02,0.1783,2.34,29.17,0.0,0.0,0.0,0.0,0,0,1,0,0,0,0
CE-2301604-9780DCCAA1984C98AA6A99BE080A4A82,ce,0.12,0.0025,0.0,0.0,0.0,0.0,0.0,0.0,2,0,1,0,0,0,0
CE-2300101-87BAA04D9E5A4C9D91227A6E0D6C61C0,ce,0.17,0.0038,0.0,0.0,0.0,0.0,0.0,0.0,2,0,1,0,0,0,0
CE-2302008-39CAAD99A3FF46A5819531E67E4F9A10,ce,2.61,0.058,0.0,0.0,0.0,0.0,0.0,0.0,2,0,1,0,0,0,0
CE-2302008-E237041170EC4609BB304976D743AA2B,ce,1.46,0.0325,0.0,0.0,0.0,0.0,0.0,0.0,2,0,1,0,0,0,0
CE-2301604-6302E2F06AC740FA8CDB5F9D98E48E03,ce,27.37,0.5475,4.85,17.72,0.0,0.0,0.0,0.0,1,0,1,0,0,0,0
CE-2301604-B7D5A258FD7E421284F43AAA18458D17,ce,0.57,0.0114,0.04,7.04,0.0,0.0,0.0,0.0,1,0,1,0,0,0,0
CE-2301604-B992C7E584474512BBE30CCC50C3E0F2,ce,7.61,0.1522,0.39,5.12,0.0,0.0,0.0,0.0,1,0,1,0,0,0,0
CE-2300101-3942DB9E8FA74948B351CB6056F714C0,ce,8.48,0.1885,0.0,0.0,0.0,0.0,0.0,0.0,2,0,1,0,0,0,0
CE-2302008-B048F9455CED4F8EAD62E0B752352645,ce,0.68,0.015,0.0,0.0,0.0,0.0,0.0,0.0,2,0,1,0,0,0,0
CE-2300150-A59575BC13704FD3B8244B95EBE1FE81,ce,96.52,2.7578,3.93,4.07,0.0,0.0,0.0,0.0,1,0,1,0,0,0,0
CE-2301604-239901B4769741958E2904A6AFFA11F3,ce,25.58,0.4951,1.43,5.59,0.0,0.0,0.0,0.0,1,0,1,0,0,0,0
CE-2302206-317FB11BC38C44CDBA673AE6BD6D0D72,ce,3.23,0.1153,1.1,34.08,0.0,0.0,0.0,0.0,0,0,1,0,0,0,0
CE-2302206-1DDC1DD059D94860AAE4D59D7D520DD3,ce,0.2,0.007,0.0,0.0,0.0,0.0,0.0,0.0,2,0,1,0,0,0,0
CE-2300101-BEDDF16FF1CC4E009FD431EBAF09C61A,ce,4.37,0.0972,0.0,0.0,0.0,0.0,0.0,0.0,2,0,1,0,0,0,0
CE-2302008-D709BD3FA47845D4A0F8259DC9C6FABE,ce,5.92,0.1315,0.28,4.73,0.0,0.0,0.0,0.0,1,0,1,0,0,0,0
CE-2302008-4790DDCCA95E4AD499DA1969F1DF89C1,ce,3.11,0.069,0.0,0.0,0.0,0.0,0.0,0.0,2,0,1,0,0,0,0
CE-2300101-BDBD50695A1C45C9A14E984490313CB5,ce,0.15,0.0033,0.0,0.0,0.0,0.0,0.0,0.0,2,0,1,0,0,0,0
CE-2300101-11B8F3B8CC994F12B970D3C78AD17D1C,ce,13.97,0.3105,6.96,49.82,0.0,0.0,0.0,0.0,0,0,1,0,0,0,0
CE-2301851-4E03AE5988154EA48D1BCA2107D47194,ce,3.85,0.077,0.0,0.0,0.0,0.0,0.0,0.0,2,0,1,0,0,0,0
CE-2300101-F6E9ED7C73E447B2A12F557417BA7A01,ce,23.61,0.5248,0.2,0.85,0.0,0.0,0.0,0.0,1,0,1,0,0,0,0
CE-2300150-42DEFA1AF09F4F24BF2739A4F771533E,ce,9.41,0.2689,0.0,0.0,0.0,0.0,0.0,0.0,2,0,1,0,0,0,0
CE-2301604-76FF94D34D954F3091772239B4EBA9AC,ce,2.53,0.0507,0.56,22.1,0.0,0.0,0.0,0.0,0,0,1,0,0,0,0
CE-2300101-CC677F46669F48009101E43C477AC90F,ce,0.41,0.0092,0.0,0.0,0.0,0.0,0.0,0.0,2,0,1,0,0,0,0
CE-2302008-310652EA78A749CBB468915E1487EACD,ce,86.73,1.9273,3.75,4.32,0.0,0.0,0.0,0.0,1,0,1,0,0,0,0
CE-2300150-196E76516C2445639128919D828A2CC1,ce,1.4,0.0399,0.0,0.0,0.0,0.0,0.0,0.0,2,0,1,0,0,0,0
CE-2300101-C0514CCFF76744FBB85E76E82CD96DF8,ce,0.29,0.0065,0.0,0.0,0.0,0.0,0.0,0.0,2,0,1,0,0,0,0
CE-2301851-8A923564933E45BBB48BD160FF99E31F,ce,20.34,0.4068,0.0,0.0,0.0,0.0,0.0,0.0,2,0,1,0,0,0,0
CE-2302008-03E96E7889584AB49AE5DCE2906BBB6A,ce,26.74,0.5943,0.91,3.4,0.0,0.0,0.0,0.0,1,0,1,0,0,0,0
CE-2302008-D4F9DBDA688E4D13A611957769CC57DC,ce,25.21,0.5602,1.56,6.19,0.0,0.0,0.0,0.0,1,0,1,0,0,0,0
CE-2302008-8B1B2E499C4B479BAADB903611838F84,ce,606.78,13.4839,16.27,2.68,0.0,0.0,0.0,0.0,1,0,1,0,0,0,0
CE-2302008-3539765115384109A0BAF14731053D05,ce,9.81,0.218,0.76,7.75,0.0,0.0,0.0,0.0,1,0,1,0,0,0,0
CE-2302008-2E0F8C7A7AF143E78278EC9279AADD4F,ce,1.94,0.0432,0.0,0.0,0.0,0.0,0.0,0.0,2,0,1,0,0,0,0
CE-2300150-52B05AAE1EF5486EAACD6FF000817792,ce,0.4,0.0113,0.0,0.0,0.0,0.0,0.0,0.0,2,0,1,0,0,0,0
CE-2301604-D7DBE5DC2130466890CCFD7C8D05ED85,ce,10.93,0.2186,3.65,33.4,0.0,0.0,0.0,0.0,0,0,1,0,0,0,0
CE-2301604-6E719973BA5742CE9B6B5CE54C9828F2,ce,81.22,1.6244,25.93,31.93,0.0,0.0,0.0,0.0,0,0,1,0,0,0,0
CE-2301604-80D3F72F7C3B4DC58D31E13DABD06D82,ce,12.5,0.25,0.25,2.0,0.0,0.0,0.0,0.0,1,0,1,0,0,0,0
CE-2300150-4EABEFEE4C1848EC8D7B6F9390C972EE,ce,2.38,0.0679,0.0,0.0,0.0,0.0,0.0,0.0,2,0,1,0,0,0,0
CE-2300101-01CD3177F1E64E66999C7CD38B1F764A,ce,7.76,0.1724,0.0,0.0,0.0,0.0,0.0,0.0,2,0,1,0,0,0,0
CE-2301851-874D52292096443BAC5BB357D6055A7E,ce,8.81,0.1762,0.0,0.0,0.0,0.0,0.0,0.0,2,0,1,0,0,0,0
CE-2301851-D6DD11283D684CDFAEF5B0F363C1F7D8,ce,87.24,1.7448,0.8,0.92,0.0,0.0,0.0,0.0,1,0,1,0,0,0,0
CE-2301604-A56D60C71403410A892205057271508C,ce,1.09,0.0218,0.0,0.0,0.0,0.0,0.0,0.0,2,0,1,0,0,0,0
CE-2302008-20B4D04ECBC84AE0A800E021894F111F,ce,8.78,0.1951,0.09,1.03,0.0,0.0,0.0,0.0,1,0,1,0,0,0,0
CE-2301851-841D2D2A17534E6DB7E273EAA0F85E52,ce,14.56,0.2913,0.0,0.0,0.0,0.0,0.0,0.0,2,0,1,0,0,0,0
CE-2300101-66ADB9967B0D4B679CE40E8B79BD065B,ce,1.22,0.0272,0.24,19.6,0.0,0.0,0.0,0.0,1,0,1,0,0,0,0
CE-2302206-0284F6DB60304991A8F7CDF8212DCBB9,ce,2.71,0.0969,1.93,71.14,0.0,0.0,0.0,0.0,0,0,1,0,0,0,0
CE-2300150-8782953E0155460D8CCB99583EE7024A,ce,19.29,0.5512,0.2,1.04,0.0,0.0,0.0,0.0,1,0,1,0,0,0,0
CE-2302008-EA3C056F78C24E48AD15E65D2F1E99C0,ce,34.08,0.7572,4.16,12.21,0.0,0.0,0.0,0.0,1,0,1,0,0,0,0
CE-2301604-E450F0D726044364B0DBF1D0E247CA31,ce,6.65,0.133,1.47,22.1,0.0,0.0,0.0,0.0,0,0,1,0,0,0,0
CE-2300150-2886F41EFBE5464D80553D3A1D707D02,ce,0.17,0.0048,0.0,0.0,0.0,0.0,0.0,0.0,2,0,1,0,0,0,0
CE-2302008-9DD34B3D8C7843F3A1626D991EF6E473,ce,23.43,0.5206,0.0,0.0,0.0,0.0,0.0,0.0,2,0,1,0,0,0,0
CE-2302206-1BB46F42E6744DEA949827BA72DF87E4,ce,2.64,0.0943,0.0,0.0,0.0,0.0,0.0,0.0,2,0,1,0,0,0,0
CE-2301604-4211E2064BDB42DA813F323DEA781578,ce,9.63,0.1926,0.0,0.0,0.0,0.0,0.0,0.0,2,0,1,0,0,0,0
CE-2301604-79448F2B25964D44AE6F83B4E47ADD9C,ce,13.51,0.2701,0.0,0.0,0.0,0.0,0.0,0.0,2,0,1,0,0,0,0
CE-2302008-08DEF7178FB04251AEC6122E70CFAEB2,ce,175.88,3.9084,1.9,1.08,0.0,0.0,0.0,0.0,1,0,1,0,0,0,0
CE-2300101-CD18CC4E7E8D49E2BCAD2B08825B0552,ce,9.63,0.214,0.0,0.0,0.0,0.0,0.0,0.0,2,0,1,0,0,0,0
CE-2301851-DE0E8985CC084D899E87559CC42CF5AB,ce,10.61,0.2122,0.09,0.85,0.0,0.0,0.0,0.0,1,0,1,0,0,0,0
CE-2302008-E7AF6CA945304C39ADBA4794AD060FC4,ce,12.3,0.2733,0.35,2.85,0.0,0.0,0.0,0.0,1,0,1,0,0,0,0
CE-2302008-70515C6A49E04E1EAFAF695381052764,ce,13.69,0.3041,0.0,0.0,0.0,0.0,0.0,0.0,2,0,1,0,0,0,0
CE-2302008-D0C011CACA22417BB72BA4D1FE73EE65,ce,9.15,0.2034,0.24,2.62,0.0,0.0,0.0,0.0,1,0,1,0,0,0,0
CE-2301604-C841C5E6D47D4DCEA46FF3BCA25167AD,ce,19.45,0.3891,0.26,1.34,0.0,0.0,0.0,0.0,1,0,1,0,0,0,0
CE-2302206-00793F6EA2DA448E818B434FB01FFC6B,ce,66.77,2.3848,20.0,29.95,0.0,0.0,0.0,0.0,0,0,1,0,0,0,0
CE-2301851-D0F33B9411B242ABBA8486E4AD281441,ce,2.11,0.0423,0.0,0.0,0.0,0.0,0.0,0.0,2,0,1,0,0,0,0
CE-2301851-5D3EDC279BF9478D953F4CDF95D847C6,ce,54.13,1.0826,1.69,3.12,0.0,0.0,0.0,0.0,1,0,1,0,0,0,0
CE-2300101-D2A83E3C13A546669E1994A0AEE01FB9,ce,0.6,0.0133,0.27,45.11,0.0,0.0,0.0,0.0,0,0,1,0,0,0,0
CE-2302008-576CBDE964194B8084535EDE438BEB42,ce,12.17,0.2705,0.13,1.07,0.0,0.0,0.0,0.0,1,0,1,0,0,0,0
CE-2302008-ED8E313B67024F68841D916413EC5732,ce,13.99,0.3109,1.28,9.15,0.0,0.0,0.0,0.0,1,0,1,0,0,0,0
CE-2300101-A7CB5912D9504B1B9FD7D77AA883E599,ce,5.42,0.1205,0.54,9.96,0.0,0.0,0.0,0.0,1,0,1,0,0,0,0
CE-2302008-590C412815BD4BA8B4D3ED096DC7336F,ce,49.19,1.0931,2.43,4.94,0.0,0.0,0.0,0.0,1,0,1,0,0,0,0
CE-2300101-05A6BE4D8A324536BA4234BCDA16A83A,ce,14.57,0.3239,0.0,0.0,0.0,0.0,0.0,0.0,2,0,1,0,0,0,0
CE-2302008-60216358F94A42469EC4042220976AA8,ce,1.78,0.0396,0.0,0.0,0.0,0.0,0.0,0.0,2,0,1,0,0,0,0
CE-2302008-742F32C0290D49F0BCC2DE1821141B38,ce,24.22,0.5382,0.18,0.74,0.0,0.0,0.0,0.0,1,0,1,0,0,0,0
CE-2301604-C01B9AFB895D499F8A071F7E4D72AB36,ce,60.94,1.2188,0.53,0.87,0.0,0.0,0.0,0.0,1,0,1,0,0,0,0
CE-2301851-9504E888A1144841B22C96A32A480E3B,ce,10.15,0.203,0.0,0.0,0.0,0.0,0.0,0.0,2,0,1,0,0,0,0
CE-2302008-81ABFD50A64545378BC8439DD524BF64,ce,1.57,0.035,0.05,3.18,0.0,0.0,0.0,0.0,1,0,1,0,0,0,0
CE-2302206-1EB6C8CE2C7443AFB0B20FBBD3BEAF99,ce,14.27,0.5095,0.32,2.24,0.0,0.0,0.0,0.0,1,0,1,0,0,0,0
CE-2302008-B6C5EAD639B04ED8A8676076987BB8D8,ce,62.55,1.3901,15.96,25.51,0.0,0.0,0.0,0.0,0,0,1,0,0,0,0
CE-2302008-16EBA00B81274A1B9192D6DDD43DD4CC,ce,8.03,0.1784,0.0,0.0,0.0,0.0,0.0,0.0,2,0,1,0,0,0,0
CE-2300101-67C534F6A9494CCFA4377CEAAB5B2CCC,ce,0.86,0.0191,0.0,0.0,0.0,0.0,0.0,0.0,2,0,1,0,0,0,0
CE-2302206-2E4EA34F255A45CF9B2DB6179F78A414,ce,30.05,1.0732,1.93,6.42,0.0,0.0,0.0,0.0,1,0,1,0,0,0,0
CE-2301604-A382C4EA41DB45C7AA88F736FD2AB6F6,ce,0.63,0.0126,0.0,0.0,0.0,0.0,0.0,0.0,2,0,1,0,0,0,0
CE-2302008-7448E5AAAFC14255942704CC3F94219B,ce,15.39,0.3419,0.93,6.04,0.0,0.0,0.0,0.0,1,0,1,0,0,0,0
CE-2301604-A8490228F9864853820D56427EF0296B,ce,13.37,0.2674,5.09,38.07,0.0,0.0,0.0,0.0,0,0,1,0,0,0,0
CE-2301604-5AB85ABCDFCC494AA647F1D908559C71,ce,2.52,0.0504,0.0,0.0,0.0,0.0,0.0,0.0,2,0,1,0,0,0,0
CE-2301604-E38A018FB01E4B1B904C4632BF5CD18F,ce,3.35,0.0669,0.0,0.0,0.0,0.0,0.0,0.0,2,0,1,0,0,0,0
CE-2302206-3935C37D71D3414A8F0B6F673D24626A,ce,14.09,0.503,2.91,20.66,0.0,0.0,0.0,0.0,0,0,1,0,0,0,0
CE-2302008-5B86499B6A66403683E5E25EF5DDC64E,ce,6.75,0.15,0.0,0.0,0.0,0.0,0.0,0.0,2,0,1,0,0,0,0
CE-2302206-01192484258A4991BFBCA628C6D81B62,ce,1.04,0.037,0.11,10.6,0.0,0.0,0.0,0.0,1,0,1,0,0,0,0
CE-2301604-E39A2B2DF93C4EA988A3A47F88F60CE3,ce,1.0,0.0199,0.06,6.02,0.0,0.0,0.0,0.0,1,0,1,0,0,0,0
CE-2301604-13CB609326504A23BDB7E8647EB4FBAE,ce,6.02,0.1205,0.0,0.0,0.0,0.0,0.0,0.0,2,0,1,0,0,0,0
CE-2300101-E9B4FCFEC5EF49F1ACB1FD71C85E820B,ce,15.67,0.3485,0.51,3.26,0.0,0.0,0.0,0.0,1,0,1,0,0,0,0
CE-2301604-3DFF02707D14447EA008E681004C55F5,ce,31.74,0.6348,1.83,5.77,0.0,0.0,0.0,0.0,1,0,1,0,0,0,0
CE-2301604-83DEED3D067B453494EA22BABF3AF8E5,ce,103.84,2.0767,0.36,0.35,0.0,0.0,0.0,0.0,1,0,1,0,0,0,0
CE-2302008-CF2A9425F1AE4DD3B140B756F59B86B6,ce,0.6,0.0134,0.0,0.0,0.0,0.0,0.0,0.0,2,0,1,0,0,0,0
CE-2301851-705879F3341D420CB3EAC00FA722CD63,ce,57.68,1.1537,0.09,0.16,0.0,0.0,0.0,0.0,1,0,1,0,0,0,0
CE-2300101-7224046F1A9C4BF8B87A7F9EE52DEF41,ce,0.33,0.0073,0.0,0.0,0.0,0.0,0.0,0.0,2,0,1,0,0,0,0
CE-2300150-DD166CD1C18E4748B0A0598E4C4BC2C1,ce,10.81,0.3088,0.16,1.48,0.0,0.0,0.0,0.0,1,0,1,0,0,0,0
CE-2301604-0A3F3C523C2C49B8BB74D247AC8EB9C0,ce,0.63,0.0125,0.0,0.0,0.0,0.0,0.0,0.0,2,0,1,0,0,0,0
CE-2301604-EF9900C59A53463483F9639F2D517390,ce,47.52,0.9505,1.01,2.13,0.0,0.0,0.0,0.0,1,0,1,0,0,0,0
CE-2301604-69CDC97B716D4986995C40537F969BA5,ce,1.96,0.0466,0.0,0.0,0.0,0.0,0.0,0.0,2,0,1,0,0,0,0
CE-2301604-51927816E7E6433F9C85653893B5D371,ce,30.56,0.6112,5.51,18.03,0.0,0.0,0.0,0.0,1,0,1,0,0,0,0
CE-2302008-2F9F65418D004FF0B5288BF96E3D782C,ce,5.85,0.1299,0.0,0.0,0.0,0.0,0.0,0.0,2,0,1,0,0,0,0
CE-2302206-03AA4CDA4AE54E9C8E5422C859FDBAED,ce,3.3,0.118,0.02,0.61,0.0,0.0,0.0,0.0,1,0,1,0,0,0,0
CE-2300101-EE8AE08D39324B219A78DD53604D8044,ce,0.3,0.0067,0.08,26.45,0.0,0.0,0.0,0.0,0,0,1,0,0,0,0
CE-2301851-577C4229EF1F479BB2630F0F4EA1C649,ce,12.1,0.2419,0.21,1.74,0.0,0.0,0.0,0.0,1,0,1,0,0,0,0
CE-2302206-11CF992915634BA88D934667ABB15622,ce,80.59,2.8719,1.58,1.96,0.0,0.0,0.0,0.0,1,0,1,0,0,0,0
CE-2301604-62BE33CBD62E4CD39A3C9D1C9DF22722,ce,5.25,0.1049,0.0,0.0,0.0,0.0,0.0,0.0,2,0,1,0,0,0,0
CE-2301851-ADFB5DDF5DA5438081A3B6BC09E314DA,ce,63.84,1.2769,0.09,0.14,0.0,0.0,0.0,0.0,1,0,1,0,0,0,0
CE-2301604-111123FA6A8341A69E25B603F62517A1,ce,9.39,0.1878,1.53,16.3,0.0,0.0,0.0,0.0,1,0,1,0,0,0,0
CE-2301851-8134D51E007B4BA1B9B39B24872EF6C9,ce,92.21,1.8442,0.68,0.74,0.0,0.0,0.0,0.0,1,0,1,0,0,0,0
CE-2300101-D09FADF7718243CAA966E2BE22AF1A5D,ce,6.46,0.1434,0.23,3.56,0.0,0.0,0.0,0.0,1,0,1,0,0,0,0
CE-2302008-46B9E0E6DB9741B2B2539BE615BC3F1D,ce,15.32,0.3405,2.91,18.99,0.0,0.0,0.0,0.0,1,0,1,0,0,0,0
CE-2301604-64C5719343014C8DA1D353C2A1F67343,ce,3.68,0.0736,0.44,11.96,0.0,0.0,0.0,0.0,1,0,1,0,0,0,0
CE-2301604-4E2677D1378F4FD98432F3671B0BC810,ce,92.39,1.8478,16.14,17.47,0.0,0.0,0.0,0.0,1,0,1,0,0,0,0
CE-2301604-6F70797F69284C9F968D06F801D1EEB5,ce,67.37,1.3474,8.35,12.39,0.0,0.0,0.0,0.0,1,0,1,0,0,0,0
CE-2302008-128E23BB80ED40A5BCFD700BAAD0B994,ce,22.72,0.5048,0.38,1.67,0.0,0.0,0.0,0.0,1,0,1,0,0,0,0
CE-2300101-A867EFDCA70140D69B40B0A3BD5711AE,ce,5.43,0.1206,0.0,0.0,0.0,0.0,0.0,0.0,2,0,1,0,0,0,0
CE-2302008-F44D09D768F549F18F1BE4CA52CFEE00,ce,18.96,0.4214,3.99,21.04,0.0,0.0,0.0,0.0,0,0,1,0,0,0,0
CE-2300101-8456A4B74FE34F9AABA1B95B43AD301F,ce,2.15,0.0478,0.0,0.0,0.0,0.0,0.0,0.0,2,0,1,0,0,0,0
CE-2302008-5FEB62A5D400423C8E362B1E76FD78BF,ce,23.2,0.5156,0.95,4.09,0.0,0.0,0.0,0.0,1,0,1,0,0,0,0
CE-2301604-67B5FC56F33043F6A497C2858B1F450B,ce,13.11,0.2623,0.0,0.0,0.0,0.0,0.0,0.0,2,0,1,0,0,0,0
CE-2301604-E4428ED1326C4D4BA9BBE96C6AEC5EDC,ce,34.41,0.6882,1.62,4.71,0.0,0.0,0.0,0.0,1,0,1,0,0,0,0
CE-2302206-0E69512159FB4D97BFA1274E50563E22,ce,4.32,0.1542,0.81,18.76,0.0,0.0,0.0,0.0,1,0,1,0,0,0,0
CE-2301604-D2C3F2EA3C2644F6934B25A3BC816092,ce,0.2,0.004,0.0,0.0,0.0,0.0,0.0,0.0,2,0,1,0,0,0,0
CE-2302008-FAC5014FB2904BD7B4D31F5718B5F202,ce,28.29,0.6288,0.7,2.47,0.0,0.0,0.0,0.0,1,0,1,0,0,0,0
CE-2300101-D77F8418669B42988A369BA57C14C262,ce,100.04,2.223,7.15,7.15,0.0,0.0,0.0,0.0,1,0,1,0,0,0,0
CE-2301604-BC4D513DC2B047C1BD454453517593D1,ce,5.01,0.1001,1.9,37.95,0.0,0.0,0.0,0.0,0,0,1,0,0,0,0
CE-2301851-89F51A9BFBDD4E96828A6A553B9FAFAC,ce,4.5,0.09,0.07,1.56,0.0,0.0,0.0,0.0,1,0,1,0,0,0,0
CE-2301604-309F47A3286840E5B787446AD657C5B5,ce,78.45,1.569,3.88,4.95,0.0,0.0,0.0,0.0,1,0,1,0,0,0,0
CE-2301604-31342FE34DFD4DD59D390057C880BC09,ce,0.32,0.0063,0.0,0.0,0.0,0.0,0.0,0.0,2,0,1,0,0,0,0
CE-2302008-140DA15C30FB414AA03D804D3D286641,ce,3.37,0.0748,0.0,0.0,0.0,0.0,0.0,0.0,2,0,1,0,0,0,0
CE-2302008-4230CB404DF94C12A05DFB0840069392,ce,2.02,0.0449,0.06,2.97,0.0,0.0,0.0,0.0,1,0,1,0,0,0,0
CE-2301604-6DA93EE72AD443CCBE1D229AF25B4642,ce,6.45,0.129,0.85,13.17,0.0,0.0,0.0,0.0,1,0,1,0,0,0,0
CE-2302008-4466EDC760DB452C8AF94E9A70AE6D7B,ce,70.8,1.5734,2.13,3.01,0.0,0.0,0.0,0.0,1,0,1,0,0,0,0
CE-2302206-3013F18A76E54241B54F5BCB153AF9D4,ce,5.26,0.1879,0.18,3.42,0.0,0.0,0.0,0.0,1,0,1,0,0,0,0
CE-2302206-2CE9DD05D3E34C0A99FB7B6E40141566,ce,2.4,0.0857,0.42,17.5,0.0,0.0,0.0,0.0,1,0,1,0,0,0,0
CE-2302008-ED68F48CA710499DB3921CDEFB281857,ce,36.35,0.8078,0.22,0.61,0.0,0.0,0.0,0.0,1,0,1,0,0,0,0
CE-2302008-061B0DF014974DCDAD030225FB94334C,ce,47.49,1.0553,7.1,14.95,0.0,0.0,0.0,0.0,1,0,1,0,0,0,0
CE-2300150-03C3CCFBD6A24FDF9F63120C66E64E31,ce,22.36,0.6389,0.96,4.29,0.0,0.0,0.0,0.0,1,0,1,0,0,0,0
CE-2301604-F31AA59564F643BE8679999A4515431F,ce,6.35,0.127,0.46,7.24,0.0,0.0,0.0,0.0,1,0,1,0,0,0,0
CE-2302008-72FB38A85178427D97954329A3568EA7,ce,30.6,0.68,0.79,2.58,0.0,0.0,0.0,0.0,1,0,1,0,0,0,0
CE-2302008-E536BB49826047549CFF2A578A659AA3,ce,38.13,0.8474,3.41,8.94,0.0,0.0,0.0,0.0,1,0,1,0,0,0,0
CE-2302008-AA50204723064A7EBAC0E1E89CBF3694,ce,33.64,0.7475,0.9,2.68,0.0,0.0,0.0,0.0,1,0,1,0,0,0,0
CE-2301604-1C8EDA37E7FD4FA5B61AA6B527DE0AB5,ce,3.63,0.0726,2.24,61.72,0.0,0.0,0.0,0.0,0,0,1,0,0,0,0
CE-2300101-6908127FA5C744FCA5848B11F8D3E818,ce,4.75,0.1055,0.0,0.0,0.0,0.0,0.0,0.0,2,0,1,0,0,0,0
CE-2301604-786E0445CF8D4BB39CC815A56B26D872,ce,3.07,0.0614,0.3,9.77,0.0,0.0,0.0,0.0,1,0,1,0,0,0,0
CE-2302008-75643E26AEDD423BB21EF0DE6D38134C,ce,5.33,0.1184,1.79,33.58,0.0,0.0,0.0,0.0,0,0,1,0,0,0,0
CE-2302008-97D3D930C47247308893517A883D736E,ce,27.56,0.6124,1.48,5.37,0.0,0.0,0.0,0.0,1,0,1,0,0,0,0
CE-2300101-96799A3AFC7747C397D766B5FDD14FAC,ce,1.2,0.0268,0.0,0.0,0.0,0.0,0.0,0.0,2,0,1,0,0,0,0
CE-2300101-3C335FCD0213493D9DECE891A21E3FE5,ce,10.21,0.2268,0.0,0.0,0.0,0.0,0.0,0.0,2,0,1,0,0,0,0
CE-2302008-A270CBBA353B4781B9247B0719A1D8C3,ce,23.0,0.5112,6.14,26.69,0.0,0.0,0.0,0.0,0,0,1,0,0,0,0
CE-2302008-5E2A74E5622F4273831C4613152EBCEE,ce,13.78,0.3063,0.27,1.96,0.0,0.0,0.0,0.0,1,0,1,0,0,0,0
CE-2301604-45AE90D2743E48F4B558DCD069E54574,ce,127.88,2.5575,7.65,5.98,0.0,0.0,0.0,0.0,1,0,1,0,0,0,0
CE-2301604-E27E49E1EEA94D86B2E0730E67881574,ce,34.01,0.6803,5.26,15.46,0.0,0.0,0.0,0.0,1,0,1,0,0,0,0
CE-2301604-7A3F7E305A674E569F021FA2254CBF44,ce,2.11,0.0423,0.0,0.0,0.0,0.0,0.0,0.0,2,0,1,0,0,0,0
CE-2301604-906BF875C21047B28CA9686C041DE862,ce,0.3,0.0059,0.01,3.39,0.0,0.0,0.0,0.0,1,0,1,0,0,0,0
CE-2302008-3E900B02109D439AB2A1EB719B5C1BF0,ce,3.34,0.0743,0.0,0.0,0.0,0.0,0.0,0.0,2,0,1,0,0,0,0
CE-2301851-5CD2C49CEA6F4FAA824642165128ED80,ce,20.01,0.4002,0.09,0.45,0.0,0.0,0.0,0.0,1,0,1,0,0,0,0
CE-2300101-043AF57992BE4CC4ABB5340B5CE3195E,ce,4.31,0.0958,0.27,6.27,0.0,0.0,0.0,0.0,1,0,1,0,0,0,0
CE-2300101-FE813139AE4D4F759AB85988C1478E35,ce,6.9,0.1534,0.08,1.16,0.0,0.0,0.0,0.0,1,0,1,0,0,0,0
CE-2301604-1558B4D0ADB2485EB0EC6E6327E642FF,ce,7.96,0.1592,1.33,16.71,0.0,0.0,0.0,0.0,1,0,1,0,0,0,0
CE-2302008-D982398D2A844957BC40D62A68D8DBF6,ce,38.5,0.8557,4.27,11.09,0.0,0.0,0.0,0.0,1,0,1,0,0,0,0
CE-2302206-122F4CF95DDF4351B6AFE7D7F3C90865,ce,1.55,0.0552,0.18,11.64,0.0,0.0,0.0,0.0,1,0,1,0,0,0,0
CE-2300101-42EB4B908AD242748970674F8DD04282,ce,0.18,0.004,0.0,0.0,0.0,0.0,0.0,0.0,2,0,1,0,0,0,0
CE-2301851-5A0E5F9C90E84F58A8AE18CBEBD36A98,ce,4.21,0.0843,0.0,0.0,0.0,0.0,0.0,0.0,2,0,1,0,0,0,0
CE-2302206-0D285E01B70F4E1EAF3F02194DAB9000,ce,6.72,0.24,0.13,1.93,0.0,0.0,0.0,0.0,1,0,1,0,0,0,0
CE-2300150-3081E1740BBF49E7A8A836CEA23CFFAA,ce,0.13,0.0038,0.0,0.0,0.0,0.0,0.0,0.0,2,0,1,0,0,0,0
CE-2300101-8C4AF317BC894D64B72D1E1279D35AF4,ce,0.29,0.0064,0.0,0.0,0.0,0.0,0.0,0.0,2,0,1,0,0,0,0
CE-2301851-79C3075501AD48BDBACE42699B4CC3C4,ce,27.96,0.5591,0.98,3.51,0.0,0.0,0.0,0.0,1,0,1,0,0,0,0
CE-2302008-036CD170FEDA450AAC9B8D3F2A16D88D,ce,19.77,0.4394,1.43,7.23,0.0,0.0,0.0,0.0,1,0,1,0,0,0,0
CE-2301604-C2F7392A071A446F9BFEAF04011FF5F7,ce,13.66,0.2733,3.19,23.35,0.0,0.0,0.0,0.0,0,0,1,0,0,0,0
CE-2301851-362E4127122744FEB6D8C052802E66BA,ce,6.74,0.1348,0.0,0.0,0.0,0.0,0.0,0.0,2,0,1,0,0,0,0
CE-2302206-0D4C4B37DCF347689AEC6251296B5313,ce,4.1,0.1463,0.0,0.0,0.0,0.0,0.0,0.0,2,0,1,0,0,0,0
CE-2301851-3E60D64F568D4331977F264568837B8F,ce,8.4,0.168,0.78,9.29,0.0,0.0,0.0,0.0,1,0,1,0,0,0,0
CE-2301604-13980F869CF841169CE5756DBE131E14,ce,2.0,0.0401,0.0,0.0,0.0,0.0,0.0,0.0,2,0,1,0,0,0,0
CE-2302206-3A0BFE13522B4CDE8120B24496FF9F89,ce,0.71,0.0254,0.0,0.0,0.0,0.0,0.0,0.0,2,0,1,0,0,0,0
CE-2302008-6A12D6F8962442D39A84B49E2B7C7BFE,ce,2.59,0.0576,0.0,0.0,0.0,0.0,0.0,0.0,2,0,1,0,0,0,0
CE-2300101-D1D9BA664F3A4600BC707EEEB7B77A40,ce,3.05,0.0677,0.86,28.22,0.0,0.0,0.0,0.0,0,0,1,0,0,0,0
CE-2301851-7D098BE196714E31AD00E6F588F41A30,ce,20.09,0.4019,0.0,0.0,0.0,0.0,0.0,0.0,2,0,1,0,0,0,0
CE-2301604-F2797150F4CB44E4B23794468D773435,ce,50.11,1.0022,0.55,1.1,0.0,0.0,0.0,0.0,1,0,1,0,0,0,0
CE-2301604-270BBAFD21B84A3EB2BD1F07959FF69A,ce,104.47,2.0895,8.54,8.17,0.0,0.0,0.0,0.0,1,0,1,0,0,0,0
CE-2301604-A5596DE9749944689752A4C6B7DF0EDA,ce,7.24,0.1448,1.64,22.65,0.0,0.0,0.0,0.0,0,0,1,0,0,0,0
CE-2301851-2467F1550CF74B429A85B4ADAD53D6BD,ce,20.34,0.4069,0.09,0.44,0.0,0.0,0.0,0.0,1,0,1,0,0,0,0
CE-2301851-397EB4289EA84AA39A85C46E4A19C02E,ce,33.22,0.6644,2.35,7.07,0.0,0.0,0.0,0.0,1,0,1,0,0,0,0
CE-2302008-D727CBFCCD504DF3BA6DDCC3473986D6,ce,1.46,0.0324,0.07,4.8,0.0,0.0,0.0,0.0,1,0,1,0,0,0,0
CE-2301851-66F17B22D62745C59DC193E2A96FE9B0,ce,57.91,1.1582,1.98,3.42,0.0,0.0,0.0,0.0,1,0,1,0,0,0,0
CE-2302008-FA204EED23FF4CC9B9F5D13385874715,ce,12.68,0.2818,2.12,16.72,0.0,0.0,0.0,0.0,1,0,1,0,0,0,0
CE-2302008-7EA354C319D84608ADA20547B08FBD0C,ce,86.83,1.9295,1.76,2.03,0.0,0.0,0.0,0.0,1,0,1,0,0,0,0
CE-2301851-782FF4C43A2F4440B12B119BDAF1E716,ce,52.8,1.056,0.37,0.7,0.0,0.0,0.0,0.0,1,0,1,0,0,0,0
CE-2300101-D15ABAC5907A49EB95F9FC64CC57DE35,ce,5.63,0.1251,0.09,1.6,0.0,0.0,0.0,0.0,1,0,1,0,0,0,0
CE-2302008-2F44BD1AE4C747979560492FD1748255,ce,26.3,0.5354,0.18,0.68,0.0,0.0,0.0,0.0,1,0,1,0,0,0,0
CE-2302008-C7C77F15418147DA8A4DB7EE25C2254F,ce,14.04,0.3119,0.26,1.85,0.0,0.0,0.0,0.0,1,0,1,0,0,0,0
CE-2301604-41B3BC7F76204A3589359374DEA0F6A6,ce,27.65,0.5529,0.46,1.66,0.0,0.0,0.0,0.0,1,0,1,0,0,0,0
CE-2302206-38061267DC624C74A6FE95D34437D80B,ce,3.81,0.1361,0.37,9.71,0.0,0.0,0.0,0.0,1,0,1,0,0,0,0
CE-2302008-109F702D369A4964B3AE6D6279054188,ce,32.39,0.7197,2.12,6.55,0.0,0.0,0.0,0.0,1,0,1,0,0,0,0
CE-2301851-E9F6722218174880915921291C2783D1,ce,133.0,2.6601,15.35,11.54,0.0,0.0,0.0,0.0,1,0,1,0,0,0,0
CE-2301604-41ECAC4767E5420A94C44560D5D0DA28,ce,5.12,0.1024,0.54,10.54,0.0,0.0,0.0,0.0,1,0,1,0,0,0,0
CE-2302008-622FBD967CEC4222828BC66D6E966828,ce,7.38,0.164,0.1,1.36,0.0,0.0,0.0,0.0,1,0,1,0,0,0,0
CE-2301604-11BDB85705164100896D8FA04D80E882,ce,0.47,0.0094,0.0,0.0,0.0,0.0,0.0,0.0,2,0,1,0,0,0,0
CE-2301604-0FF886091B504116B8B911BD218A398F,ce,63.79,1.2757,0.77,1.21,0.0,0.0,0.0,0.0,1,0,1,0,0,0,0
CE-2301851-80D8696BBB434904A8EC8B28678A853D,ce,15.06,0.3012,0.18,1.2,0.0,0.0,0.0,0.0,1,0,1,0,0,0,0
CE-2300101-A3D3A2DF3279426E84622A7E288ED4CE,ce,1.51,0.0336,0.0,0.0,0.0,0.0,0.0,0.0,2,0,1,0,0,0,0
CE-2301604-1E3C081F649F4B5E95FD577B0D4432DD,ce,33.62,0.6724,0.06,0.18,0.0,0.0,0.0,0.0,1,0,1,0,0,0,0
CE-2302008-1B318968369C460D957FAB8685CA8FA7,ce,25.15,0.559,0.41,1.63,0.0,0.0,0.0,0.0,1,0,1,0,0,0,0
CE-2302008-FC2B5372788B4698B7FD4F4600E8C966,ce,59.07,1.3128,4.19,7.09,0.0,0.0,0.0,0.0,1,0,1,0,0,0,0
CE-2302008-B569CA3CF4674CCE99E5AFBE21815817,ce,28.0,0.6222,3.04,10.86,0.0,0.0,0.0,0.0,1,0,1,0,0,0,0
CE-2301851-584189A7D06E4A8E98CC4321E299349F,ce,2.02,0.0403,0.0,0.0,0.0,0.0,0.0,0.0,2,0,1,0,0,0,0
CE-2301604-E318062AF6FB4FA5ABAE65AC07A764A0,ce,0.32,0.0065,0.0,0.0,0.0,0.0,0.0,0.0,2,0,1,0,0,0,0
CE-2301604-674C83E0D506466E8641326F94F52127,ce,0.48,0.0096,0.0,0.0,0.0,0.0,0.0,0.0,2,0,1,0,0,0,0
CE-2302008-9E06C630C6B64B788D3CF0F1B456D9AE,ce,140.39,3.1198,6.66,4.74,0.0,0.0,0.0,0.0,1,0,1,0,0,0,0
CE-2300150-56842298ACC945EF9398982F6DBCFFFB,ce,3.98,0.1138,0.0,0.0,0.0,0.0,0.0,0.0,2,0,1,0,0,0,0
CE-2301604-24AF3931DDFC4D13AA06A1AEE4A4427B,ce,12.4,0.2481,2.55,20.56,0.0,0.0,0.0,0.0,0,0,1,0,0,0,0
CE-2301604-85C0B97207204E2CB5437823098F3177,ce,34.97,0.6993,2.81,8.04,0.0,0.0,0.0,0.0,1,0,1,0,0,0,0
CE-2302008-CD960393BB994504978928BCBB2C5500,ce,1.75,0.039,0.72,41.03,0.0,0.0,0.0,0.0,0,0,1,0,0,0,0
CE-2300101-34CF2117BE2F41879EBBD7780F7B4452,ce,1.52,0.0338,0.0,0.0,0.0,0.0,0.0,0.0,2,0,1,0,0,0,0
CE-2300150-2BA09EE711F54767AAC947851EE5F787,ce,3.35,0.0958,0.09,2.68,0.0,0.0,0.0,0.0,1,0,1,0,0,0,0
CE-2301851-EE896F991A06456780449589E44F6477,ce,132.09,2.6419,0.38,0.29,0.0,0.0,0.0,0.0,1,0,1,0,0,0,0
CE-2302008-CDD3003EEA7C44B099FD0FDF26200ACC,ce,9.41,0.209,0.93,9.89,0.0,0.0,0.0,0.0,1,0,1,0,0,0,0
CE-2302008-45F440BB990C44A0AB18F4C1082B8FDD,ce,71.8,1.5956,1.81,2.52,0.0,0.0,0.0,0.0,1,0,1,0,0,0,0
CE-2301604-112F09F3CA2040F6957D6791A385E816,ce,21.97,0.4393,0.32,1.46,0.0,0.0,0.0,0.0,1,0,1,0,0,0,0
CE-2302008-531E62B06111422BADF478B8B1145484,ce,6.2,0.1378,0.28,4.51,0.0,0.0,0.0,0.0,1,0,1,0,0,0,0
CE-2302008-D7F7314C0A32403294C66422B7547D00,ce,15.01,0.3336,1.91,12.72,0.0,0.0,0.0,0.0,1,0,1,0,0,0,0
CE-2300150-BC2442CA31C9422A8355F5CC348ACDA6,ce,0.19,0.0055,0.0,0.0,0.0,0.0,0.0,0.0,2,0,1,0,0,0,0
CE-2301604-F0B383C138F840F58B084D7958F652CF,ce,30.0,0.5999,6.98,23.27,0.0,0.0,0.0,0.0,0,0,1,0,0,0,0
CE-2300101-647B92FFB6F848F5992C5DAABCF731A5,ce,3.02,0.067,0.0,0.0,0.0,0.0,0.0,0.0,2,0,1,0,0,0,0
CE-2300101-356956FB377A46E1BC846656F8277E9B,ce,3.4,0.0757,0.0,0.0,0.0,0.0,0.0,0.0,2,0,1,0,0,0,0
CE-2301604-D65BB5DD960D47FFA07F42B190913E02,ce,54.14,1.0828,5.33,9.84,0.0,0.0,0.0,0.0,1,0,1,0,0,0,0
CE-2302008-7BF521DC07054A6B842A502152498E59,ce,7.83,0.1741,0.06,0.77,0.0,0.0,0.0,0.0,1,0,1,0,0,0,0
CE-2301851-B8FA88D0983F4EAFB87BAFA418FAED14,ce,10.73,0.2147,0.91,8.48,0.0,0.0,0.0,0.0,1,0,1,0,0,0,0
CE-2300101-1E029095D56D4CB9B77BC53BA58CF6CF,ce,0.64,0.0143,0.0,0.0,0.0,0.0,0.0,0.0,2,0,1,0,0,0,0
CE-2300101-302B1FD6F3DB4400985CA7D12209B64B,ce,8.0,0.1777,1.13,14.13,0.0,0.0,0.0,0.0,1,0,1,0,0,0,0
CE-2301604-CF080E95AC7A47B083ACE7B7491B9FAA,ce,1.51,0.0302,0.0,0.0,0.0,0.0,0.0,0.0,2,0,1,0,0,0,0
CE-2302008-26A1DB221B7E4A94846E122B9D998CEE,ce,0.46,0.0102,0.0,0.0,0.0,0.0,0.0,0.0,2,0,1,0,0,0,0
CE-2301604-6B3E9B5E26FD4A3FA3D828D812DA5213,ce,7.16,0.1432,3.99,55.74,0.0,0.0,0.0,0.0,0,0,1,0,0,0,0
CE-2302008-CE112E05731E4B2CB9C8D52450986857,ce,6.59,0.1464,0.23,3.49,0.0,0.0,0.0,0.0,1,0,1,0,0,0,0
CE-2311306-74DF63DC2FAE4B379C6BDE3F2A8E695D,ce,11.0,0.2201,0.15,1.36,0.0,0.0,0.0,0.0,1,0,1,0,0,0,0
CE-2302206-1732F1DA50A9411E9181C2E69917F59E,ce,3.39,0.1212,2.62,77.21,0.0,0.0,0.0,0.0,0,0,1,0,0,0,0
CE-2301604-A04570A72981464681EE08A014AB759F,ce,3.46,0.0691,0.0,0.0,0.0,0.0,0.0,0.0,2,0,1,0,0,0,0
CE-2300101-2BE58419339E47BEB0E79C8DA281581E,ce,8.89,0.1976,0.23,2.59,0.0,0.0,0.0,0.0,1,0,1,0,0,0,0
CE-2300101-2D41099C69474B48A83B9CF3780CFDF7,ce,23.89,0.5309,0.09,0.38,0.0,0.0,0.0,0.0,1,0,1,0,0,0,0
CE-2300101-C61DD3E112A0445CB684AC72491179BE,ce,2.95,0.0654,0.0,0.0,0.0,0.0,0.0,0.0,2,0,1,0,0,0,0
CE-2301604-DDB8759ADA7440FC838C3AC49DB93393,ce,27.96,0.5591,0.59,2.11,0.0,0.0,0.0,0.0,1,0,1,0,0,0,0
CE-2300150-5F1BA991AE6644529457F16641820AA5,ce,0.28,0.0079,0.0,0.0,0.0,0.0,0.0,0.0,2,0,1,0,0,0,0
CE-2300101-0757C838426F47D794FFA707E296B370,ce,10.12,0.2248,0.0,0.0,0.0,0.0,0.0,0.0,2,0,1,0,0,0,0
CE-2300150-9E2A1522C2A24F9998B5B0FD15FDFAC0,ce,1.39,0.0398,0.0,0.0,0.0,0.0,0.0,0.0,2,0,1,0,0,0,0
CE-2302008-9944897C81EE483580A90FEDC4BA1823,ce,5.08,0.1129,0.0,0.0,0.0,0.0,0.0,0.0,2,0,1,0,0,0,0
CE-2301604-6E190862ED424D87853E228D2EF9E25D,ce,19.48,0.3897,0.0,0.0,0.0,0.0,0.0,0.0,2,0,1,0,0,0,0
CE-2301604-B52558C662A24F9798A186CFF50D3CF3,ce,9.72,0.1943,0.0,0.0,0.0,0.0,0.0,0.0,2,0,1,0,0,0,0
CE-2300101-9A10D9FF6F63493595973330AC611150,ce,2.01,0.0447,0.0,0.0,0.0,0.0,0.0,0.0,2,0,1,0,0,0,0
CE-2300101-DC75FA5109694CCCA9E1B4256E61F3D8,ce,0.46,0.0101,0.0,0.0,0.0,0.0,0.0,0.0,2,0,1,0,0,0,0
CE-2302008-7241F5AA9E194AD3BA43A92F813CFE08,ce,5.83,0.1296,0.08,1.37,0.0,0.0,0.0,0.0,1,0,1,0,0,0,0
CE-2301851-6324698420E04891925AADB74E7FAD9F,ce,21.64,0.4226,0.02,0.09,0.0,0.0,0.0,0.0,1,0,1,0,0,0,0
CE-2301851-4679AA08F3FB45ADA280F655E5DDDF3E,ce,119.55,2.391,3.13,2.62,0.0,0.0,0.0,0.0,1,0,1,0,0,0,0
CE-2302008-B5281D9FDD824FA881FFBE0EFC36EE24,ce,6.84,0.152,0.26,3.8,0.0,0.0,0.0,0.0,1,0,1,0,0,0,0
CE-2301604-04D21AE0C5E24D5A914365A6666FBD24,ce,18.72,0.3744,0.84,4.49,0.0,0.0,0.0,0.0,1,0,1,0,0,0,0
CE-2301604-F5E029B363E54686B9F569A64D777B89,ce,22.86,0.4572,2.23,9.76,0.0,0.0,0.0,0.0,1,0,1,0,0,0,0
CE-2300101-2CD29BD075334FDB982546096F9C567A,ce,24.97,0.5549,0.0,0.0,0.0,0.0,0.0,0.0,2,0,1,0,0,0,0
CE-2301851-E1F3716E014340DB98A6CFCBBAEAFA90,ce,9.43,0.1886,0.0,0.0,0.0,0.0,0.0,0.0,2,0,1,0,0,0,0
CE-2300101-EB2D98F1A2B0428CA3534125E7409D36,ce,0.31,0.0068,0.0,0.0,0.0,0.0,0.0,0.0,2,0,1,0,0,0,0
CE-2302008-1E083ADC5B3247EB92411E577B6792A7,ce,1.8,0.0401,0.0,0.0,0.0,0.0,0.0,0.0,2,0,1,0,0,0,0
CE-2301604-063D295898644AD3BC49FAC11A08C7C0,ce,0.34,0.0069,0.0,0.0,0.0,0.0,0.0,0.0,2,0,1,0,0,0,0
CE-2300150-1992EB5FD8394FF3BBF2B0651D51E626,ce,2.16,0.0616,0.0,0.0,0.0,0.0,0.0,0.0,2,0,1,0,0,0,0
CE-2300150-65A2131228484C81A88CDD9A6C26638B,ce,49.45,1.4128,3.27,6.61,0.0,0.0,0.0,0.0,1,0,1,0,0,0,0
CE-2302008-DA685EF6D786413991966C2E97D14E8F,ce,12.18,0.2706,0.0,0.0,0.0,0.0,0.0,0.0,2,0,1,0,0,0,0
CE-2302008-12A5F9DC55154EB99589061E813335D8,ce,113.19,2.5154,12.07,10.66,0.0,0.0,0.0,0.0,1,0,1,0,0,0,0
CE-2301604-BC1AFD5EBD2F453B94C09F26C3A400B9,ce,37.72,0.7543,0.0,0.0,0.0,0.0,0.0,0.0,2,0,1,0,0,0,0
CE-2301604-1EF32663AB3848DC9FDFA3BB2E16C4E1,ce,18.44,0.3689,0.44,2.39,0.0,0.0,0.0,0.0,1,0,1,0,0,0,0
CE-2301604-539A73CD0EB545DDBB0C4C25F56C0BAA,ce,18.13,0.3626,1.95,10.76,0.0,0.0,0.0,0.0,1,0,1,0,0,0,0
CE-2301851-21CAE96615EC449EAA7D45126917DF7E,ce,222.17,4.4433,1.51,0.68,0.0,0.0,0.0,0.0,1,0,1,0,0,0,0
CE-2301604-8561ABAF9F1E4D22B6E33916E4C7BBE3,ce,15.13,0.3027,0.01,0.07,0.0,0.0,0.0,0.0,1,0,1,0,0,0,0
CE-2302008-C0B835B6542B4B2B927DC68F0EF504F5,ce,8.06,0.179,0.82,10.18,0.0,0.0,0.0,0.0,1,0,1,0,0,0,0
CE-2301851-05CF6F55E92F4063B3FFC533BEADA203,ce,7.89,0.1578,0.08,1.01,0.0,0.0,0.0,0.0,1,0,1,0,0,0,0
CE-2302206-2C76E84D84FB46468C1F823311044D00,ce,2.85,0.1018,0.23,8.07,0.0,0.0,0.0,0.0,1,0,1,0,0,0,0
CE-2300101-4EB5D1AE1DC943DAA597935F3DB937ED,ce,0.43,0.0096,0.0,0.0,0.0,0.0,0.0,0.0,2,0,1,0,0,0,0
CE-2302008-98FEE7B6AA5B4B01A65147CFFFB337C7,ce,12.75,0.2833,0.57,4.47,0.0,0.0,0.0,0.0,1,0,1,0,0,0,0
CE-2302008-2094A61FEFD04420B9C61C3E0B1E22FB,ce,22.03,0.4897,2.46,11.16,0.0,0.0,0.0,0.0,1,0,1,0,0,0,0
CE-2302008-8D31B8007EC7467289EFCE27D1421365,ce,133.03,2.9563,3.56,2.68,0.0,0.0,0.0,0.0,1,0,1,0,0,0,0
CE-2300150-776BC214C39944E3AC24F9385EBC5026,ce,164.81,4.7088,4.31,2.62,0.0,0.0,0.0,0.0,1,0,1,0,0,0,0
CE-2302008-0070AC023BBC4A7BAA066197DF2C72AB,ce,1.63,0.0362,0.0,0.0,0.0,0.0,0.0,0.0,2,0,1,0,0,0,0
CE-2301604-D5241D5E8EBF40929E137B9FB4DA7947,ce,38.03,0.7607,7.17,18.85,0.0,0.0,0.0,0.0,1,0,1,0,0,0,0
CE-2301604-92E344AC138B48009652C9EC127789BE,ce,39.51,0.7902,4.29,10.86,0.0,0.0,0.0,0.0,1,0,1,0,0,0,0
CE-2300150-4155AB09965646249C21666DA67FDE8B,ce,0.9,0.0256,0.0,0.0,0.0,0.0,0.0,0.0,2,0,1,0,0,0,0
CE-2301604-5ED58E95C9D54713850C8A5425D15226,ce,450.36,9.0071,43.66,9.69,0.0,0.0,0.0,0.0,1,0,1,0,0,0,0
CE-2300101-7A3C97BBD3E649FE97BAC426D16E9BD9,ce,15.44,0.3431,0.0,0.0,0.0,0.0,0.0,0.0,2,0,1,0,0,0,0
CE-2301604-AA34F5A59AE14729B59569C872770F35,ce,2.84,0.0569,0.0,0.0,0.0,0.0,0.0,0.0,2,0,1,0,0,0,0
CE-2301604-C306504018E7496D8EDD7DD1C53F91B1,ce,174.99,3.4997,5.76,3.29,0.0,0.0,0.0,0.0,1,0,1,0,0,0,0
CE-2300101-529F51C633584BBCB176EB9E85A37EBA,ce,9.61,0.2135,0.05,0.52,0.0,0.0,0.0,0.0,1,0,1,0,0,0,0
CE-2301851-51667E1D5068476AA98BCD3C9DE1F015,ce,76.32,1.5263,0.01,0.01,0.0,0.0,0.0,0.0,1,0,1,0,0,0,0
CE-2302008-60D04CA41AF54A819BC127594610914C,ce,8.78,0.1866,1.63,18.57,0.0,0.0,0.0,0.0,1,0,1,0,0,0,0
CE-2301604-C5901707D6D2490DAB38BBB9016BDFDA,ce,7.14,0.1428,0.09,1.26,0.0,0.0,0.0,0.0,1,0,1,0,0,0,0
CE-2302206-26CEFFBE52474230BDE907391B5EE48F,ce,42.45,1.5162,20.92,49.28,0.0,0.0,0.0,0.0,0,0,1,0,0,0,0
CE-2300101-39DE8E97CB114E7580B1DE510B330B2D,ce,2.23,0.0495,0.0,0.0,0.0,0.0,0.0,0.0,2,0,1,0,0,0,0
CE-2300101-CBCE6D737E3C4B8896CB3E6F9594F877,ce,0.61,0.0136,0.0,0.0,0.0,0.0,0.0,0.0,2,0,1,0,0,0,0
CE-2301604-F2EBBAB7D06046EF926C2CBF32C4DFDC,ce,154.22,3.0843,1.76,1.14,0.0,0.0,0.0,0.0,1,0,1,0,0,0,0
CE-2300101-F30718575C854D82A92A43EB5B6B92CD,ce,96.9,2.1534,7.91,8.16,0.0,0.0,0.0,0.0,1,0,1,0,0,0,0
CE-2301851-ECA6954C96E04435A38070D34C4FA436,ce,53.5,1.0663,0.0,0.0,0.0,0.0,0.0,0.0,2,0,1,0,0,0,0
CE-2300101-D6DCA91D1B66448198603B0DAA4A602F,ce,79.37,1.7638,0.84,1.06,0.0,0.0,0.0,0.0,1,0,1,0,0,0,0
CE-2301851-C5A75986AC2045CCB797311729E81692,ce,39.64,0.7928,0.56,1.41,0.0,0.0,0.0,0.0,1,0,1,0,0,0,0
CE-2300101-41F3D4CF6FB64AEBA980D7C127B039CA,ce,3.4,0.0755,0.0,0.0,0.0,0.0,0.0,0.0,2,0,1,0,0,0,0
CE-2300101-4873E96E052F45A28B36EEBEE63F1411,ce,0.46,0.0102,0.0,0.0,0.0,0.0,0.0,0.0,2,0,1,0,0,0,0
CE-2300150-4420198220CF4621A0EB9E443D3E4471,ce,0.14,0.0039,0.0,0.0,0.0,0.0,0.0,0.0,2,0,1,0,0,0,0
CE-2301604-5CC4800B7DC14DD3989BB67FADDFFDDE,ce,0.12,0.0024,0.0,0.0,0.0,0.0,0.0,0.0,2,0,1,0,0,0,0
CE-2300150-321C0C1C1ED64507A44D2B843FD1052A,ce,0.16,0.0045,0.0,0.0,0.0,0.0,0.0,0.0,2,0,1,0,0,0,0
CE-2301851-368B639E31A84FABAC2AF7A68532501A,ce,7.93,0.1587,1.18,14.87,0.0,0.0,0.0,0.0,1,0,1,0,0,0,0
CE-2302008-EE8165D7CDC24626AA7EE4DF83539390,ce,14.11,0.3135,0.0,0.0,0.0,0.0,0.0,0.0,2,0,1,0,0,0,0
CE-2301851-57FE3C3286BD45789F9030A746C14ED0,ce,199.06,3.9811,0.71,0.36,0.0,0.0,0.0,0.0,1,0,1,0,0,0,0
CE-2301851-019681680EDF41FBA63EFA31C887D940,ce,28.31,0.5662,0.15,0.53,0.0,0.0,0.0,0.0,1,0,1,0,0,0,0
CE-2302008-27485274D2174D2698B1D50BF956F9E7,ce,18.25,0.4055,0.4,2.19,0.0,0.0,0.0,0.0,1,0,1,0,0,0,0
CE-2302008-7BF04BFE88664358B3673C6216B656C0,ce,18.3,0.4066,0.86,4.7,0.0,0.0,0.0,0.0,1,0,1,0,0,0,0
CE-2302008-5D6356F6B5BA4DB680191241A0DF77A0,ce,30.21,0.6714,0.63,2.09,0.0,0.0,0.0,0.0,1,0,1,0,0,0,0
CE-2302206-1FD84E34B0D5418CBEB577B5F91DD640,ce,1.25,0.0445,0.01,0.8,0.0,0.0,0.0,0.0,1,0,1,0,0,0,0
CE-2302206-0702165D60674371810CA5159650D2DF,ce,7.06,0.2522,5.4,76.47,0.0,0.0,0.0,0.0,0,0,1,0,0,0,0
CE-2300150-49942A277D1844E18106F832FBB516AC,ce,0.83,0.0236,0.0,0.0,0.0,0.0,0.0,0.0,2,0,1,0,0,0,0
CE-2301604-19CA4A4A61C24FD79DAA26D22C0D2AB6,ce,21.68,0.4336,0.23,1.06,0.0,0.0,0.0,0.0,1,0,1,0,0,0,0
CE-2302008-E56D09B70DF24B77AB8C6A0ED898553F,ce,19.54,0.4342,0.0,0.0,0.0,0.0,0.0,0.0,2,0,1,0,0,0,0
CE-2300101-313C7A2BA7C04549A63CA61C5DA75D99,ce,0.25,0.0056,0.0,0.0,0.0,0.0,0.0,0.0,2,0,1,0,0,0,0
CE-2301604-22AE713F44D843D58C542024A12B710C,ce,0.11,0.0022,0.0,0.0,0.0,0.0,0.0,0.0,2,0,1,0,0,0,0
CE-2301851-1FAC5C0E2B7D406CB5534B741B097D0D,ce,30.24,0.6048,0.18,0.6,0.0,0.0,0.0,0.0,1,0,1,0,0,0,0
CE-2301604-DAC2EC6D7C944B47ADF3E58803FE3A68,ce,0.57,0.0114,0.0,0.0,0.0,0.0,0.0,0.0,2,0,1,0,0,0,0
CE-2301604-05F942F47ADC483EA88223B04A49D495,ce,4.24,0.0848,0.75,17.69,0.0,0.0,0.0,0.0,1,0,1,0,0,0,0
CE-2302008-5F01A2519EC542FAB2C33AB8571ED293,ce,32.34,0.7187,9.56,29.56,0.0,0.0,0.0,0.0,0,0,1,0,0,0,0
CE-2301604-BDF07386F4F8431D87F8C8AB944CEA10,ce,4.87,0.0975,0.0,0.0,0.0,0.0,0.0,0.0,2,0,1,0,0,0,0
CE-2302008-B8E57E567B544A50A86134E65DA026BF,ce,18.7,0.4156,0.23,1.23,0.0,0.0,0.0,0.0,1,0,1,0,0,0,0
CE-2308104-6B660BF4FD4448459ED3662587C3BBC6,ce,21.32,0.4738,2.26,10.6,0.0,0.0,0.0,0.0,1,0,1,0,0,0,0
CE-2302008-C848B163F52943F099FBF4F466DACD92,ce,48.85,1.0856,1.58,3.23,0.0,0.0,0.0,0.0,1,0,1,0,0,0,0
CE-2301604-1EC112C9E72740FB902AED6355ECFE70,ce,177.11,3.542,8.43,4.76,0.0,0.0,0.0,0.0,1,0,1,0,0,0,0
CE-2302008-33AA82ED7CB445F88D12B80779B65FB0,ce,45.28,1.0063,3.84,8.48,0.0,0.0,0.0,0.0,1,0,1,0,0,0,0
CE-2301604-0F59C49D73F54597B9AA222CC07E8D4B,ce,6.82,0.1363,0.35,5.13,0.0,0.0,0.0,0.0,1,0,1,0,0,0,0
CE-2301604-8B4B41C4B54B43699EFE4CEDD1425834,ce,0.54,0.0108,0.0,0.0,0.0,0.0,0.0,0.0,2,0,1,0,0,0,0
CE-2302206-2B8A43A7E22E4EC4936AB14073C8F785,ce,4.2,0.15,0.02,0.48,0.0,0.0,0.0,0.0,1,0,1,0,0,0,0
CE-2302206-39F68FFC227B417C86D7136D6CE10292,ce,2.83,0.1011,0.0,0.0,0.0,0.0,0.0,0.0,2,0,1,0,0,0,0
CE-2302206-382A2BBBCC924AD58B3F73232D78220A,ce,0.11,0.0041,0.0,0.0,0.0,0.0,0.0,0.0,2,0,1,0,0,0,0
CE-2302008-46B23BF952BF4658B9FD9AAD09A89B06,ce,3.92,0.0871,0.01,0.26,0.0,0.0,0.0,0.0,1,0,1,0,0,0,0
CE-2300101-F1980DDCC5B2442D9A9E1AD68501213C,ce,18.76,0.4169,0.02,0.11,0.0,0.0,0.0,0.0,1,0,1,0,0,0,0
CE-2301604-5825567EB1F64599ADFECA9E641C8014,ce,4.46,0.0892,0.0,0.0,0.0,0.0,0.0,0.0,2,0,1,0,0,0,0
CE-2301604-96D0C0612BBC4D4A9EF80AA7AA4F90D4,ce,6.48,0.1297,0.19,2.93,0.0,0.0,0.0,0.0,1,0,1,0,0,0,0
CE-2301851-F821EE1301674E098B7D4B7B379B4A20,ce,73.64,1.4728,2.86,3.88,0.0,0.0,0.0,0.0,1,0,1,0,0,0,0
CE-2301604-5F382E9EA68543D2B8784B401B464AA3,ce,15.83,0.3166,5.39,34.05,0.0,0.0,0.0,0.0,0,0,1,0,0,0,0
CE-2300150-D3F12B03D48049D89D5BFC3321B341AD,ce,56.01,1.6003,3.37,6.02,0.0,0.0,0.0,0.0,1,0,1,0,0,0,0
CE-2302008-7CAA2BA919DC43678E4EBDBC4BF5337B,ce,43.86,0.9747,1.72,3.92,0.0,0.0,0.0,0.0,1,0,1,0,0,0,0
ES-3201407-BE044F12DE394B649C45C78937046F27,es,37.28,2.07,0.0,0.0,0.0,0.0,0.0,0.0,2,0,0,0,1,0,0
ES-3201407-1DE1AEF8C51C46F084AFFDFC2D921302,es,7.08,0.39,3.08,43.5,0.0,0.0,0.0,0.0,0,0,0,0,1,0,0
ES-3201209-00776EB36A3F43A0B6B4FD3821AE49CB,es,14.63,0.91,1.01,6.9,0.0,0.0,0.0,0.0,1,0,0,0,1,0,0
ES-3201407-23D96C553EC348119C139D732AAB4CF3,es,3.59,0.2,0.0,0.0,0.0,0.0,0.0,0.0,2,0,0,0,1,0,0
ES-3201407-0D44A2EBD52D444AAD46042D815F1E99,es,5.31,0.29,0.61,11.49,0.0,0.0,0.0,0.0,1,0,0,0,1,0,0
ES-3201407-C6CE41D0C13C4A2D95CDC1421EAA9858,es,4.61,0.26,1.61,34.92,0.0,0.0,0.0,0.0,0,0,0,0,1,0,0
ES-3201159-44834D51289C4B6E870AFA2725941D93,es,17.35,0.87,4.09,23.57,0.0,0.0,0.0,0.0,0,0,0,0,1,0,0
ES-3201407-4F819EACF25348E1B1AA3C5DC833C495,es,2.42,0.13,0.0,0.0,0.0,0.0,0.0,0.0,2,0,0,0,1,0,0
ES-3201407-C96BC8EF8A6D48C1AEF9A28911539D0D,es,49.48,2.75,0.75,1.52,0.0,0.0,0.0,0.0,1,0,0,0,1,0,0
ES-3201159-2D72C370A52B4B78AE6989CEE5053667,es,3.43,0.17,0.47,13.7,0.0,0.0,0.0,0.0,1,0,0,0,1,0,0
ES-3201209-7C11E03CEDC34DEBA12A4E3D3B177814,es,6.37,0.4,0.0,0.0,0.0,0.0,0.0,0.0,2,0,0,0,1,0,0
ES-3201506-22A49957765343DA9CB3BD0568848CF5,es,25.54,1.42,0.0,0.0,0.0,0.0,0.0,0.0,2,0,0,0,1,0,0
ES-3201407-57D2AC6CDB60416DB596511F992ADF57,es,15.0,0.83,3.95,26.33,0.0,0.0,0.0,0.0,0,0,0,0,1,0,0
ES-3201407-7DFF2ADC834E4E3FB0E9F5A119B982F8,es,4.81,0.27,0.22,4.57,0.0,0.0,0.0,0.0,1,0,0,0,1,0,0
ES-3201308-4D2DC3798B4B461EB0B256A1C83FFBD2,es,7.4,0.62,0.34,4.59,0.0,0.0,0.0,0.0,1,0,0,0,1,0,0
ES-3201407-A6A9C39131A84179B49E4A195683CAD5,es,4.83,0.27,2.08,43.06,0.0,0.0,0.0,0.0,0,0,0,0,1,0,0
ES-3201159-45174ECE568542BCBD077AE721402F3B,es,11.77,0.59,2.63,22.34,0.0,0.0,0.0,0.0,0,0,0,0,1,0,0
ES-3201506-D0E17BE16CC54C82A545B4EECAAC7124,es,58.9,3.27,0.08,0.14,0.0,0.0,0.0,0.0,1,0,0,0,1,0,0
ES-3201506-04059AA231F5426481EC5F9B12B50E3D,es,113.55,6.31,6.03,5.31,0.0,0.0,0.0,0.0,1,0,0,0,1,0,0
ES-3201506-520300430EC6425BAA18AE5013CA8093,es,2.69,0.15,0.55,20.45,0.0,0.0,0.0,0.0,0,0,0,0,1,0,0
ES-3201506-CEE3F9371FB74495888ED3EB96BF8521,es,57.91,3.22,1.38,2.38,0.0,0.0,0.0,0.0,1,0,0,0,1,0,0
ES-3201209-40CD25BC2BF54CB3A96E54C202C1E15B,es,95.96,6.0,0.42,0.44,0.0,0.0,0.0,0.0,1,0,0,0,1,0,0
ES-3201407-19B874CD29DF44A5948955C3E6A61D36,es,2.56,0.14,0.17,6.64,0.0,0.0,0.0,0.0,1,0,0,0,1,0,0
ES-3201506-AFC6A7AC08E4404D9C95105B6BB884F2,es,31.04,1.72,2.3,7.41,0.0,0.0,0.0,0.0,1,0,0,0,1,0,0
ES-3201407-37C41A4022D942F3A920E5513B8F3897,es,5.62,0.31,0.43,7.65,0.0,0.0,0.0,0.0,1,0,0,0,1,0,0
ES-3201506-D05361B3B8234C64B39BC02BC6C38C20,es,47.01,2.61,2.29,4.87,0.0,0.0,0.0,0.0,1,0,0,0,1,0,0
ES-3201209-1CC9C5B2624741D3A2B4845A63E3DDC1,es,49.6,3.1,8.93,18.0,0.0,0.0,0.0,0.0,1,0,0,0,1,0,0
ES-3201506-58374AED372C42089A9FC74B59E4EA47,es,32.37,1.8,14.13,43.65,0.0,0.0,0.0,0.0,0,0,0,0,1,0,0
ES-3201407-DD7FF616A5D7441F859C175C7EEFF7F7,es,4.62,0.26,0.0,0.0,0.0,0.0,0.0,0.0,2,0,0,0,1,0,0
ES-3201506-833C747FC661458DB24FF80AAB842F10,es,10.82,0.6,0.09,0.83,0.0,0.0,0.0,0.0,1,0,0,0,1,0,0
ES-3201159-17BFB7AFDB3D45C1862D6E62A45F8FCD,es,15.27,0.76,0.0,0.0,0.0,0.0,0.0,0.0,2,0,0,0,1,0,0
ES-3201209-7213222AAAF8456380BD3595497AF36C,es,29.05,1.82,2.89,9.95,0.0,0.0,0.0,0.0,1,0,0,0,1,0,0
ES-3201407-18B214887DDA40D59F21B99520BF10DC,es,175.26,9.74,11.84,6.76,0.0,0.0,0.0,0.0,1,0,0,0,1,0,0
ES-3201407-383E26D9E43740B58238AE687DEE8FED,es,12.49,0.69,1.77,14.17,0.0,0.0,0.0,0.0,1,0,0,0,1,0,0
ES-3201506-5EB05E1C2A8D454E91ACEEC2B81CC969,es,14.26,0.79,0.25,1.75,0.0,0.0,0.0,0.0,1,0,0,0,1,0,0
ES-3201209-C5D7F11391EA4A5AB8A180B5993C1D7A,es,20.06,1.25,0.01,0.05,0.0,0.0,0.0,0.0,1,0,0,0,1,0,0
ES-3201407-77A15805C2024FCAA833CD3565F4A699,es,4.07,0.23,0.03,0.74,0.0,0.0,0.0,0.0,1,0,0,0,1,0,0
ES-3201159-09EFDE53F685411FA51124BA1A3E038A,es,7.87,0.39,2.91,36.98,0.0,0.0,0.0,0.0,0,0,0,0,1,0,0
ES-3201308-3E17DF5687EF46E9AEB0E35BB45A52A6,es,18.02,1.5,2.88,15.98,0.0,0.0,0.0,0.0,1,0,0,0,1,0,0
ES-3201407-E1B66E069F834275B4032DD6436EAAA2,es,22.89,1.27,3.87,16.91,0.0,0.0,0.0,0.0,1,0,0,0,1,0,0
ES-3201407-72B119FD5D9F410195A654876EAD23D3,es,2.02,0.11,0.0,0.0,0.0,0.0,0.0,0.0,2,0,0,0,1,0,0
ES-3201100-34A064D9BEE14A4DBEAACDC30345AEB8,es,79.52,3.96,1.47,1.85,0.0,0.0,0.0,0.0,1,0,0,0,1,0,0
ES-3201506-60BE79A197354645819254493187F75E,es,78.18,4.34,2.61,3.34,0.0,0.0,0.0,0.0,1,0,0,0,1,0,0
ES-3201159-E1AEB8B65C804650AAC8F4EE35F3AE95,es,9.98,0.5,0.04,0.4,0.0,0.0,0.0,0.0,1,0,0,0,1,0,0
ES-3201506-A351587EFCDC42BB9DBE5F72124872A5,es,2.33,0.13,0.02,0.86,0.0,0.0,0.0,0.0,1,0,0,0,1,0,0
ES-3201100-3CAD06A5D9354FAA80BC481C0B0FFC5B,es,6.75,0.34,0.0,0.0,0.0,0.0,0.0,0.0,2,0,0,0,1,0,0
ES-3201407-2B708D68AF7D40D195E51409ACD688CD,es,12.66,0.7,0.18,1.42,0.0,0.0,0.0,0.0,1,0,0,0,1,0,0
ES-3201209-D35BBBD4D7FD455A8009D0EE7C2F349F,es,21.49,1.34,0.17,0.79,0.0,0.0,0.0,0.0,1,0,0,0,1,0,0
ES-3201209-04EC67D1B34E4F7487C1DAFC15AAC3BD,es,16.24,1.01,0.84,5.17,0.0,0.0,0.0,0.0,1,0,0,0,1,0,0
ES-3201209-492521F2D7CB4F918D63370E9D912EB6,es,14.55,0.91,0.34,2.34,0.0,0.0,0.0,0.0,1,0,0,0,1,0,0
ES-3201209-F359D6067C8E49C48C46206BE9234770,es,10.24,0.64,0.0,0.0,0.0,0.0,0.0,0.0,2,0,0,0,1,0,0
ES-3201506-5AD8AE5F8E5D465F957ECC08E2171619,es,3.9,0.22,2.05,52.56,0.0,0.0,0.0,0.0,0,0,0,0,1,0,0
ES-3201407-3C27FF9CEB8D47F3B5D2170AAE8D35E5,es,5.97,0.33,0.0,0.0,0.0,0.0,0.0,0.0,2,0,0,0,1,0,0
ES-3201506-4F207B3C42A645A587306836476C7D74,es,3.0,0.17,0.0,0.0,0.0,0.0,0.0,0.0,2,0,0,0,1,0,0
ES-3201209-A0945D0113A940DD9AAF228AE21DE6C6,es,14.36,0.9,0.0,0.0,0.0,0.0,0.0,0.0,2,0,0,0,1,0,0
ES-3201506-432983EB4CCB4C4F9097580836A3BC07,es,14.07,0.78,1.99,14.14,0.0,0.0,0.0,0.0,1,0,0,0,1,0,0
ES-3201209-A0F3D98158DF4257AD01A539D4077651,es,10.13,0.63,0.33,3.26,0.0,0.0,0.0,0.0,1,0,0,0,1,0,0
ES-3201506-BC10FCDC669B4FDA9D505B8ECD0FABE5,es,3.58,0.2,0.0,0.0,0.0,0.0,0.0,0.0,2,0,0,0,1,0,0
ES-3201209-631CF52D961046AAAC3B06C46AF44B30,es,10.17,0.64,0.0,0.0,0.0,0.0,0.0,0.0,2,0,0,0,1,0,0
ES-3201209-687DAD8820E843509DBFFC3CFC7ECBEB,es,4.82,0.3,0.03,0.62,0.0,0.0,0.0,0.0,1,0,0,0,1,0,0
ES-3201159-A6AECF75FEE242E0B3BF4500CA1E2A41,es,9.8,0.49,0.25,2.55,0.0,0.0,0.0,0.0,1,0,0,0,1,0,0
ES-3201506-453F3AA5ECFD4E32A0ADBF56040724F5,es,19.85,1.1,3.11,15.67,0.0,0.0,0.0,0.0,1,0,0,0,1,0,0
ES-3201407-ABBC15D728E44BA7807874DFF5F42704,es,4.01,0.22,2.32,57.86,0.0,0.0,0.0,0.0,0,0,0,0,1,0,0
ES-3201100-9016F46881F6466CB6EEE3AD81C4A065,es,7.55,0.38,0.19,2.52,0.0,0.0,0.0,0.0,1,0,0,0,1,0,0
ES-3201159-BCBB22E3E1944B48AC8D126E7FA17E68,es,11.64,0.58,5.02,43.13,0.0,0.0,0.0,0.0,0,0,0,0,1,0,0
ES-3201506-546D8CD94FED4072B288848BFD753FD1,es,2.16,0.12,0.0,0.0,0.0,0.0,0.0,0.0,2,0,0,0,1,0,0
ES-3201209-7C53942E23FF4DD2823DD91F6BE03CB9,es,5.97,0.37,0.03,0.5,0.0,0.0,0.0,0.0,1,0,0,0,1,0,0
ES-3201506-C2F3977128F743BC9E85861CCDBE8A03,es,36.66,2.04,0.0,0.0,0.0,0.0,0.0,0.0,2,0,0,0,1,0,0
ES-3201407-BC4729D2CA5B48CEBDD1E42AF23A35D6,es,6.02,0.33,0.0,0.0,0.0,0.0,0.0,0.0,2,0,0,0,1,0,0
ES-3201209-8A3AEFFF7DDC495E95339661F333C240,es,9.04,0.57,0.0,0.0,0.0,0.0,0.0,0.0,2,0,0,0,1,0,0
ES-3201407-5CF766AD4E1F4ADC92CD8F3B717E31EA,es,237.76,13.21,1.48,0.62,0.0,0.0,0.0,0.0,1,0,0,0,1,0,0
ES-3201159-686D492AA3C040E68A2F22482FD323D9,es,15.11,0.76,8.77,58.04,0.0,0.0,0.0,0.0,0,0,0,0,1,0,0
ES-3201209-E0FE9E470A6D4E3B8A53721DAA68BAC4,es,9.65,0.6,1.23,12.75,0.0,0.0,0.0,0.0,1,0,0,0,1,0,0
ES-3201209-8C9D230420B44EB1A0FBF2F292F65FB0,es,2.84,0.18,0.0,0.0,0.0,0.0,0.0,0.0,2,0,0,0,1,0,0
ES-3201209-9128A501ED284BE091031B2D76F48E6A,es,9.68,0.61,0.5,5.17,0.0,0.0,0.0,0.0,1,0,0,0,1,0,0
ES-3201506-53BD7B8EA152472B9DD5AE103C7FC936,es,35.78,1.99,1.98,5.53,0.0,0.0,0.0,0.0,1,0,0,0,1,0,0
ES-3201159-83543D58B5B747C7A2E7E3EA23DEE384,es,13.33,0.67,12.64,94.82,0.0,0.0,0.0,0.0,0,0,0,0,1,0,0
ES-3201407-E70A7E8AD28D453EBE465DA6AA7E389B,es,11.29,0.63,0.0,0.0,0.0,0.0,0.0,0.0,2,0,0,0,1,0,0
ES-3201506-6F862B35F4624BF28A552525C4B98762,es,3.81,0.21,0.39,10.24,0.0,0.0,0.0,0.0,1,0,0,0,1,0,0
ES-3201209-23C51C19B3754788BD6DD125AA60CC0F,es,22.36,1.4,1.57,7.02,0.0,0.0,0.0,0.0,1,0,0,0,1,0,0
ES-3201506-906D277280C94C5B9AB28AAB081D1EFF,es,14.59,0.81,2.46,16.86,0.0,0.0,0.0,0.0,1,0,0,0,1,0,0
ES-3201159-80369B60A95C429E99E7BC14D3964FC8,es,12.35,0.62,7.55,61.13,0.0,0.0,0.0,0.0,0,0,0,0,1,0,0
ES-3201407-60484E7169994B4A86F25AD454078B23,es,57.89,3.22,0.0,0.0,0.0,0.0,0.0,0.0,2,0,0,0,1,0,0
ES-3201209-CB9FA4DCE5364C5493D024BC140FF439,es,25.87,1.62,1.33,5.14,0.0,0.0,0.0,0.0,1,0,0,0,1,0,0
ES-3201407-9490ED55414442E0906E7C77724FC083,es,23.68,1.32,4.83,20.4,0.0,0.0,0.0,0.0,0,0,0,0,1,0,0
ES-3201209-AD855A5250314BCB8814AA9B4BA87D34,es,43.92,2.75,0.36,0.82,0.0,0.0,0.0,0.0,1,0,0,0,1,0,0
ES-3201209-C17F8D5FDEE34B85900A44681DEF5526,es,53.16,3.32,6.6,12.42,0.0,0.0,0.0,0.0,1,0,0,0,1,0,0
ES-3201209-9D5B2D7B67464636AA03BE8324104EA2,es,368.27,23.02,7.67,2.08,0.0,0.0,0.0,0.0,1,0,0,0,1,0,0
ES-3201506-8C530E01C7F641CB94BC6D9E9070408B,es,20.02,1.11,0.03,0.15,0.0,0.0,0.0,0.0,1,0,0,0,1,0,0
ES-3201506-368812D9A35646E69E6712704D283146,es,65.68,3.65,7.84,11.94,0.0,0.0,0.0,0.0,1,0,0,0,1,0,0
ES-3201506-1F5A97C2762D4764AA8E85F8FE51C55E,es,36.39,2.02,5.11,14.04,0.0,0.0,0.0,0.0,1,0,0,0,1,0,0
ES-3201506-435860558C2D43B381014B2B98E5F961,es,77.52,4.31,0.08,0.1,0.0,0.0,0.0,0.0,1,0,0,0,1,0,0
ES-3201506-9E565EDAF48F4B17B8973C76EA506622,es,5.02,0.28,0.77,15.34,0.0,0.0,0.0,0.0,1,0,0,0,1,0,0
ES-3201159-8EFB09F800394CBABA96B87A6AB8B0B2,es,6.74,0.34,4.73,70.18,0.0,0.0,0.0,0.0,0,0,0,0,1,0,0
ES-3201209-AE68A24DD7004AA0844915EC20E74693,es,15.05,0.94,1.04,6.91,0.0,0.0,0.0,0.0,1,0,0,0,1,0,0
ES-3201209-FA83C6D3F31D4669BB6188C0659BA105,es,50.89,3.18,0.0,0.0,0.0,0.0,0.0,0.0,2,0,0,0,1,0,0
ES-3201506-9ACAF54447904C23948E587464ADDD03,es,269.8,14.99,5.43,2.01,0.0,0.0,0.0,0.0,1,0,0,0,1,0,0
ES-3201506-3A884B7F9E2E408CA3A2F5F7B1A2CC08,es,12.8,0.71,1.3,10.16,0.0,0.0,0.0,0.0,1,0,0,0,1,0,0
ES-3201506-26B87AC95F18443F99FA3FBD410FF239,es,72.03,4.0,0.28,0.39,0.0,0.0,0.0,0.0,1,0,0,0,1,0,0
ES-3201506-11639FAEAF1A40FCBB74021CFDEA4857,es,6.88,0.38,0.16,2.33,0.0,0.0,0.0,0.0,1,0,0,0,1,0,0
ES-3201159-6401FF8E23724D20B8BBB15EB1EEDD6E,es,6.29,0.31,1.48,23.53,0.0,0.0,0.0,0.0,0,0,0,0,1,0,0
ES-3201407-3E8BED5023EA4106BFD081132AB1C2AA,es,3.95,0.22,2.08,52.66,0.0,0.0,0.0,0.0,0,0,0,0,1,0,0
ES-3201407-3398E8A925054B38B47A4AF2D0420F11,es,12.53,0.7,0.05,0.4,0.0,0.0,0.0,0.0,1,0,0,0,1,0,0
ES-3201506-4CEE2C48D4644840AB5206FCA3AC0EA7,es,16.03,0.89,1.76,10.98,0.0,0.0,0.0,0.0,1,0,0,0,1,0,0
ES-3201407-F5BEF9A341024C9E94C4A9DB9A227A46,es,21.02,1.17,0.08,0.38,0.0,0.0,0.0,0.0,1,0,0,0,1,0,0
ES-3201209-3419AE6176714213A32BF9D4FF1215FC,es,210.16,13.13,4.45,2.12,0.0,0.0,0.0,0.0,1,0,0,0,1,0,0
ES-3201209-117F0B1B633149EB938878B66CBEDF8F,es,5.4,0.34,0.0,0.0,0.0,0.0,0.0,0.0,2,0,0,0,1,0,0
ES-3201506-3C692EF1C7064A83889436BDEC3E1B90,es,60.49,3.36,4.36,7.21,0.0,0.0,0.0,0.0,1,0,0,0,1,0,0
ES-3201506-9552C89A96DA4FC58D990909F38CCC98,es,21.14,1.17,0.36,1.7,0.0,0.0,0.0,0.0,1,0,0,0,1,0,0
ES-3201209-4C960F37D45E472C9F8E2859EADEDF6F,es,26.38,1.65,0.34,1.29,0.0,0.0,0.0,0.0,1,0,0,0,1,0,0
ES-3201407-703EA4D2B76F4F28A83570EA61BA624A,es,5.86,0.33,0.0,0.0,0.0,0.0,0.0,0.0,2,0,0,0,1,0,0
ES-3201407-EC188FBDB5E441F39BB59114FB66F0CE,es,2.98,0.17,1.73,58.05,0.0,0.0,0.0,0.0,0,0,0,0,1,0,0
ES-3201308-51F6BC64ECB64BFAA91EBA4DD5CF60BE,es,14.7,1.24,0.17,1.16,0.0,0.0,0.0,0.0,1,0,0,0,1,0,0
ES-3201159-9902553F551D487D8D1D5A1100FDEC4D,es,7.84,0.39,0.82,10.46,0.0,0.0,0.0,0.0,1,0,0,0,1,0,0
ES-3201506-795C65F9B5EA43E2B83A042048B0BE4F,es,13.07,0.73,0.66,5.05,0.0,0.0,0.0,0.0,1,0,0,0,1,0,0
ES-3201308-64659D7841F543CEBDC62B0F68CB01FE,es,3.8,0.32,0.46,12.11,0.0,0.0,0.0,0.0,1,0,0,0,1,0,0
ES-3201506-2CE70EE80DEC4ADC9DE2D84E38E2056C,es,17.66,0.98,0.17,0.96,0.0,0.0,0.0,0.0,1,0,0,0,1,0,0
ES-3201159-6415BF47226E47C5BEAB5F9F59387590,es,11.62,0.58,0.4,3.44,0.0,0.0,0.0,0.0,1,0,0,0,1,0,0
ES-3201209-4CF15D68D7EA4FA69273087BDAE959B8,es,44.05,2.75,7.84,17.8,0.0,0.0,0.0,0.0,1,0,0,0,1,0,0
ES-3201308-7291217A8EFF40EDAE3372640D0FB7C6,es,12.24,1.02,0.6,4.9,0.0,0.0,0.0,0.0,1,0,0,0,1,0,0
ES-3201506-1012E8CA0866462488C087A99BE3915F,es,9.72,0.54,0.11,1.13,0.0,0.0,0.0,0.0,1,0,0,0,1,0,0
ES-3201308-B165725AFF3D4DA0B188BA25A163CB31,es,18.49,1.54,1.09,5.9,0.0,0.0,0.0,0.0,1,0,0,0,1,0,0
ES-3201506-4469F5B68A764722967A3C4555BBF58E,es,3.52,0.2,0.44,12.5,0.0,0.0,0.0,0.0,1,0,0,0,1,0,0
ES-3201407-9F61680DB6CA49948088177CB081C350,es,5.11,0.28,3.84,75.15,0.0,0.0,0.0,0.0,0,0,0,0,1,0,0
ES-3201209-C74548246B594F5F892B364EA50F9995,es,238.94,14.93,32.79,13.72,0.0,0.0,0.0,0.0,1,0,0,0,1,0,0
ES-3201407-1EDE235F8A7849C9B9D7F4A12DCABB37,es,5.13,0.29,1.12,21.83,0.0,0.0,0.0,0.0,0,0,0,0,1,0,0
ES-3201209-CBB8F340A128457F800360570F6F3CFF,es,12.52,0.78,0.26,2.08,0.0,0.0,0.0,0.0,1,0,0,0,1,0,0
ES-3201308-7738118D28F74F4CB97E41C1CB797C73,es,2.02,0.17,0.52,25.74,0.0,0.0,0.0,0.0,0,0,0,0,1,0,0
ES-3201506-97AD655BBBF44B75ADFB5E227976362B,es,5.05,0.28,0.0,0.0,0.0,0.0,0.0,0.0,2,0,0,0,1,0,0
ES-3201159-ADB60DE350EF47CBAE0E17BDCA29D305,es,2.69,0.13,0.37,13.75,0.0,0.0,0.0,0.0,1,0,0,0,1,0,0
ES-3201407-C1CD8D57A03740D79D9DE376F1F46AE6,es,133.92,7.44,6.72,5.02,0.0,0.0,0.0,0.0,1,0,0,0,1,0,0
ES-3201209-AA203384D4C54718974A389514E59DE6,es,3.01,0.19,0.0,0.0,0.0,0.0,0.0,0.0,2,0,0,0,1,0,0
ES-3201159-3A9DFD1C384B43EF82F517680D661F6A,es,23.81,1.19,1.8,7.56,0.0,0.0,0.0,0.0,1,0,0,0,1,0,0
ES-3201407-8D148360AD9D4E6BA14898F0FF7FFE18,es,14.52,0.81,1.12,7.71,0.0,0.0,0.0,0.0,1,0,0,0,1,0,0
ES-3201506-53EA9638A676436EB312D5BB534211E5,es,60.48,3.36,1.44,2.38,0.0,0.0,0.0,0.0,1,0,0,0,1,0,0
ES-3201506-AB4CA09ADA9441B782071FA1FBC6EC8F,es,12.5,0.69,0.08,0.64,0.0,0.0,0.0,0.0,1,0,0,0,1,0,0
ES-3201100-830D4A4688A944CE8318F0D187D0DEDD,es,12.03,0.6,1.01,8.4,0.0,0.0,0.0,0.0,1,0,0,0,1,0,0
ES-3201407-E6509FC681F947FAB0C281352747BCCD,es,25.06,1.39,7.65,30.53,0.0,0.0,0.0,0.0,0,0,0,0,1,0,0
ES-3201159-E1977174E7744CDE8E314B2926926A8F,es,8.0,0.4,2.74,34.25,0.0,0.0,0.0,0.0,0,0,0,0,1,0,0
ES-3201506-7F9001D793744043A424271D3D1620AB,es,15.96,0.89,1.9,11.9,0.0,0.0,0.0,0.0,1,0,0,0,1,0,0
ES-3201100-A167BFBC6AFF4709BE15A685FBE876E8,es,2.64,0.13,0.0,0.0,0.0,0.0,0.0,0.0,2,0,0,0,1,0,0
ES-3201506-386C7AF7446548CB81572332613C1A05,es,16.63,0.92,0.08,0.48,0.0,0.0,0.0,0.0,1,0,0,0,1,0,0
ES-3201407-D5DE716DF85D44D3949712653ED6E792,es,21.61,1.2,1.17,5.41,0.0,0.0,0.0,0.0,1,0,0,0,1,0,0
ES-3201100-32DEAA93A6AA485095424ECE68362246,es,13.51,0.5,0.37,2.74,0.0,0.0,0.0,0.0,1,0,0,0,1,0,0
ES-3201506-3F692954E35D4992A5C8A5B507EF53FF,es,4.83,0.27,0.14,2.9,0.0,0.0,0.0,0.0,1,0,0,0,1,0,0
ES-3201407-F498E354C33343B39C7ACEABC7E88093,es,74.2,4.12,12.91,17.4,0.0,0.0,0.0,0.0,1,0,0,0,1,0,0
ES-3201407-64868E665D7F4AAA9F1A40212D193414,es,20.79,1.15,1.57,7.55,0.0,0.0,0.0,0.0,1,0,0,0,1,0,0
ES-3201159-90C5485EBF0340A5A746D233986E89A6,es,330.94,16.38,57.24,17.3,0.0,0.0,0.0,0.0,1,0,0,0,1,0,0
ES-3201159-C385ABB83AAF48F49543C9405B5EAB92,es,17.03,0.85,1.65,9.69,0.0,0.0,0.0,0.0,1,0,0,0,1,0,0
ES-3201407-2446F66182F747EC8EEC8E180D53A321,es,5.87,0.33,0.35,5.96,0.0,0.0,0.0,0.0,1,0,0,0,1,0,0
ES-3201407-A3AD0864675046CAA5292C51E2B198EF,es,39.93,2.22,3.39,8.49,0.0,0.0,0.0,0.0,1,0,0,0,1,0,0
ES-3201407-A821B875E03441DDB54F8CAC36329D7C,es,12.11,0.67,0.0,0.0,0.0,0.0,0.0,0.0,2,0,0,0,1,0,0
ES-3201209-FEF1327A727E4CF883079C2B42F60551,es,4.84,0.3,0.0,0.0,0.0,0.0,0.0,0.0,2,0,0,0,1,0,0
ES-3201506-67396A02EB9B4959A89D54BA798677E5,es,2.0,0.11,0.0,0.0,0.0,0.0,0.0,0.0,2,0,0,0,1,0,0
ES-3201407-579104E919C64A938F2B82F7C4EF77DB,es,38.05,2.11,1.2,3.15,0.0,0.0,0.0,0.0,1,0,0,0,1,0,0
ES-3201407-FA74B61ECB6A4013B14A6E571F95C395,es,5.43,0.3,0.71,13.08,0.0,0.0,0.0,0.0,1,0,0,0,1,0,0
ES-3201407-5B71C2B2B1ED46B48AE8F40E338B781C,es,12.13,0.67,1.68,13.85,0.0,0.0,0.0,0.0,1,0,0,0,1,0,0
ES-3201100-311BE1EA64E1429C8899CB609B2C81F3,es,514.64,25.73,17.44,3.39,0.0,0.0,0.0,0.0,1,0,0,0,1,0,0
ES-3201407-80904D22F10C43DDAFD5A7E8AB282F75,es,42.84,2.38,0.01,0.02,0.0,0.0,0.0,0.0,1,0,0,0,1,0,0
ES-3201407-00D1E4E668FA437191C119C7EE853CFB,es,314.48,17.47,30.18,9.6,0.0,0.0,0.0,0.0,1,0,0,0,1,0,0
ES-3201100-2E1B5B58DAC4442998AFEF141323B91E,es,79.11,3.96,0.74,0.94,0.0,0.0,0.0,0.0,1,0,0,0,1,0,0
ES-3201308-ABD8F0D83FF74999AA94BC596A75B363,es,7.32,0.61,0.0,0.0,0.0,0.0,0.0,0.0,2,0,0,0,1,0,0
ES-3201506-23AD0E5F393A4F608CBD8D242E0C122E,es,11.91,0.66,0.66,5.54,0.0,0.0,0.0,0.0,1,0,0,0,1,0,0
ES-3201159-5FAA51A83EAB4C1E962AD85C9B18E46D,es,20.76,1.04,6.67,32.13,0.0,0.0,0.0,0.0,0,0,0,0,1,0,0
ES-3201209-28577A3D5E2247C990459A6D8EAB0EC5,es,4.79,0.3,0.0,0.0,0.0,0.0,0.0,0.0,2,0,0,0,1,0,0
ES-3201100-8F1659C8E7E7460A895E31C91E2BAFB1,es,59.17,2.96,0.48,0.81,0.0,0.0,0.0,0.0,1,0,0,0,1,0,0
ES-3201506-BB30D20E586548DAB6751372996E30DD,es,19.37,1.08,6.78,35.0,0.0,0.0,0.0,0.0,0,0,0,0,1,0,0
ES-3201506-85CF0AFA5E7448B9B9CEF0AF25674959,es,57.12,2.04,0.34,0.6,0.0,0.0,0.0,0.0,1,0,0,0,1,0,0
ES-3201506-48A38EE2503940DCB7B9A697328EC868,es,3.04,0.17,0.5,16.45,0.0,0.0,0.0,0.0,1,0,0,0,1,0,0
ES-3201209-3D1FB72BCBFC43349F2E75E45C8D442B,es,37.78,2.36,0.11,0.29,0.0,0.0,0.0,0.0,1,0,0,0,1,0,0
ES-3201159-8712EC9FB6724A93B066B0C917577EEC,es,2.22,0.11,0.04,1.8,0.0,0.0,0.0,0.0,1,0,0,0,1,0,0
ES-3201506-AAB616AD4DD14693A94CA725D25FE77F,es,53.54,2.97,2.46,4.59,0.0,0.0,0.0,0.0,1,0,0,0,1,0,0
ES-3201506-04A0443058F0407DBE18B491C54062E2,es,39.14,2.17,0.84,2.15,0.0,0.0,0.0,0.0,1,0,0,0,1,0,0
ES-3201407-F08A0814982A41DBADD847FF243E7570,es,38.11,2.12,1.75,4.59,0.0,0.0,0.0,0.0,1,0,0,0,1,0,0
ES-3201159-1F66F95CB9E046368B0FD6A3106E6C91,es,7.11,0.36,1.09,15.33,0.0,0.0,0.0,0.0,1,0,0,0,1,0,0
ES-3201159-145635A8ACEE47CF8D519D723238AF6E,es,9.82,0.49,2.48,25.25,0.0,0.0,0.0,0.0,0,0,0,0,1,0,0
ES-3201209-6C1FEF71FEA541798FA847524DBBD0F6,es,4.52,0.28,1.31,28.98,0.0,0.0,0.0,0.0,0,0,0,0,1,0,0
ES-3201506-8A52F9341EA34132A638A930AD9EB997,es,61.72,3.43,12.45,20.17,0.0,0.0,0.0,0.0,0,0,0,0,1,0,0
ES-3201407-0CC8CEECFAE64324A63BF880F52A9C70,es,135.7,7.54,2.43,1.79,0.0,0.0,0.0,0.0,1,0,0,0,1,0,0
ES-3201407-98CE9100A3994E89BAA77B61902BAC12,es,20.05,1.11,1.31,6.53,0.0,0.0,0.0,0.0,1,0,0,0,1,0,0
ES-3201506-5D83759879334E1A9E8E813A64B0AB03,es,21.88,1.22,1.06,4.84,0.0,0.0,0.0,0.0,1,0,0,0,1,0,0
ES-3201209-A7A251FCBC464E7A892C22A844B3569E,es,48.43,3.03,0.18,0.37,0.0,0.0,0.0,0.0,1,0,0,0,1,0,0
ES-3201407-8453845D4492453984AA05C0C26E3333,es,2.45,0.14,0.0,0.0,0.0,0.0,0.0,0.0,2,0,0,0,1,0,0
ES-3201308-1A5EC7FA00FB47C996FB97BF1E556030,es,3.34,0.28,0.0,0.0,0.0,0.0,0.0,0.0,2,0,0,0,1,0,0
ES-3201407-669558F34BD346F7A302D7A3D56788D0,es,22.62,1.26,0.52,2.3,0.0,0.0,0.0,0.0,1,0,0,0,1,0,0
ES-3201506-4288AA7B490947689391C411F7E7B952,es,4.3,0.24,0.17,3.95,0.0,0.0,0.0,0.0,1,0,0,0,1,0,0
ES-3201159-4BF8A0FC1FFF4BDF86B38175D3F41C65,es,19.03,0.95,1.22,6.41,0.0,0.0,0.0,0.0,1,0,0,0,1,0,0
ES-3201506-11A24D4BD38342FB989143CA4FCE63A8,es,5.52,0.31,0.3,5.43,0.0,0.0,0.0,0.0,1,0,0,0,1,0,0
ES-3201209-5D5D1D8EBAD3488A9009B1A77F75B030,es,69.34,4.33,0.75,1.08,0.0,0.0,0.0,0.0,1,0,0,0,1,0,0
ES-3201159-5A81C2036BC1426EB01668CDFC79653E,es,9.19,0.46,4.49,48.86,0.0,0.0,0.0,0.0,0,0,0,0,1,0,0
ES-3201506-64556FB1CD1E4002A7EC58E3404E95B9,es,44.5,2.47,0.93,2.09,0.0,0.0,0.0,0.0,1,0,0,0,1,0,0
ES-3201209-88B2CD6D2F70427BBA9000294F3AAA20,es,11.67,0.73,0.0,0.0,0.0,0.0,0.0,0.0,2,0,0,0,1,0,0
ES-3201308-C8955E96E0BD437F9D9E39CE6CD4E1A1,es,29.93,2.49,6.33,21.15,0.0,0.0,0.0,0.0,0,0,0,0,1,0,0
ES-3201209-8E42C09103E84BD38425675B47EB2C35,es,17.1,1.07,0.0,0.0,0.0,0.0,0.0,0.0,2,0,0,0,1,0,0
ES-3201506-4C35D4D716FE4DDEAAF5F2BD186E048D,es,31.29,1.74,13.59,43.43,0.0,0.0,0.0,0.0,0,0,0,0,1,0,0
ES-3201407-0CF2F97F68084AD1B19323763DEBA9B5,es,16.48,0.92,0.09,0.55,0.0,0.0,0.0,0.0,1,0,0,0,1,0,0
ES-3201159-B468485B3D374EFB97D4AACEE92AB84D,es,14.25,0.71,3.26,22.88,0.0,0.0,0.0,0.0,0,0,0,0,1,0,0
ES-3201209-AF5E6F12BDA14B7B84F34DE390FD3C8F,es,11.86,0.74,0.23,1.94,0.0,0.0,0.0,0.0,1,0,0,0,1,0,0
ES-3201159-831CFA37AFCE44DB9F64CF34B3F3EEC4,es,11.35,0.57,0.2,1.76,0.0,0.0,0.0,0.0,1,0,0,0,1,0,0
ES-3201308-208FF8DBBF994BCAB1D702728DD8A6A8,es,3.6,0.3,0.75,20.83,0.0,0.0,0.0,0.0,0,0,0,0,1,0,0
ES-3201407-4F6F8CF90D8249B897B009A7DE5EBDD9,es,8.89,0.49,0.04,0.45,0.0,0.0,0.0,0.0,1,0,0,0,1,0,0
ES-3201506-831105D721154BEFAD887CF856CADE9B,es,125.4,6.97,36.28,28.93,0.0,0.0,0.0,0.0,0,0,0,0,1,0,0
ES-3201159-0BEEA0E5637B4639992C91251A99BE3D,es,12.09,0.6,3.67,30.36,0.0,0.0,0.0,0.0,0,0,0,0,1,0,0
ES-3201209-FB470C9BE75C416CBA4A9E0FDE0A77A7,es,44.78,2.8,0.38,0.85,0.0,0.0,0.0,0.0,1,0,0,0,1,0,0
ES-3201506-9B7F09F536174B9690AFD046113A4EE9,es,25.3,1.41,1.1,4.35,0.0,0.0,0.0,0.0,1,0,0,0,1,0,0
ES-3201159-355A575A92454CE387F45F2DB1591ECC,es,57.53,2.88,10.5,18.25,0.0,0.0,0.0,0.0,1,0,0,0,1,0,0
ES-3201506-410DD6F6D9E741F3BEC1938E15C2A48C,es,25.68,1.43,0.8,3.12,0.0,0.0,0.0,0.0,1,0,0,0,1,0,0
ES-3201159-3BC75B2B33EA4F57B5098D04447F6B27,es,11.54,0.58,1.23,10.66,0.0,0.0,0.0,0.0,1,0,0,0,1,0,0
ES-3201506-5F869AE65AE141AE8C22D911521C26CF,es,40.11,2.23,12.16,30.32,0.0,0.0,0.0,0.0,0,0,0,0,1,0,0
ES-3201159-157FDD6C4A46488489EF4E3516363D7B,es,28.76,1.44,7.34,25.52,0.0,0.0,0.0,0.0,0,0,0,0,1,0,0
ES-3201209-B8753FCCE3ED4A4C86E7D1D67E140C00,es,14.88,0.93,0.9,6.05,0.0,0.0,0.0,0.0,1,0,0,0,1,0,0
ES-3201506-42B3300042EA4A278DB3AA73A3FF7EF9,es,5.02,0.28,0.01,0.2,0.0,0.0,0.0,0.0,1,0,0,0,1,0,0
ES-3201506-20B84D30AFD34D2E9F4D72BBC988C2D8,es,6.76,0.38,0.17,2.51,0.0,0.0,0.0,0.0,1,0,0,0,1,0,0
ES-3201506-C5F70A25C0A04E8E901AC611717076AD,es,16.18,0.9,0.66,4.08,0.0,0.0,0.0,0.0,1,0,0,0,1,0,0
ES-3201407-4E1D16F565F64C56967C3D4952CF54A4,es,87.46,4.86,3.82,4.37,0.0,0.0,0.0,0.0,1,0,0,0,1,0,0
ES-3201506-4BABAEE1E5ED4E9690E7857EFED91FCF,es,23.93,1.33,8.03,33.56,0.0,0.0,0.0,0.0,0,0,0,0,1,0,0
ES-3201407-D4789A10F45B4D21B62DF69948EA23B7,es,16.52,0.92,0.25,1.51,0.0,0.0,0.0,0.0,1,0,0,0,1,0,0
ES-3201407-F10ACCA3185044B6BBEF5D18C674F63C,es,9.57,0.53,0.21,2.19,0.0,0.0,0.0,0.0,1,0,0,0,1,0,0
ES-3201506-36FA9402E1B44CC498BB65097A440B31,es,10.01,0.56,2.27,22.68,0.0,0.0,0.0,0.0,0,0,0,0,1,0,0
ES-3201209-7A1C1DEC0EE849A9A9B68747B540B6CC,es,4.57,0.29,0.0,0.0,0.0,0.0,0.0,0.0,2,0,0,0,1,0,0
ES-3201506-3B689AEAE71A4871AB2FD2201967CFEE,es,29.02,1.61,0.71,2.45,0.0,0.0,0.0,0.0,1,0,0,0,1,0,0
ES-3201407-BEFC66DDCD3C4F39866466176972FE5C,es,6.95,0.39,0.0,0.0,0.0,0.0,0.0,0.0,2,0,0,0,1,0,0
ES-3201506-560D3C5E0FE2428A99FB9A0C4E47EDF3,es,22.54,1.25,0.33,1.46,0.0,0.0,0.0,0.0,1,0,0,0,1,0,0
ES-3201159-B18E465689064C1C8B579335E56A08F2,es,11.68,0.58,3.89,33.3,0.0,0.0,0.0,0.0,0,0,0,0,1,0,0
ES-3201506-A4D61687B2444CDD96DD44087EDC43D0,es,4.81,0.27,0.3,6.24,0.0,0.0,0.0,0.0,1,0,0,0,1,0,0
ES-3201308-AA108AE4FB844378BC4B38EF77E00E14,es,3.76,0.31,0.08,2.13,0.0,0.0,0.0,0.0,1,0,0,0,1,0,0
ES-3201506-47A0E00D1E964EA291EBAF92626F3AD9,es,226.39,12.58,8.42,3.72,0.0,0.0,0.0,0.0,1,0,0,0,1,0,0
ES-3201506-1B3FF0263CE64F27B9834B7A82963152,es,1.81,0.1,0.0,0.0,0.0,0.0,0.0,0.0,2,0,0,0,1,0,0
ES-3201209-CFCE7AF929F3429EAFEA1C5FFABDF8FE,es,33.46,2.09,0.11,0.33,0.0,0.0,0.0,0.0,1,0,0,0,1,0,0
ES-3201407-620A665D70374903A6408AAE7B7DA9C8,es,15.31,0.85,2.74,17.9,0.0,0.0,0.0,0.0,1,0,0,0,1,0,0
ES-3201159-80FFD2E636D947D08DAB48435504B063,es,15.44,0.77,1.57,10.17,0.0,0.0,0.0,0.0,1,0,0,0,1,0,0
ES-3201159-29F140BB002C4382B931C88CD221329E,es,5.71,0.29,1.05,18.39,0.0,0.0,0.0,0.0,1,0,0,0,1,0,0
ES-3201407-8809B514868D480785D64F33D06B89FB,es,9.68,0.54,1.04,10.74,0.0,0.0,0.0,0.0,1,0,0,0,1,0,0
ES-3201407-EA9C7999BDB64F8BA6A75FDA39D29C5D,es,21.33,1.18,0.62,2.91,0.0,0.0,0.0,0.0,1,0,0,0,1,0,0
ES-3201209-99505880785C4D62AC28779055F9DD1C,es,3.12,0.17,0.0,0.0,0.0,0.0,0.0,0.0,2,0,0,0,1,0,0
ES-3201407-4F35EA7C4B584DB68E1B270887657624,es,4.73,0.26,0.24,5.07,0.0,0.0,0.0,0.0,1,0,0,0,1,0,0
ES-3201159-978184CCB3E545D38303E3F5E5E7BF14,es,3.24,0.16,2.04,62.96,0.0,0.0,0.0,0.0,0,0,0,0,1,0,0
ES-3201209-7419F817610741518E977081BD0E7BAC,es,7.2,0.45,0.0,0.0,0.0,0.0,0.0,0.0,2,0,0,0,1,0,0
ES-3201407-D1DBAF0D21394D97AAAB6430A0B0CF19,es,9.63,0.54,0.0,0.0,0.0,0.0,0.0,0.0,2,0,0,0,1,0,0
ES-3201506-8190E611457D480AA4015409B19275B4,es,4.75,0.26,0.0,0.0,0.0,0.0,0.0,0.0,2,0,0,0,1,0,0
ES-3201506-395E3974816F437E9B79A454DB7C9AAA,es,133.35,7.41,27.85,20.88,0.0,0.0,0.0,0.0,0,0,0,0,1,0,0
ES-3201209-CD261394F6A348B1A7064A6BB3BBD20C,es,39.08,2.44,0.0,0.0,0.0,0.0,0.0,0.0,2,0,0,0,1,0,0
ES-3201100-7634A2958B5C42788146191D9FE92FC5,es,18.65,0.93,0.0,0.0,0.0,0.0,0.0,0.0,2,0,0,0,1,0,0
ES-3201407-175192B221E24C6E928C078083C4A8D1,es,209.78,11.65,0.0,0.0,0.0,0.0,0.0,0.0,2,0,0,0,1,0,0
ES-3201159-C716D2C60432490B8159A77217219C1C,es,10.03,0.5,2.68,26.72,0.0,0.0,0.0,0.0,0,0,0,0,1,0,0
ES-3201159-E105E8812B5D4DC2829B38E3027BEF83,es,4.86,0.24,4.15,85.39,0.0,0.0,0.0,0.0,0,0,0,0,1,0,0
ES-3201407-CFA2E305692843A5B8742FF04D0692FB,es,63.1,3.51,0.35,0.55,0.0,0.0,0.0,0.0,1,0,0,0,1,0,0
ES-3201209-A4D32143C8CC4FE5B4051079A9598D9F,es,55.26,3.45,0.24,0.43,0.0,0.0,0.0,0.0,1,0,0,0,1,0,0
ES-3201209-9ED0E2CADC2748DCB16719F8CB6DA5DB,es,5.6,0.35,0.08,1.43,0.0,0.0,0.0,0.0,1,0,0,0,1,0,0
ES-3201407-2BA06633C156417283FFD3847E1F6B39,es,9.69,0.54,0.12,1.24,0.0,0.0,0.0,0.0,1,0,0,0,1,0,0
ES-3201506-3A3362AFCB784157B668C65DAE908556,es,20.77,1.15,4.01,19.31,0.0,0.0,0.0,0.0,1,0,0,0,1,0,0
ES-3201100-7D605B9BB36643FCB5EC1088502EF9DE,es,15.39,0.77,0.0,0.0,0.0,0.0,0.0,0.0,2,0,0,0,1,0,0
ES-3201506-AB809817C7C34E6A83C65CFEA3D1001D,es,4.94,0.27,0.27,5.47,0.0,0.0,0.0,0.0,1,0,0,0,1,0,0
ES-3201407-DE161450799C4BB0AB20D3549FF402B9,es,4.84,0.27,0.15,3.1,0.0,0.0,0.0,0.0,1,0,0,0,1,0,0
ES-3201407-06E56FC714D642C98EC3D3ECD99A2EFD,es,26.32,1.46,0.86,3.27,0.0,0.0,0.0,0.0,1,0,0,0,1,0,0
ES-3201506-2B10710B85FD4BBFB4DFD4D811F55825,es,2.49,0.14,0.0,0.0,0.0,0.0,0.0,0.0,2,0,0,0,1,0,0
ES-3201209-342F6FC6DD064D91A8B690BC9ADF29E5,es,18.2,1.14,0.0,0.0,0.0,0.0,0.0,0.0,2,0,0,0,1,0,0
ES-3201506-BF76410727E642E598244F2A9DA3129C,es,9.25,0.51,0.0,0.0,0.0,0.0,0.0,0.0,2,0,0,0,1,0,0
ES-3201308-E6615ADD5FC54A5188FFC83831702354,es,10.31,0.86,0.0,0.0,0.0,0.0,0.0,0.0,2,0,0,0,1,0,0
ES-3201209-CB0D04BB6CA640BB8E894FCF1AA5124F,es,16.11,1.01,0.03,0.19,0.0,0.0,0.0,0.0,1,0,0,0,1,0,0
ES-3201407-24EDE93427DF484584D96F6050C34479,es,2.08,0.12,0.0,0.0,0.0,0.0,0.0,0.0,2,0,0,0,1,0,0
ES-3201506-1133169C012A4EC8A6059BD8F97587B9,es,19.34,1.07,3.73,19.29,0.0,0.0,0.0,0.0,1,0,0,0,1,0,0
ES-3201506-9ADE1787983C4CD39B2E78B1297C5532,es,57.03,3.17,0.52,0.91,0.0,0.0,0.0,0.0,1,0,0,0,1,0,0
ES-3201209-4E88A0F177A24920BFD4C53C1BB0B646,es,35.77,2.22,0.49,1.37,0.0,0.0,0.0,0.0,1,0,0,0,1,0,0
ES-3201159-9C95D88B28C045D1B3C207B04B87FCF8,es,15.96,0.79,7.51,47.06,0.0,0.0,0.0,0.0,0,0,0,0,1,0,0
ES-3201407-7F7E40B8918A479D8ED68211B99C25B4,es,32.73,1.82,0.25,0.76,0.0,0.0,0.0,0.0,1,0,0,0,1,0,0
ES-3201506-4B871953093B46D5B77C786D2863E2FD,es,11.35,0.63,0.0,0.0,0.0,0.0,0.0,0.0,2,0,0,0,1,0,0
ES-3201407-3795526302F443CFAFB74CBB44A34CB2,es,4.92,0.27,1.02,20.73,0.0,0.0,0.0,0.0,0,0,0,0,1,0,0
ES-3201209-ECE5706CB6B84CD48C45021C50B017B0,es,2.28,0.14,0.11,4.82,0.0,0.0,0.0,0.0,1,0,0,0,1,0,0
ES-3201159-E9C22F3D329947BEB0F4AE82A2957792,es,4.84,0.24,0.05,1.03,0.0,0.0,0.0,0.0,1,0,0,0,1,0,0
ES-3201308-856050D75DD4421B845931D35D472391,es,119.46,9.95,4.95,4.14,0.0,0.0,0.0,0.0,1,0,0,0,1,0,0
ES-3201506-904FEB7EB461474DB557E23781041B2A,es,15.4,0.86,2.87,18.64,0.0,0.0,0.0,0.0,1,0,0,0,1,0,0
ES-3201506-A0AC9B3A2E7C49D4A4EC9C901B155413,es,27.03,1.5,0.81,3.0,0.0,0.0,0.0,0.0,1,0,0,0,1,0,0
ES-3201506-6D093BE0F8494B0E82FCF0DC9F6279BC,es,12.83,0.71,0.89,6.94,0.0,0.0,0.0,0.0,1,0,0,0,1,0,0
ES-3201159-67D6F2917EBC486FAB42DA9909735433,es,60.55,3.03,11.39,18.81,0.0,0.0,0.0,0.0,1,0,0,0,1,0,0
ES-3201407-937456B90B4347459C8F28F6181D2228,es,22.15,1.23,0.03,0.14,0.0,0.0,0.0,0.0,1,0,0,0,1,0,0
ES-3201506-2BC01C60302749678DE6CA91A637BA29,es,7.69,0.43,0.34,4.42,0.0,0.0,0.0,0.0,1,0,0,0,1,0,0
ES-3201159-EF1661A902D24F1B8E144529A6B9A140,es,5.94,0.3,4.35,73.23,0.0,0.0,0.0,0.0,0,0,0,0,1,0,0
ES-3201506-1E25B02AC0D14495A7CCC1DF67A93E8C,es,14.52,0.81,0.08,0.55,0.0,0.0,0.0,0.0,1,0,0,0,1,0,0
ES-3201407-56E1D14C16074FFF96D8315DDC4E3AEE,es,2.0,0.11,0.24,12.0,0.0,0.0,0.0,0.0,1,0,0,0,1,0,0
ES-3201506-0ABA0DF1EE9E4F71845DBBFB19A7D099,es,21.67,1.2,3.33,15.37,0.0,0.0,0.0,0.0,1,0,0,0,1,0,0
ES-3201100-78E0C05D9C2A410B88561D6F99AD643F,es,20.87,1.04,0.84,4.02,0.0,0.0,0.0,0.0,1,0,0,0,1,0,0
ES-3201506-783BC6BF18B24DA29472EC1B260AA218,es,4.84,0.27,0.46,9.5,0.0,0.0,0.0,0.0,1,0,0,0,1,0,0
ES-3201506-C1A8989A711D4A61899D2841F06B9A75,es,6.91,0.38,0.58,8.39,0.0,0.0,0.0,0.0,1,0,0,0,1,0,0
ES-3201506-AD4794E8CD4347C888F6C4317E242F57,es,46.18,2.57,0.39,0.84,0.0,0.0,0.0,0.0,1,0,0,0,1,0,0
ES-3201407-ECA5E718900F4CBA9E19EB58B45E0401,es,3.65,0.2,0.64,17.53,0.0,0.0,0.0,0.0,1,0,0,0,1,0,0
ES-3201209-D85CD3A199E546F992139EB089DC83B8,es,6.08,0.38,0.0,0.0,0.0,0.0,0.0,0.0,2,0,0,0,1,0,0
ES-3201209-3D5AABCB5B2647FB83083065E635D128,es,57.93,3.62,0.4,0.69,0.0,0.0,0.0,0.0,1,0,0,0,1,0,0
ES-3201209-82EA3A59B4B7478EA38DC24D68E09319,es,21.67,1.35,0.0,0.0,0.0,0.0,0.0,0.0,2,0,0,0,1,0,0
ES-3201407-0520D30FEF5F4E508A1AE1C08E0495AD,es,2.32,0.13,0.06,2.59,0.0,0.0,0.0,0.0,1,0,0,0,1,0,0
ES-3201407-7F382C5FB0B24BD5B96FE25F3BED20CC,es,14.28,0.79,0.67,4.69,0.0,0.0,0.0,0.0,1,0,0,0,1,0,0
ES-3201506-0CCC177461E8480686DD474B6266AD9D,es,30.73,1.71,0.06,0.2,0.0,0.0,0.0,0.0,1,0,0,0,1,0,0
ES-3201506-5F263748CFC545E1977274751DA9CA56,es,6.73,0.37,2.47,36.7,0.0,0.0,0.0,0.0,0,0,0,0,1,0,0
ES-3201209-30EDE61DF12840B3AE2204EC0F6D0212,es,13.4,0.84,0.0,0.0,0.0,0.0,0.0,0.0,2,0,0,0,1,0,0
ES-3201506-454F38F7E5614F3EA17BD0010C81F7E1,es,67.78,3.77,10.45,15.42,0.0,0.0,0.0,0.0,1,0,0,0,1,0,0
ES-3201407-D9372BA9D25748789FA37775B02D27C9,es,14.32,0.8,3.17,22.14,0.0,0.0,0.0,0.0,0,0,0,0,1,0,0
ES-3201506-2D47166AC6B549618BB5E9FBA9A6B2A1,es,4.77,0.26,0.79,16.56,0.0,0.0,0.0,0.0,1,0,0,0,1,0,0
ES-3201407-B55102F255A643DEBB27DAD6DA359747,es,16.62,0.92,0.0,0.0,0.0,0.0,0.0,0.0,2,0,0,0,1,0,0
ES-3201159-DE126A8FE9394952950878B4DBBF87A7,es,56.82,2.84,11.23,19.76,0.0,0.0,0.0,0.0,1,0,0,0,1,0,0
ES-3201506-310FF91E7F00420CAB1EAE06E3390DD5,es,3.52,0.2,0.0,0.0,0.0,0.0,0.0,0.0,2,0,0,0,1,0,0
ES-3201506-0693D8DF336849D9B718B22FFCD15671,es,3.65,0.2,0.88,24.11,0.0,0.0,0.0,0.0,0,0,0,0,1,0,0
ES-3201159-CE72E8D4B9D54511831931FC7497F3AD,es,49.39,2.47,1.8,3.64,0.0,0.0,0.0,0.0,1,0,0,0,1,0,0
ES-3201407-E797E1B88763407294C8C1D8CB378363,es,16.68,0.93,2.38,14.27,0.0,0.0,0.0,0.0,1,0,0,0,1,0,0
ES-3201209-CBCD06885899469CB8106622B0309DFF,es,8.96,0.56,0.0,0.0,0.0,0.0,0.0,0.0,2,0,0,0,1,0,0
ES-3201100-912BFD3778C04A7EBFD2FEE7D39CADAA,es,46.55,2.33,0.0,0.0,0.0,0.0,0.0,0.0,2,0,0,0,1,0,0
ES-3201407-7C087CD528CA4764AB30328270E00ACB,es,7.71,0.43,3.31,42.93,0.0,0.0,0.0,0.0,0,0,0,0,1,0,0
ES-3201506-695790D053AE44058E532EDF59AA9B6E,es,13.33,0.74,0.48,3.6,0.0,0.0,0.0,0.0,1,0,0,0,1,0,0
ES-3201407-DE9FB1FF0E6F4B1BB7C0E2F29CFB3EE1,es,32.25,1.79,0.27,0.84,0.0,0.0,0.0,0.0,1,0,0,0,1,0,0
ES-3201159-93BE8D347F7F457797882BB3B3A78577,es,3.03,0.15,1.26,41.58,0.0,0.0,0.0,0.0,0,0,0,0,1,0,0
ES-3201407-74E3DC634D344FF188E2B70D86395424,es,5.97,0.33,0.07,1.17,0.0,0.0,0.0,0.0,1,0,0,0,1,0,0
ES-3201506-AAAB8106AD5E462A84D9C3DBA26FC628,es,58.81,3.27,26.82,45.6,0.0,0.0,0.0,0.0,0,0,0,0,1,0,0
ES-3201506-506588A0F1EA4B8094F7CF6A73ED81C5,es,2.66,0.15,0.0,0.0,0.0,0.0,0.0,0.0,2,0,0,0,1,0,0
ES-3201506-7587B885C0EA4B5890A0E7C082CE62EE,es,27.72,1.54,3.75,13.53,0.0,0.0,0.0,0.0,1,0,0,0,1,0,0
ES-3201407-DDD07795D37C416AB4C190725BDC34F3,es,10.31,0.57,0.01,0.1,0.0,0.0,0.0,0.0,1,0,0,0,1,0,0
ES-3201159-4C52A84BAA8945C6BDD4EEAEB838EC1A,es,18.14,0.91,6.76,37.27,0.0,0.0,0.0,0.0,0,0,0,0,1,0,0
ES-3201407-F7E680596306429B9E645EFF5EB9CF05,es,2.41,0.13,0.28,11.62,0.0,0.0,0.0,0.0,1,0,0,0,1,0,0
ES-3201407-2A8E1D5BDB614F808C15D321DC71BEF1,es,2.01,0.11,0.0,0.0,0.0,0.0,0.0,0.0,2,0,0,0,1,0,0
ES-3201407-D9699F94819C45E6899F3FF0944C8BEC,es,38.93,2.16,3.12,8.01,0.0,0.0,0.0,0.0,1,0,0,0,1,0,0
ES-3201506-258DC76B8F9D4CBD9F9BD0CC687CAD7F,es,42.11,2.34,1.09,2.59,0.0,0.0,0.0,0.0,1,0,0,0,1,0,0
ES-3201407-8D2D391B4C2F4BB6B4AB4EFCD5F17203,es,17.3,0.96,0.9,5.2,0.0,0.0,0.0,0.0,1,0,0,0,1,0,0
ES-3201506-1F429C25EB774FC4B6A861D03E18999E,es,36.97,2.05,0.25,0.68,0.0,0.0,0.0,0.0,1,0,0,0,1,0,0
ES-3201308-B246CEF5F1684F368A55117A073510B5,es,1.45,0.12,0.0,0.0,0.0,0.0,0.0,0.0,2,0,0,0,1,0,0
ES-3201407-9C0AA3CB6EBB4397B9A98BD30A94FA91,es,27.42,1.52,3.4,12.4,0.0,0.0,0.0,0.0,1,0,0,0,1,0,0
ES-3201506-6AA80C8A3BAC4533B430F1C40E5A11CF,es,4.24,0.24,0.38,8.96,0.0,0.0,0.0,0.0,1,0,0,0,1,0,0
ES-3201407-CEA28F41E1DE40A5B06DD38F35DD8D95,es,8.13,0.45,0.34,4.18,0.0,0.0,0.0,0.0,1,0,0,0,1,0,0
ES-3201407-F3E03780433946AB8CD632B8BF31311E,es,11.15,0.62,1.01,9.06,0.0,0.0,0.0,0.0,1,0,0,0,1,0,0
ES-3201308-8CB4619700594FD0815349445FB39C9F,es,5.82,0.48,0.0,0.0,0.0,0.0,0.0,0.0,2,0,0,0,1,0,0
ES-3201506-390304C21DD44232BA5D0B6E6F8EA0E5,es,51.6,2.87,0.17,0.33,0.0,0.0,0.0,0.0,1,0,0,0,1,0,0
ES-3201506-353F24C6BCB843DBA69BFC3B7119246D,es,14.55,0.81,3.14,21.58,0.0,0.0,0.0,0.0,0,0,0,0,1,0,0
ES-3201407-22257E1F08CC4E24BCD4D6361F6EDE68,es,23.03,1.28,0.31,1.35,0.0,0.0,0.0,0.0,1,0,0,0,1,0,0
ES-3201159-F8389F202AB7488FB5919CA278AD7B7A,es,1.27,0.06,0.0,0.0,0.0,0.0,0.0,0.0,2,0,0,0,1,0,0
ES-3201308-926A713AE9104BC3A2A16F3AFD5BCB04,es,153.49,12.79,7.89,5.14,0.0,0.0,0.0,0.0,1,0,0,0,1,0,0
ES-3201159-F272F4AD068A40F5ADC4BD248715631D,es,7.98,0.4,1.25,15.66,0.0,0.0,0.0,0.0,1,0,0,0,1,0,0
ES-3201209-247245206F3644559C8E9EAD54DAD7CF,es,35.08,2.19,0.99,2.82,0.0,0.0,0.0,0.0,1,0,0,0,1,0,0
ES-3201506-6BF04557B45643FCAB0B01B10106492F,es,13.39,0.74,0.0,0.0,0.0,0.0,0.0,0.0,2,0,0,0,1,0,0
ES-3201407-137519A5B2C745E8991CD224AA7FA6BD,es,2.03,0.11,0.17,8.37,0.0,0.0,0.0,0.0,1,0,0,0,1,0,0
ES-3201308-4747413FF78F42D7AADE7AF34D367206,es,2.05,0.17,0.01,0.49,0.0,0.0,0.0,0.0,1,0,0,0,1,0,0
ES-3201506-1B21C4B9ED3043CDBDC131460C8C6A0E,es,68.28,3.79,0.0,0.0,0.0,0.0,0.0,0.0,2,0,0,0,1,0,0
ES-3201407-B337091A3FA2468DB6F1F646F8C5B196,es,8.03,0.45,2.78,34.62,0.0,0.0,0.0,0.0,0,0,0,0,1,0,0
ES-3201407-3458C255FC6D4B1796E7B628B85B1E6F,es,26.64,1.48,0.0,0.0,0.0,0.0,0.0,0.0,2,0,0,0,1,0,0
ES-3201407-3F58B0D8EF1B444BBF86B5FF64462F7C,es,5.77,0.32,0.34,5.89,0.0,0.0,0.0,0.0,1,0,0,0,1,0,0
ES-3201506-593114C30C484786A600199DA6E5F187,es,20.86,1.16,0.01,0.05,0.0,0.0,0.0,0.0,1,0,0,0,1,0,0
ES-3201407-2315E3ABD5A843E387DF1895167E7C0B,es,6.73,0.37,1.65,24.52,0.0,0.0,0.0,0.0,0,0,0,0,1,0,0
ES-3201506-274A481DC9834A68BCB23D00CE165EDA,es,4.05,0.23,0.08,1.98,0.0,0.0,0.0,0.0,1,0,0,0,1,0,0
ES-3201506-4FC79020A96644B1A2166F67DD14AB56,es,19.91,1.11,3.03,15.22,0.0,0.0,0.0,0.0,1,0,0,0,1,0,0
ES-3201159-F0FBFEBA10744435B8587B27C88776D9,es,11.3,0.56,2.83,25.04,0.0,0.0,0.0,0.0,0,0,0,0,1,0,0
ES-3201407-265AA71868DB4E879707C07E2D5EC159,es,4.23,0.23,0.17,4.02,0.0,0.0,0.0,0.0,1,0,0,0,1,0,0
ES-3201506-4E046A40964D4E05AE0B12BD78ECAB90,es,7.54,0.42,0.0,0.0,0.0,0.0,0.0,0.0,2,0,0,0,1,0,0
ES-3201407-FFC66ABAE50B4C2680C7F08CF2775CD3,es,9.09,0.51,0.6,6.6,0.0,0.0,0.0,0.0,1,0,0,0,1,0,0
ES-3201407-A3AAFD546187405185558FA0B462A398,es,4.93,0.27,0.69,14.0,0.0,0.0,0.0,0.0,1,0,0,0,1,0,0
ES-3201506-33736FE6C21244D882AF9DB1D384ECCC,es,42.68,2.37,0.0,0.0,0.0,0.0,0.0,0.0,2,0,0,0,1,0,0
ES-3201209-DE5CCFD30F764100B6E9D5F97D967229,es,11.41,0.71,1.71,14.99,0.0,0.0,0.0,0.0,1,0,0,0,1,0,0
ES-3201159-2551E80C507E4A14B318EA2802AE7338,es,13.63,0.68,7.8,57.23,0.0,0.0,0.0,0.0,0,0,0,0,1,0,0
ES-3201209-0984BA79F37F47FAA5199CBA630D6B2A,es,0.3,0.02,0.0,0.0,0.0,0.0,0.0,0.0,2,0,0,0,1,0,0
ES-3201506-7B6346032A254595B8E4AF324FDBBA00,es,9.8,0.54,2.29,23.37,0.0,0.0,0.0,0.0,0,0,0,0,1,0,0
ES-3201407-3549AF7947BF42B4A2ADFA5C7E8BF5E3,es,2.81,0.16,0.0,0.0,0.0,0.0,0.0,0.0,2,0,0,0,1,0,0
ES-3201407-7146D25BA932496D93198590031E25BD,es,17.7,0.98,0.16,0.9,0.0,0.0,0.0,0.0,1,0,0,0,1,0,0
ES-3201308-08E3E7F426AB443CACE6EC76AE4CCA06,es,7.33,0.61,0.0,0.0,0.0,0.0,0.0,0.0,2,0,0,0,1,0,0
ES-3201506-845E94711E514601B6AE528F7338FB48,es,42.2,2.34,1.91,4.53,0.0,0.0,0.0,0.0,1,0,0,0,1,0,0
ES-3201209-41D82CBFAA3A4A70986ADEC051ACFB35,es,28.59,1.79,0.0,0.0,0.0,0.0,0.0,0.0,2,0,0,0,1,0,0
ES-3201209-CD8ED12D5F5E44D9859CEC1D5C3E3B5F,es,9.71,0.61,0.0,0.0,0.0,0.0,0.0,0.0,2,0,0,0,1,0,0
ES-3201407-68AD4A53CE534EFDA7E7E97DCF4E6611,es,14.28,0.79,0.33,2.31,0.0,0.0,0.0,0.0,1,0,0,0,1,0,0
ES-3201407-38D37FB15FE64B0ABEF5E26A95A363C1,es,7.26,0.4,0.0,0.0,0.0,0.0,0.0,0.0,2,0,0,0,1,0,0
ES-3201506-1C83BA8734BA4EF48E42F84C7E13E24B,es,40.18,2.23,0.46,1.14,0.0,0.0,0.0,0.0,1,0,0,0,1,0,0
ES-3201407-644FBDDBA0A24CF696852D21D27E9C5B,es,81.42,4.52,30.56,37.53,0.0,0.0,0.0,0.0,0,0,0,0,1,0,0
ES-3201506-1C9CED12D97240909095DCF9656A11C8,es,63.17,3.51,1.91,3.02,0.0,0.0,0.0,0.0,1,0,0,0,1,0,0
ES-3201506-1E155459F586478C99502F7BE6EE1EA8,es,12.78,0.71,0.01,0.08,0.0,0.0,0.0,0.0,1,0,0,0,1,0,0
ES-3201506-93C6D000FED348FC95C25E62BF8FFC48,es,18.34,1.02,0.16,0.87,0.0,0.0,0.0,0.0,1,0,0,0,1,0,0
ES-3201407-2E9F2CCEF92B45D2BCDBA03A80901DBA,es,0.82,0.05,0.0,0.0,0.0,0.0,0.0,0.0,2,0,0,0,1,0,0
ES-3201209-2422FCFC351A45149D18CDFDE1CE8F87,es,48.4,3.02,3.04,6.28,0.0,0.0,0.0,0.0,1,0,0,0,1,0,0
ES-3201209-6A93AA8876AC48478B620351AAD39E47,es,1.49,0.09,0.0,0.0,0.0,0.0,0.0,0.0,2,0,0,0,1,0,0
ES-3201506-1C235424F47043899DA3399AAE5F89A1,es,21.85,1.21,9.0,41.19,0.0,0.0,0.0,0.0,0,0,0,0,1,0,0
ES-3201209-910BED59457E404B997851F7900653B7,es,12.32,0.77,0.0,0.0,0.0,0.0,0.0,0.0,2,0,0,0,1,0,0
ES-3201159-987F6A300F2A49439CCDA1D7F02967D3,es,6.2,0.31,0.73,11.77,0.0,0.0,0.0,0.0,1,0,0,0,1,0,0
ES-3201209-8E5665DBFE58442C8AD107F3886D0CAA,es,31.39,1.96,0.08,0.25,0.0,0.0,0.0,0.0,1,0,0,0,1,0,0
ES-3201506-50E8A85130854E87915708C26E981B3B,es,4.96,0.28,0.0,0.0,0.0,0.0,0.0,0.0,2,0,0,0,1,0,0
ES-3201506-1BDB1FAB4BB1475A959F9B6BAC9B71DC,es,23.72,1.32,3.36,14.17,0.0,0.0,0.0,0.0,1,0,0,0,1,0,0
ES-3201209-D4FE705A49684450973B2E8A86DE074A,es,4.86,0.3,0.0,0.0,0.0,0.0,0.0,0.0,2,0,0,0,1,0,0
ES-3201159-68051D7CDEA14E85BF8FF593478F9297,es,27.52,1.38,0.89,3.23,0.0,0.0,0.0,0.0,1,0,0,0,1,0,0
ES-3201159-ECF062A7752045BEA2120647EA5FDD13,es,30.52,1.51,14.43,47.28,0.0,0.0,0.0,0.0,0,0,0,0,1,0,0
ES-3201407-B6CBBC50DCF14907997CA90833C8E76D,es,40.1,2.23,0.42,1.05,0.0,0.0,0.0,0.0,1,0,0,0,1,0,0
ES-3201407-BF590959DC9B4759A6CEC063FC847FAD,es,35.31,1.96,0.01,0.03,0.0,0.0,0.0,0.0,1,0,0,0,1,0,0
ES-3201209-59A2CA7DB911490B9BD59042EBEA3957,es,14.31,0.89,0.08,0.56,0.0,0.0,0.0,0.0,1,0,0,0,1,0,0
ES-3201209-C279BBE2F9D740ED8647C7F2D0E001EA,es,8.29,0.52,0.58,7.0,0.0,0.0,0.0,0.0,1,0,0,0,1,0,0
ES-3201159-B28B3BDEEDB943569C717843507980F4,es,19.75,0.99,2.51,12.71,0.0,0.0,0.0,0.0,1,0,0,0,1,0,0
ES-3201407-F4E74940212942CDA533ADF6261AE6AE,es,23.96,1.33,0.0,0.0,0.0,0.0,0.0,0.0,2,0,0,0,1,0,0
ES-3201506-7FF3BB106F5C434AB89B21F6B16F82AE,es,2.42,0.13,0.71,29.34,0.0,0.0,0.0,0.0,0,0,0,0,1,0,0
ES-3201209-3D05019BC322418090303D668F8C78DA,es,13.15,0.82,0.81,6.16,0.0,0.0,0.0,0.0,1,0,0,0,1,0,0
ES-3201407-0203982549184855AD0D4742107A6371,es,16.6,0.92,9.92,59.76,0.0,0.0,0.0,0.0,0,0,0,0,1,0,0
ES-3201209-E39C36136D4C462492CAF7A85D9491D2,es,12.02,0.75,7.41,61.65,0.0,0.0,0.0,0.0,0,0,0,0,1,0,0
ES-3201407-E07B4B477D7648BCA6D5BC39327FDA1A,es,24.2,1.34,0.0,0.0,0.0,0.0,0.0,0.0,2,0,0,0,1,0,0
ES-3201506-62967EB91243454E9830F43029E98079,es,2.01,0.11,0.0,0.0,0.0,0.0,0.0,0.0,2,0,0,0,1,0,0
ES-3201209-2E7DA7BA9A8042219AE3B5C012BFB5DD,es,5.46,0.34,0.54,9.89,0.0,0.0,0.0,0.0,1,0,0,0,1,0,0
ES-3201209-B8CCE194FDF14202911AAE7E68D47506,es,20.04,1.25,0.0,0.0,0.0,0.0,0.0,0.0,2,0,0,0,1,0,0
ES-3201407-63AD2E0C67114D39866D67D544AD519E,es,17.71,0.98,0.0,0.0,0.0,0.0,0.0,0.0,2,0,0,0,1,0,0
ES-3201407-A318D11DC2CC4F62BC200289402C431B,es,4.02,0.22,0.0,0.0,0.0,0.0,0.0,0.0,2,0,0,0,1,0,0
ES-3201407-9BBF2419319948A2B564A893489ACA74,es,4.75,0.26,1.58,33.26,0.0,0.0,0.0,0.0,0,0,0,0,1,0,0
ES-3201209-25B8C249BDFC407B8AB48660714D823C,es,44.23,2.76,0.64,1.45,0.0,0.0,0.0,0.0,1,0,0,0,1,0,0
ES-3201159-ED3EA3BFA1514BA186D4C37E38F7E4B0,es,8.03,0.4,0.37,4.61,0.0,0.0,0.0,0.0,1,0,0,0,1,0,0
ES-3201100-2352F0A42B2D475193BA7200B34F8882,es,10.41,0.52,0.0,0.0,0.0,0.0,0.0,0.0,2,0,0,0,1,0,0
ES-3201209-71B3E064251D4B7DA9E76C56813ED709,es,13.81,0.86,0.6,4.34,0.0,0.0,0.0,0.0,1,0,0,0,1,0,0
ES-3201506-00C79B6550374B4BACBC6E52B249C6A4,es,6.39,0.35,0.12,1.88,0.0,0.0,0.0,0.0,1,0,0,0,1,0,0
ES-3201506-7A4CED4A45F446128CE75FFA2E4059F8,es,35.75,1.99,0.78,2.18,0.0,0.0,0.0,0.0,1,0,0,0,1,0,0
ES-3201506-837087B24AA84953B3CDC31BA69719FD,es,13.49,0.75,0.5,3.71,0.0,0.0,0.0,0.0,1,0,0,0,1,0,0
ES-3201407-2A8D43BBEE064FF9A0D7E3218BAFA7A3,es,13.29,0.74,0.15,1.13,0.0,0.0,0.0,0.0,1,0,0,0,1,0,0
ES-3201159-935C65C09CBC40598B91C1A127C1B8A4,es,10.46,0.52,0.72,6.88,0.0,0.0,0.0,0.0,1,0,0,0,1,0,0
ES-3201407-3B46803F41D84A4F9DAA78E9C4DD5047,es,7.93,0.44,0.0,0.0,0.0,0.0,0.0,0.0,2,0,0,0,1,0,0
ES-3201506-0B3CCC338CA4483196E63A9F886937DB,es,2.42,0.13,0.0,0.0,0.0,0.0,0.0,0.0,2,0,0,0,1,0,0
ES-3201209-8B48AD426CB84E1680518A30733EA64C,es,72.64,4.54,0.0,0.0,0.0,0.0,0.0,0.0,2,0,0,0,1,0,0
ES-3201159-1961356CB0904785889CAC7896ED0C95,es,9.64,0.48,0.22,2.28,0.0,0.0,0.0,0.0,1,0,0,0,1,0,0
ES-3201506-0F01B90C0ADA40858CA64AA3CC38B4D1,es,16.08,0.89,0.1,0.62,0.0,0.0,0.0,0.0,1,0,0,0,1,0,0
ES-3201308-FFB268751BB84C1CB0D10D5CFEA5A58E,es,36.67,3.03,3.66,9.98,0.0,0.0,0.0,0.0,1,0,0,0,1,0,0
ES-3201209-A5FA959312434981BF829C68804A11CC,es,7.34,0.46,0.0,0.0,0.0,0.0,0.0,0.0,2,0,0,0,1,0,0
ES-3201506-0EEE39153C5542B7A163D2A72173B3CB,es,61.25,3.4,0.2,0.33,0.0,0.0,0.0,0.0,1,0,0,0,1,0,0
ES-3201506-CFBA2CABDD6A4FC7BFD2F219BF250732,es,31.69,1.76,6.13,19.34,0.0,0.0,0.0,0.0,1,0,0,0,1,0,0
ES-3201506-842293DBE9D8480F937412641736515C,es,8.56,0.48,5.25,61.33,0.0,0.0,0.0,0.0,0,0,0,0,1,0,0
ES-3201159-0CE3FBAE442D432F99035AA76578CCDB,es,12.38,0.62,1.19,9.61,0.0,0.0,0.0,0.0,1,0,0,0,1,0,0
ES-3201308-F04FAC8EA4EE42E9BC9BE72056484E67,es,4.79,0.4,0.88,18.37,0.0,0.0,0.0,0.0,1,0,0,0,1,0,0
ES-3201506-85D9C0AE7EAB49DCB0D96256A8BC0C99,es,42.99,2.33,2.12,4.93,0.0,0.0,0.0,0.0,1,0,0,0,1,0,0
ES-3201506-674465A72AEB4031BF8B3F9A1B4A9A74,es,3.96,0.22,0.0,0.0,0.0,0.0,0.0,0.0,2,0,0,0,1,0,0
ES-3201407-980B24796C1942BFA2AE3C6D89007E4C,es,38.82,2.16,0.93,2.4,0.0,0.0,0.0,0.0,1,0,0,0,1,0,0
ES-3201159-DE71AEBC511D461AB0AFB88083E49D1D,es,10.25,0.51,6.68,65.17,0.0,0.0,0.0,0.0,0,0,0,0,1,0,0
ES-3201308-A878CF58517A4E59A117B3A0D229181A,es,38.22,3.18,4.09,10.7,0.0,0.0,0.0,0.0,1,0,0,0,1,0,0
ES-3201506-229EF3004A7045BB858486FB61FFA76A,es,9.15,0.51,1.48,16.17,0.0,0.0,0.0,0.0,1,0,0,0,1,0,0
ES-3201506-BB1EE5B07C93408F8C4D593EF1B8386D,es,10.0,0.56,0.95,9.5,0.0,0.0,0.0,0.0,1,0,0,0,1,0,0
ES-3201506-5D2A4634B2FC4DC08824010BFA2CC7CC,es,14.78,0.82,0.08,0.54,0.0,0.0,0.0,0.0,1,0,0,0,1,0,0
ES-3201506-2A63244EC171420F83E4E905804DCD99,es,5.31,0.29,0.02,0.38,0.0,0.0,0.0,0.0,1,0,0,0,1,0,0
ES-3201159-387FC74008E24C67A9A54323D2C4625F,es,5.62,0.28,1.71,30.43,0.0,0.0,0.0,0.0,0,0,0,0,1,0,0
ES-3201506-97CF0464D32D44FD82CC5C7E728A2D0B,es,92.57,5.14,7.05,7.62,0.0,0.0,0.0,0.0,1,0,0,0,1,0,0
ES-3201506-AADC8EA84EAD4CF1A7B810F234699843,es,8.67,0.48,2.61,30.1,0.0,0.0,0.0,0.0,0,0,0,0,1,0,0
ES-3201209-A6D86067095846D0B17F3F978701AE80,es,3.79,0.24,0.0,0.0,0.0,0.0,0.0,0.0,2,0,0,0,1,0,0
ES-3201407-190508C98EE640CC960076F738A0EC20,es,0.43,0.02,0.05,11.63,0.0,0.0,0.0,0.0,1,0,0,0,1,0,0
ES-3201159-1FF20AB92141430E8AFE73F86E2DF06A,es,6.35,0.32,3.26,51.34,0.0,0.0,0.0,0.0,0,0,0,0,1,0,0
ES-3201308-692123645E3B40A1BF066AF1B86FBA75,es,33.88,2.82,0.17,0.5,0.0,0.0,0.0,0.0,1,0,0,0,1,0,0
ES-3201506-53821ED905A345E4817DDF2647C021F6,es,2.9,0.16,0.0,0.0,0.0,0.0,0.0,0.0,2,0,0,0,1,0,0
ES-3201407-18FB8B4B1D8A4DB49522047466B22FAE,es,15.59,0.87,2.63,16.87,0.0,0.0,0.0,0.0,1,0,0,0,1,0,0
ES-3201407-AB0CC90D6E16415AB8F8BAA276F6973F,es,9.39,0.52,0.91,9.69,0.0,0.0,0.0,0.0,1,0,0,0,1,0,0
ES-3201209-70F171E349FF4660B1D9C44C6AD50B24,es,6.59,0.41,0.17,2.58,0.0,0.0,0.0,0.0,1,0,0,0,1,0,0
ES-3201159-8B3F49A9CAE341F9B8ECE26E6A3D1B8D,es,6.47,0.32,1.28,19.78,0.0,0.0,0.0,0.0,1,0,0,0,1,0,0
ES-3201407-98A55F7AF68F4A34AB7E5E2E348F8F21,es,8.21,0.46,2.93,35.69,0.0,0.0,0.0,0.0,0,0,0,0,1,0,0
ES-3201407-411A2E4182F1463480ACF8D5E185ABF2,es,14.52,0.81,3.59,24.72,0.0,0.0,0.0,0.0,0,0,0,0,1,0,0
ES-3201407-C498AC81916849318EE3DC7C18E66D25,es,57.3,3.18,6.57,11.47,0.0,0.0,0.0,0.0,1,0,0,0,1,0,0
ES-3201506-C1B5A1493620424E90FD3EB6276DFACC,es,23.2,1.29,6.62,28.53,0.0,0.0,0.0,0.0,0,0,0,0,1,0,0
ES-3201159-04DCAA26FC77403D9CD2649533D5A1D2,es,61.65,3.08,1.63,2.64,0.0,0.0,0.0,0.0,1,0,0,0,1,0,0
ES-3201159-53E6AE8C2E32484683685B812803E946,es,0.38,0.02,0.08,21.05,0.0,0.0,0.0,0.0,0,0,0,0,1,0,0
ES-3201407-764DA2AC2BC340A3983B51D93A99184A,es,42.66,2.37,3.13,7.34,0.0,0.0,0.0,0.0,1,0,0,0,1,0,0
ES-3201407-8A76687BCB9F44CF877E3C756E301EF4,es,3.15,0.18,0.0,0.0,0.0,0.0,0.0,0.0,2,0,0,0,1,0,0
ES-3201407-4C52B11C36D14F90AA20E823D7659C0F,es,14.53,0.81,4.89,33.65,0.0,0.0,0.0,0.0,0,0,0,0,1,0,0
ES-3201159-5FA16F32490D4FF382B62D6F06EF2BF7,es,172.29,8.61,3.11,1.81,0.0,0.0,0.0,0.0,1,0,0,0,1,0,0
ES-3201209-DBED55DA27784F3183EBDD1BB5D80048,es,33.03,2.06,0.0,0.0,0.0,0.0,0.0,0.0,2,0,0,0,1,0,0
ES-3201159-43AC1E863C4744E8A3146DCE7D2AF4F4,es,7.29,0.36,0.74,10.15,0.0,0.0,0.0,0.0,1,0,0,0,1,0,0
ES-3201506-9A680DCCE3CD4C15A8124A219C6BE402,es,8.36,0.46,0.53,6.34,0.0,0.0,0.0,0.0,1,0,0,0,1,0,0
ES-3201209-901B649E743240D9B223F7E4F7FC3A24,es,22.1,1.38,1.42,6.43,0.0,0.0,0.0,0.0,1,0,0,0,1,0,0
ES-3201506-41A385D694424706B5C1CBE105DE5380,es,12.5,0.69,0.7,5.6,0.0,0.0,0.0,0.0,1,0,0,0,1,0,0
ES-3201159-E96B2E0A355B4CFBAA740C6D66ACECFC,es,61.56,3.08,23.02,37.39,0.0,0.0,0.0,0.0,0,0,0,0,1,0,0
ES-3201100-86A14E399EA34C3B86C819A0F4004D4E,es,34.56,1.73,3.49,10.1,0.0,0.0,0.0,0.0,1,0,0,0,1,0,0
ES-3201209-9D93EFA470EF4E209A602368A0310A03,es,38.42,2.4,0.6,1.56,0.0,0.0,0.0,0.0,1,0,0,0,1,0,0
ES-3201506-0ED1FEF6E75C422BB57E0F616CFAAA40,es,17.77,0.99,1.27,7.15,0.0,0.0,0.0,0.0,1,0,0,0,1,0,0
ES-3201159-142B53C1B76E4FACAF032D0F42053396,es,15.12,0.76,4.45,29.43,0.0,0.0,0.0,0.0,0,0,0,0,1,0,0
ES-3201100-703BC9FA97B949C8A8DC5BA4EC08FC8B,es,14.2,0.71,0.0,0.0,0.0,0.0,0.0,0.0,2,0,0,0,1,0,0
ES-3201407-ECEFBC25FF4B4722953EBAB25F924E03,es,3.04,0.17,0.01,0.33,0.0,0.0,0.0,0.0,1,0,0,0,1,0,0
ES-3201506-735E2908529043999152783CBD2D182D,es,76.33,4.24,0.61,0.8,0.0,0.0,0.0,0.0,1,0,0,0,1,0,0
ES-3201159-AA26E1F22C774A5489C5CEDF42F95519,es,5.82,0.29,4.13,70.96,0.0,0.0,0.0,0.0,0,0,0,0,1,0,0
ES-3201506-343571DF7EEF4ED9A7F03DA7B57AE065,es,160.88,8.94,5.59,3.47,0.0,0.0,0.0,0.0,1,0,0,0,1,0,0
ES-3201506-56AA8E62758A4F3EA383910A5D238C9E,es,21.75,1.21,3.25,14.94,0.0,0.0,0.0,0.0,1,0,0,0,1,0,0
ES-3201506-88E96BF60E5D430DB825F6D861C1CCB0,es,51.36,2.85,11.14,21.69,0.0,0.0,0.0,0.0,0,0,0,0,1,0,0
ES-3201506-653BCBCE45724B118AF833341F9ABCEA,es,4.91,0.27,0.2,4.07,0.0,0.0,0.0,0.0,1,0,0,0,1,0,0
ES-3201209-06303EDB5B61444CB36142159BB00470,es,28.44,1.78,0.08,0.28,0.0,0.0,0.0,0.0,1,0,0,0,1,0,0
ES-3201209-D43109886F2E45B79BC92EE0906A7C08,es,1.95,0.12,0.94,48.21,0.0,0.0,0.0,0.0,0,0,0,0,1,0,0
ES-3201159-34E5140459054DABB27A70C9245E5E8D,es,31.47,1.57,9.96,31.65,0.0,0.0,0.0,0.0,0,0,0,0,1,0,0
ES-3201209-3731DB15134E474296798E89A12FD2D8,es,2.0,0.13,0.0,0.0,0.0,0.0,0.0,0.0,2,0,0,0,1,0,0
ES-3201159-1B5B60A4EE0A44829C1D0CCFE335B83D,es,56.51,2.83,28.33,50.13,0.0,0.0,0.0,0.0,0,0,0,0,1,0,0
ES-3201407-6AE6051E30BB4A60A30FCADE63BC71B7,es,76.87,4.27,0.56,0.73,0.0,0.0,0.0,0.0,1,0,0,0,1,0,0
ES-3201506-60569B1CDE2A47DEA2366486BDE45BC4,es,4.84,0.27,1.26,26.03,0.0,0.0,0.0,0.0,0,0,0,0,1,0,0
ES-3201159-DA18437C03764D17979D682CE394E727,es,9.06,0.45,2.68,29.58,0.0,0.0,0.0,0.0,0,0,0,0,1,0,0
ES-3201407-46AA0BACD38B4D84A21D52D8B957F3D9,es,5.5,0.31,0.39,7.09,0.0,0.0,0.0,0.0,1,0,0,0,1,0,0
ES-3201407-ED9466C2E6854D508F6AB4846B0E341F,es,8.97,0.5,3.29,36.68,0.0,0.0,0.0,0.0,0,0,0,0,1,0,0
ES-3201506-7918577E4EE24265B21516707F7AAADB,es,18.11,1.01,0.06,0.33,0.0,0.0,0.0,0.0,1,0,0,0,1,0,0
ES-3201407-360FA4DFFAD24FDA89521FFD513FDB6A,es,37.3,2.07,2.12,5.68,0.0,0.0,0.0,0.0,1,0,0,0,1,0,0
ES-3201407-C4FB2768A3BB479B9816E89428418EA2,es,8.1,0.45,0.03,0.37,0.0,0.0,0.0,0.0,1,0,0,0,1,0,0
ES-3201209-69EA10F860C14F79B25770D9727575A8,es,27.58,1.72,0.0,0.0,0.0,0.0,0.0,0.0,2,0,0,0,1,0,0
ES-3201100-119D00ABBD454BDF9C968513E242F582,es,23.03,1.15,1.93,8.38,0.0,0.0,0.0,0.0,1,0,0,0,1,0,0
ES-3201209-3A6892B1ED7E4F8EB8303A8120D45192,es,72.48,3.48,0.0,0.0,0.0,0.0,0.0,0.0,2,0,0,0,1,0,0
ES-3201407-2BD2165B869F43A7B2ED9CDA9F90C947,es,26.17,1.45,0.0,0.0,0.0,0.0,0.0,0.0,2,0,0,0,1,0,0
ES-3201159-70B58FEFEB62476C8FF8FFF199655928,es,57.0,2.85,0.76,1.33,0.0,0.0,0.0,0.0,1,0,0,0,1,0,0
ES-3201407-74B6450458774D4DAFCD089470E57B4D,es,7.8,0.43,0.0,0.0,0.0,0.0,0.0,0.0,2,0,0,0,1,0,0
ES-3201407-9635BE0D74194074B95E14141B5FD2C2,es,285.24,15.85,24.6,8.62,0.0,0.0,0.0,0.0,1,0,0,0,1,0,0
ES-3201159-4C53A929ED484F72BACF40B32BBB1515,es,18.64,0.93,4.66,25.0,0.0,0.0,0.0,0.0,0,0,0,0,1,0,0
ES-3201159-123A7CCE58BE4041ABC518A4C0959F7B,es,7.54,0.38,1.75,23.21,0.0,0.0,0.0,0.0,0,0,0,0,1,0,0
ES-3201209-23A339A5846F42148B6B10969F39C190,es,9.81,0.61,0.25,2.55,0.0,0.0,0.0,0.0,1,0,0,0,1,0,0
ES-3201159-52BF9C6194D2484DA1E0394654203D3A,es,3.41,0.17,3.14,92.08,0.0,0.0,0.0,0.0,0,0,0,0,1,0,0
ES-3201506-87A7471613854F9B840F1CAB45D1ECDF,es,16.63,0.92,0.05,0.3,0.0,0.0,0.0,0.0,1,0,0,0,1,0,0
ES-3201506-594C43B31BD04FC78121737DB588F9E9,es,5.91,0.33,0.11,1.86,0.0,0.0,0.0,0.0,1,0,0,0,1,0,0
ES-3201506-BF204AC68C104FF5A7E6F3FDAE589F5D,es,14.93,0.83,0.53,3.55,0.0,0.0,0.0,0.0,1,0,0,0,1,0,0
ES-3201159-F43C48D5E95A409CA040F0432050DE7F,es,4.19,0.21,0.0,0.0,0.0,0.0,0.0,0.0,2,0,0,0,1,0,0
ES-3201407-4D3C8D02C0EA4B4A8CF2BF1E45F39671,es,18.15,1.01,0.33,1.82,0.0,0.0,0.0,0.0,1,0,0,0,1,0,0
ES-3201506-0F01BE56954D490FA92D824090D7981F,es,14.6,0.81,1.51,10.34,0.0,0.0,0.0,0.0,1,0,0,0,1,0,0
ES-3201209-609A2CA4773549B181316E30368709AE,es,6.08,0.38,0.46,7.57,0.0,0.0,0.0,0.0,1,0,0,0,1,0,0
ES-3201209-3B6341AD72704A3BABF0137BD09F852F,es,5.63,0.35,0.0,0.0,0.0,0.0,0.0,0.0,2,0,0,0,1,0,0
ES-3201407-4CDA3F12AE144DD897910971007B3EA5,es,7.53,0.42,3.35,44.49,0.0,0.0,0.0,0.0,0,0,0,0,1,0,0
ES-3201407-D3CEF51C578A4B0D8E8B0268B6BFBD3C,es,28.81,1.6,3.13,10.86,0.0,0.0,0.0,0.0,1,0,0,0,1,0,0
ES-3201407-BA7FB908D27045CA9658565445A2D14E,es,3.21,0.18,0.0,0.0,0.0,0.0,0.0,0.0,2,0,0,0,1,0,0
ES-3201506-020A2D6488754B7788E233BF878C312D,es,5.5,0.31,5.04,91.64,0.0,0.0,0.0,0.0,0,0,0,0,1,0,0
ES-3201506-1E46FA6583254D6DB1C32DAA18F21B11,es,571.66,31.61,14.55,2.55,0.0,0.0,0.0,0.0,1,0,0,0,1,0,0
ES-3201159-96600CD147714004B0192B8FC6DC7B06,es,29.28,1.46,5.57,19.02,0.0,0.0,0.0,0.0,1,0,0,0,1,0,0
ES-3201159-2EF75C45DCD748E694198DB606CB9F23,es,18.43,0.92,11.57,62.78,0.0,0.0,0.0,0.0,0,0,0,0,1,0,0
ES-3201407-C1A2903CE3FF47B0BCA4997D4F4D6828,es,1.85,0.1,0.0,0.0,0.0,0.0,0.0,0.0,2,0,0,0,1,0,0
ES-3201506-D3997FBD406D4644A3D73BD8C02E11F2,es,4.84,0.27,0.04,0.83,0.0,0.0,0.0,0.0,1,0,0,0,1,0,0
ES-3201100-B9FB997CDDCF440F81BFCC965EFD3023,es,178.58,8.93,1.27,0.71,0.0,0.0,0.0,0.0,1,0,0,0,1,0,0
ES-3201209-083D2EC69C4941C9A26BEBA23A475511,es,6.95,0.43,0.0,0.0,0.0,0.0,0.0,0.0,2,0,0,0,1,0,0
ES-3201209-CC263AFDC8764274BD6D45699C841F15,es,22.69,1.42,3.62,15.95,0.0,0.0,0.0,0.0,1,0,0,0,1,0,0
ES-3201209-8D93E3EE59454F2EAB107AE213CF2159,es,19.59,1.22,0.08,0.41,0.0,0.0,0.0,0.0,1,0,0,0,1,0,0
ES-3201506-5CCD2DB7440B4F4FB06295275A358125,es,2.5,0.14,0.0,0.0,0.0,0.0,0.0,0.0,2,0,0,0,1,0,0
ES-3201506-230C2DD48BFD4D9BB1C91C7E6430ED98,es,11.31,0.63,4.7,41.56,0.0,0.0,0.0,0.0,0,0,0,0,1,0,0
ES-3201407-AE1223A210B945ED9BF9B09D9FE4CA10,es,19.36,1.08,0.5,2.58,0.0,0.0,0.0,0.0,1,0,0,0,1,0,0
ES-3201407-0C3243E361F942CD80A958D6B7BAF790,es,108.83,6.05,4.1,3.77,0.0,0.0,0.0,0.0,1,0,0,0,1,0,0
ES-3201407-416482B2A05D4852A76C4FD002F9788F,es,4.52,0.25,1.09,24.12,0.0,0.0,0.0,0.0,0,0,0,0,1,0,0
ES-3201407-5000D8FE6F2D42A28904330996DA8B15,es,4.32,0.24,0.4,9.26,0.0,0.0,0.0,0.0,1,0,0,0,1,0,0
ES-3201308-766B2D4C19CE46B98BFBC6D22C510642,es,3.15,0.26,0.77,24.44,0.0,0.0,0.0,0.0,0,0,0,0,1,0,0
ES-3201407-FC93701B306345CB8A20FBA52C53D6ED,es,8.35,0.46,0.08,0.96,0.0,0.0,0.0,0.0,1,0,0,0,1,0,0
ES-3201407-F1AEED167BA041C0868A3E6765845C4A,es,7.44,0.41,0.98,13.17,0.0,0.0,0.0,0.0,1,0,0,0,1,0,0
ES-3201407-5007EA0C896543C4868FD2CB5753025A,es,19.37,1.08,0.25,1.29,0.0,0.0,0.0,0.0,1,0,0,0,1,0,0
ES-3201159-3DF6735DA55844C983EF48EC123FFE20,es,33.55,1.68,18.58,55.38,0.0,0.0,0.0,0.0,0,0,0,0,1,0,0
ES-3201407-2C5E252807CE498DBEBCA967D4E96D8E,es,2.92,0.16,0.39,13.36,0.0,0.0,0.0,0.0,1,0,0,0,1,0,0
ES-3201308-5F45E1F5AA3B4BB5A81D46F4AD20A7B9,es,10.41,0.87,0.08,0.77,0.0,0.0,0.0,0.0,1,0,0,0,1,0,0
ES-3201308-788EAE7B76C14659A142CE2BAD20D786,es,22.95,1.86,0.0,0.0,0.0,0.0,0.0,0.0,2,0,0,0,1,0,0
ES-3201209-B55ED085C6204A6BB29DC26D8CAF861F,es,15.75,0.98,0.3,1.9,0.0,0.0,0.0,0.0,1,0,0,0,1,0,0
ES-3201506-07913AEFA9E441D1A57ED19C958B7FAB,es,2.28,0.13,0.0,0.0,0.0,0.0,0.0,0.0,2,0,0,0,1,0,0
ES-3201159-18B634F86359489DBEFA502B3DE09FB1,es,3.27,0.16,1.08,33.03,0.0,0.0,0.0,0.0,0,0,0,0,1,0,0
ES-3201407-392548543E4145E39D9E4247D49BC02B,es,7.39,0.41,1.08,14.61,0.0,0.0,0.0,0.0,1,0,0,0,1,0,0
ES-3201209-A09A4EBD49AC440FB19157E22509DCA8,es,32.53,2.03,0.33,1.01,0.0,0.0,0.0,0.0,1,0,0,0,1,0,0
ES-3201506-3084AD19B49D4A20B34DBA899516DC35,es,5.48,0.3,0.13,2.37,0.0,0.0,0.0,0.0,1,0,0,0,1,0,0
ES-3201159-EFE656F385D64AC49E56E182EDE181CA,es,3.81,0.19,1.29,33.86,0.0,0.0,0.0,0.0,0,0,0,0,1,0,0
ES-3201506-D03F54C52174452284DEF6AB1EEABD8E,es,38.34,2.13,0.17,0.44,0.0,0.0,0.0,0.0,1,0,0,0,1,0,0
ES-3201209-E3BB8D9319E04D0EA179C834999BE5EC,es,26.62,1.66,0.53,1.99,0.0,0.0,0.0,0.0,1,0,0,0,1,0,0
ES-3201506-8F4317AABC99430ABE697DD66B1A2B1D,es,30.31,1.68,0.82,2.71,0.0,0.0,0.0,0.0,1,0,0,0,1,0,0
ES-3201506-47AA7EE8841446A786C79B3B35023A96,es,5.03,0.28,0.01,0.2,0.0,0.0,0.0,0.0,1,0,0,0,1,0,0
ES-3201159-46B37A8AF551441495F52916F230F3A3,es,8.22,0.41,4.61,56.08,0.0,0.0,0.0,0.0,0,0,0,0,1,0,0
ES-3201159-512116E5A93846A5AE36063DC183B0F9,es,8.08,0.4,0.03,0.37,0.0,0.0,0.0,0.0,1,0,0,0,1,0,0
ES-3201506-93CD31FEC9DA4CF4AC1240EE9EA76BD1,es,84.76,4.71,0.25,0.29,0.0,0.0,0.0,0.0,1,0,0,0,1,0,0
ES-3201506-485AF14DA3E14AD3B74B0D1EC8580653,es,1.99,0.11,0.67,33.67,0.0,0.0,0.0,0.0,0,0,0,0,1,0,0
ES-3201209-F8947CBE8E66478AA396393FFC8D927B,es,2.3,0.14,0.04,1.74,0.0,0.0,0.0,0.0,1,0,0,0,1,0,0
ES-3201506-8F4BF04B9C5D4105946A9D524FDAE4DC,es,6.0,0.33,0.02,0.33,0.0,0.0,0.0,0.0,1,0,0,0,1,0,0
ES-3201407-4467FEBF34AB43989B198B42487A3720,es,3.06,0.17,0.39,12.75,0.0,0.0,0.0,0.0,1,0,0,0,1,0,0
ES-3201506-3EE5743F4B2F4031884A0C7725C64CB6,es,9.62,0.53,5.1,53.01,0.0,0.0,0.0,0.0,0,0,0,0,1,0,0
ES-3201506-A6D57C7DCB5544A292298CB24B9F8DE9,es,18.72,1.04,0.22,1.18,0.0,0.0,0.0,0.0,1,0,0,0,1,0,0
ES-3201308-B00A7CF4D6FA43E9855E134CB858FF71,es,7.92,0.66,0.08,1.01,0.0,0.0,0.0,0.0,1,0,0,0,1,0,0
ES-3201506-82590C9021334D2AB77364C30108A30A,es,15.8,0.88,0.93,5.89,0.0,0.0,0.0,0.0,1,0,0,0,1,0,0
ES-3201506-789298217CFB4301AF7297329C564032,es,4.64,0.26,3.78,81.47,0.0,0.0,0.0,0.0,0,0,0,0,1,0,0
ES-3201209-09A923B05F0643AFAA568B5A101038BC,es,192.79,12.05,0.18,0.09,0.0,0.0,0.0,0.0,1,0,0,0,1,0,0
ES-3201209-67DC9A4880E544D59E217F96145F1467,es,3.95,0.25,0.1,2.53,0.0,0.0,0.0,0.0,1,0,0,0,1,0,0
ES-3201506-5FEA6BACEDC249568275A5B5E1606EFF,es,133.9,7.44,5.64,4.21,0.0,0.0,0.0,0.0,1,0,0,0,1,0,0
ES-3201209-4A5713DACAFE453CBF2D938C52B5B85B,es,6.03,0.38,0.74,12.27,0.0,0.0,0.0,0.0,1,0,0,0,1,0,0
ES-3201308-A6326FD63C1548AA85B36F5C70492EC7,es,4.87,0.41,0.0,0.0,0.0,0.0,0.0,0.0,2,0,0,0,1,0,0
ES-3201506-81CC6EC2CCAD4765883596737E98E827,es,30.12,1.67,0.2,0.66,0.0,0.0,0.0,0.0,1,0,0,0,1,0,0
ES-3201506-0558420744EA49DFAFF1560609CE7E62,es,343.08,19.06,76.85,22.4,0.0,0.0,0.0,0.0,0,0,0,0,1,0,0
ES-3201407-53BD7107968849D08F034D38D89C2745,es,11.87,0.66,1.12,9.44,0.0,0.0,0.0,0.0,1,0,0,0,1,0,0
ES-3201506-7C49719315C2433EBA3B36B4A1AE3555,es,10.14,0.56,0.23,2.27,0.0,0.0,0.0,0.0,1,0,0,0,1,0,0
ES-3201506-76159BED72C34C9E81AD4C9D424AA2B3,es,5.63,0.31,0.0,0.0,0.0,0.0,0.0,0.0,2,0,0,0,1,0,0
ES-3201407-26254210994B4DC493F696D5A2F61C8D,es,20.15,1.12,0.27,1.34,0.0,0.0,0.0,0.0,1,0,0,0,1,0,0
ES-3201506-D42F9E6E49EC49B19E9B75615535CC0F,es,8.23,0.46,0.17,2.07,0.0,0.0,0.0,0.0,1,0,0,0,1,0,0
ES-3201506-0AA583CF0EE241DFA2538E497B2E0A4A,es,50.64,2.81,3.23,6.38,0.0,0.0,0.0,0.0,1,0,0,0,1,0,0
ES-3201209-8E8C37AE73C3474AA8701A917BC432D8,es,4.54,0.28,0.0,0.0,0.0,0.0,0.0,0.0,2,0,0,0,1,0,0
ES-3201506-CCF86D2569AE4125BA70D7CF40AFE242,es,61.07,3.39,0.61,1.0,0.0,0.0,0.0,0.0,1,0,0,0,1,0,0
ES-3201506-CECCCD07DED94D889394927A41C5BE4B,es,4.86,0.27,3.32,68.31,0.0,0.0,0.0,0.0,0,0,0,0,1,0,0
ES-3201209-292003296A254303A77572CD991536B6,es,79.83,4.99,0.13,0.16,0.0,0.0,0.0,0.0,1,0,0,0,1,0,0
ES-3201308-DE0B826265D14706878F2E4256A60F6F,es,26.04,2.17,2.7,10.37,0.0,0.0,0.0,0.0,1,0,0,0,1,0,0
ES-3201407-8FDFF92544D94C8B8A04FDC6E37AB8A6,es,29.05,1.61,0.61,2.1,0.0,0.0,0.0,0.0,1,0,0,0,1,0,0
ES-3201209-318806F8490C4BEAAF3979DC40523AF1,es,4.59,0.29,0.48,10.46,0.0,0.0,0.0,0.0,1,0,0,0,1,0,0
ES-3201100-C673F8C3D5F046A7BD4D109AD0DC7144,es,21.98,1.1,0.33,1.5,0.0,0.0,0.0,0.0,1,0,0,0,1,0,0
ES-3201407-39BE011C117843C7BF33FDE8D3B69701,es,8.19,0.46,0.47,5.74,0.0,0.0,0.0,0.0,1,0,0,0,1,0,0
ES-3201506-5204284FC8A548CDB588F1193DEA0584,es,5.42,0.3,0.5,9.23,0.0,0.0,0.0,0.0,1,0,0,0,1,0,0
ES-3201506-8EBE9FB9001344A4B6671AD378C8684A,es,20.52,1.14,0.73,3.56,0.0,0.0,0.0,0.0,1,0,0,0,1,0,0
ES-3201407-269CCA47DEBB4467BCDEAFA21F32A4A2,es,11.01,0.61,1.95,17.71,0.0,0.0,0.0,0.0,1,0,0,0,1,0,0
ES-3201506-8835756EC53C415882BA91E994B95D9C,es,19.91,1.11,2.47,12.41,0.0,0.0,0.0,0.0,1,0,0,0,1,0,0
ES-3201506-34D251D13F364E38BE221CCEA4153350,es,17.7,0.98,0.0,0.0,0.0,0.0,0.0,0.0,2,0,0,0,1,0,0
ES-3201506-CA6433D3BFFF43E4A654D48EEC2C0AEF,es,23.1,1.28,8.07,34.94,0.0,0.0,0.0,0.0,0,0,0,0,1,0,0
ES-3201506-9C1E7B2FC7C045029E8D835ED2DC43D0,es,20.47,1.14,2.04,9.97,0.0,0.0,0.0,0.0,1,0,0,0,1,0,0
ES-3201407-AA755E2B1A2C4BCFA4DA013A1FB7C6F8,es,5.63,0.31,1.04,18.47,0.0,0.0,0.0,0.0,1,0,0,0,1,0,0
ES-3201506-AF12FD6FE89F478CB03DF7C2B1046550,es,60.72,6.75,1.26,2.08,0.0,0.0,0.0,0.0,1,0,0,0,1,0,0
ES-3201407-CCA465B24EFB475C8FE1BF125904E53B,es,5.21,0.29,1.87,35.89,0.0,0.0,0.0,0.0,0,0,0,0,1,0,0
ES-3201209-C337E84F30C14FEFBA6856FC5AC038AC,es,1.96,0.12,0.0,0.0,0.0,0.0,0.0,0.0,2,0,0,0,1,0,0
ES-3201506-20F75AAF5D9741A7AB518C9A46C56CA2,es,70.32,3.91,0.63,0.9,0.0,0.0,0.0,0.0,1,0,0,0,1,0,0
ES-3201209-A3EA5061AB8D43A49F8A221F7A825FD1,es,23.27,1.45,0.0,0.0,0.0,0.0,0.0,0.0,2,0,0,0,1,0,0
ES-3201159-C47F75A4DC894169ABE8B7BA1853243A,es,9.91,0.5,3.28,33.1,0.0,0.0,0.0,0.0,0,0,0,0,1,0,0
ES-3201407-0CDFEED0931945AA9B8A2B099F14C6B7,es,14.5,0.81,1.7,11.72,0.0,0.0,0.0,0.0,1,0,0,0,1,0,0
ES-3201407-6DE69369B21747D1A118B69DA421877D,es,15.67,0.87,0.14,0.89,0.0,0.0,0.0,0.0,1,0,0,0,1,0,0
ES-3201407-55498A37F6A24DC4B00EB3B58202D8A1,es,7.85,0.44,0.64,8.15,0.0,0.0,0.0,0.0,1,0,0,0,1,0,0
ES-3201407-0CA2501EE1EA4CF4BACDF516585C3CE1,es,2.09,0.12,0.04,1.91,0.0,0.0,0.0,0.0,1,0,0,0,1,0,0
ES-3201209-0066874D79BB426CB649CDDEC5C8FCE8,es,4.62,0.29,0.63,13.64,0.0,0.0,0.0,0.0,1,0,0,0,1,0,0
ES-3201209-03F15DD18AD24AF99F2AA87F9DD1C5FD,es,4.53,0.28,0.0,0.0,0.0,0.0,0.0,0.0,2,0,0,0,1,0,0
ES-3201407-E34CDD6AFAF4412F9E8EF8BA2735580B,es,4.41,0.25,0.38,8.62,0.0,0.0,0.0,0.0,1,0,0,0,1,0,0
ES-3201407-E31ED1B943914A6C96D4008E35302FB5,es,102.86,5.71,0.37,0.36,0.0,0.0,0.0,0.0,1,0,0,0,1,0,0
ES-3201506-CC4BD07FF6B141E491EC8E124F9AC1D7,es,5.64,0.31,0.08,1.42,0.0,0.0,0.0,0.0,1,0,0,0,1,0,0
ES-3201308-92568BBB9BE64E4AA48D2F1CA8F9DFF9,es,26.29,2.19,0.43,1.64,0.0,0.0,0.0,0.0,1,0,0,0,1,0,0
ES-3201506-A98A04ADA66A493C966D3B2B2B0FDF1C,es,28.46,1.58,0.67,2.35,0.0,0.0,0.0,0.0,1,0,0,0,1,0,0
ES-3201407-488C3CFD527E4C28837D2B21BCF1F487,es,2.0,0.11,0.06,3.0,0.0,0.0,0.0,0.0,1,0,0,0,1,0,0
ES-3201100-03B58E892D804EBDB8C6890654760A52,es,7.71,0.39,2.8,36.32,0.0,0.0,0.0,0.0,0,0,0,0,1,0,0
ES-3201209-118D46CDA9B7430F8AC1B6B4ADE09757,es,4.5,0.28,0.57,12.67,0.0,0.0,0.0,0.0,1,0,0,0,1,0,0
ES-3201159-3F8659154A684F69BDAACC28AE0FE0A8,es,24.61,1.23,7.43,30.19,0.0,0.0,0.0,0.0,0,0,0,0,1,0,0
ES-3201159-1BD5652463A94A13879F965BF5133C39,es,5.09,0.25,0.17,3.34,0.0,0.0,0.0,0.0,1,0,0,0,1,0,0
ES-3201407-FB362294F0B048A286416D0DAAB0E4C3,es,9.85,0.55,0.17,1.73,0.0,0.0,0.0,0.0,1,0,0,0,1,0,0
ES-3201506-C445ADC9D8074A53B63AF72606FBC108,es,19.38,1.08,0.79,4.08,0.0,0.0,0.0,0.0,1,0,0,0,1,0,0
ES-3201209-60A49A817E7B4F6FBE71FB89272A8988,es,37.75,2.36,0.27,0.72,0.0,0.0,0.0,0.0,1,0,0,0,1,0,0
ES-3201209-D34FD5D7516C431C98DC40249C843DE3,es,5.1,0.32,0.21,4.12,0.0,0.0,0.0,0.0,1,0,0,0,1,0,0
ES-3201159-2F9D12F7987F4C4BBBCF2C942DC89815,es,5.3,0.27,0.87,16.42,0.0,0.0,0.0,0.0,1,0,0,0,1,0,0
ES-3201209-9FD523C0595B4AFAA18A570ADC355878,es,28.67,1.79,0.12,0.42,0.0,0.0,0.0,0.0,1,0,0,0,1,0,0
ES-3201506-140297AEE7C84D26938F6BFD6E66DEDC,es,23.6,1.31,0.0,0.0,0.0,0.0,0.0,0.0,2,0,0,0,1,0,0
ES-3201506-B19109AC5B1D42928D367756DE4F2C90,es,24.06,1.34,1.82,7.56,0.0,0.0,0.0,0.0,1,0,0,0,1,0,0
ES-3201506-3E38D276AA1D47B7818C878405FFF5B7,es,3.79,0.21,0.02,0.53,0.0,0.0,0.0,0.0,1,0,0,0,1,0,0
ES-3201407-E0D2F6CD08E74008A2FC56DCB2170D1A,es,2.05,0.11,0.3,14.63,0.0,0.0,0.0,0.0,1,0,0,0,1,0,0
ES-3201209-61A8714EA46E4F5D8DA5395853080B1D,es,23.07,1.44,0.08,0.35,0.0,0.0,0.0,0.0,1,0,0,0,1,0,0
ES-3201100-ADA1638B7A284BC29079A392D763990D,es,14.91,0.75,0.0,0.0,0.0,0.0,0.0,0.0,2,0,0,0,1,0,0
ES-3201209-F10CAFE89D394D48A2CC33D775AAA792,es,25.21,1.58,0.0,0.0,0.0,0.0,0.0,0.0,2,0,0,0,1,0,0
ES-3201159-C6FF3940E58C49399C1EFFE186B6356C,es,8.69,0.43,2.35,27.04,0.0,0.0,0.0,0.0,0,0,0,0,1,0,0
ES-3201407-B9730374042941B091284D178CDCA556,es,21.93,1.22,2.77,12.63,0.0,0.0,0.0,0.0,1,0,0,0,1,0,0
ES-3201407-2EED6EB9C70642708592DDF4B8B4E3AE,es,9.76,0.54,0.0,0.0,0.0,0.0,0.0,0.0,2,0,0,0,1,0,0
ES-3201407-20CD650FAF9E4453AB6E7E5F26F1F2B5,es,6.83,0.38,0.0,0.0,0.0,0.0,0.0,0.0,2,0,0,0,1,0,0
ES-3201407-720B8BF7AFBE4587AAD0708020DF2B33,es,19.41,1.08,3.13,16.13,0.0,0.0,0.0,0.0,1,0,0,0,1,0,0
ES-3201159-CF30CCED02BF4A4788DB96FB57EE21DC,es,5.36,0.27,1.32,24.63,0.0,0.0,0.0,0.0,0,0,0,0,1,0,0
ES-3201308-85A418478A6040DB8A8A86DD2184E4FD,es,13.83,1.15,0.0,0.0,0.0,0.0,0.0,0.0,2,0,0,0,1,0,0
ES-3201159-51E80685F92048E5BB09477E993B8B76,es,9.75,0.49,0.8,8.21,0.0,0.0,0.0,0.0,1,0,0,0,1,0,0
ES-3201506-4FE35A3ED7184A61AF43046DB792FAD2,es,10.71,0.6,6.05,56.49,0.0,0.0,0.0,0.0,0,0,0,0,1,0,0
ES-3201308-7D8364BD6C4841118C2277416D29752D,es,0.74,0.06,0.08,10.81,0.0,0.0,0.0,0.0,1,0,0,0,1,0,0
ES-3201159-47C8381C7A8948FE9D873D4F2C1A3C4F,es,28.83,1.44,6.07,21.05,0.0,0.0,0.0,0.0,0,0,0,0,1,0,0
ES-3201506-795A65B2E17A4C0192653C8D18E13163,es,1.32,0.07,0.0,0.0,0.0,0.0,0.0,0.0,2,0,0,0,1,0,0
ES-3201209-AA283AE7CFE3484C84AE94DF77A41991,es,35.22,2.2,2.73,7.75,0.0,0.0,0.0,0.0,1,0,0,0,1,0,0
ES-3201209-A1DC4E0A78ED4C3A83363D67AC62C77D,es,9.32,0.58,0.06,0.64,0.0,0.0,0.0,0.0,1,0,0,0,1,0,0
ES-3201308-145EA3F66DF6455AAD9CA67A2EE91CF9,es,15.61,1.3,0.07,0.45,0.0,0.0,0.0,0.0,1,0,0,0,1,0,0
ES-3201407-875A5775239145F39AC5157ECFA9CBC9,es,30.52,1.7,0.07,0.23,0.0,0.0,0.0,0.0,1,0,0,0,1,0,0
ES-3201209-36BCC78CB248454B889D52EAA30CC5CE,es,10.6,0.66,0.38,3.58,0.0,0.0,0.0,0.0,1,0,0,0,1,0,0
ES-3201209-309BE7E8FFF94235A862733557B5D413,es,3.86,0.24,0.0,0.0,0.0,0.0,0.0,0.0,2,0,0,0,1,0,0
ES-3201506-0364B399D13C46D4BB5912510D9BF41A,es,7.23,0.4,2.16,29.88,0.0,0.0,0.0,0.0,0,0,0,0,1,0,0
ES-3201209-A81E7FE3918C487BA959255B69239072,es,34.38,2.15,0.0,0.0,0.0,0.0,0.0,0.0,2,0,0,0,1,0,0
ES-3201506-9DFEC4155EA54301B9940C2167E86480,es,32.1,1.78,0.18,0.56,0.0,0.0,0.0,0.0,1,0,0,0,1,0,0
ES-3201506-9361C487525B40498B74EDD0D6774A50,es,24.88,1.38,0.34,1.37,0.0,0.0,0.0,0.0,1,0,0,0,1,0,0
ES-3201209-7EA9DF5E0E51419BB677718EC8A8653B,es,22.09,1.38,0.07,0.32,0.0,0.0,0.0,0.0,1,0,0,0,1,0,0
ES-3201407-518B0C398C5043D4ACB5F4FC6C436E99,es,29.1,1.62,2.1,7.22,0.0,0.0,0.0,0.0,1,0,0,0,1,0,0
ES-3201407-91A70AD0102F4BCFA4141961CE0A50EE,es,6.06,0.34,0.0,0.0,0.0,0.0,0.0,0.0,2,0,0,0,1,0,0
ES-3201209-00B7BD351D754A5EA65CF96158760853,es,7.14,0.45,0.42,5.88,0.0,0.0,0.0,0.0,1,0,0,0,1,0,0
ES-3201159-0D8379850E794BFBB6105C8CC6B59D25,es,9.67,0.48,1.79,18.51,0.0,0.0,0.0,0.0,1,0,0,0,1,0,0
ES-3201407-4AFBCCB9B2244C9182606279256F318C,es,5.04,0.28,0.05,0.99,0.0,0.0,0.0,0.0,1,0,0,0,1,0,0
ES-3201506-59901AF5EE3549C7AAFE8AAC7B3C38A2,es,8.19,0.45,0.0,0.0,0.0,0.0,0.0,0.0,2,0,0,0,1,0,0
ES-3201308-28CE8F22109142B097E93EE5721B2408,es,13.36,1.11,2.54,19.01,0.0,0.0,0.0,0.0,1,0,0,0,1,0,0
ES-3201159-636FBF2D869C4959A892EF5929A4155E,es,4.82,0.24,4.62,95.85,0.0,0.0,0.0,0.0,0,0,0,0,1,0,0
ES-3201506-1066EB59988546F6A41A704AC7BF9FAF,es,33.88,1.88,0.2,0.59,0.0,0.0,0.0,0.0,1,0,0,0,1,0,0
ES-3201506-66F4A1E8F6B949C69D3FFA409C60F0D4,es,21.86,1.21,0.0,0.0,0.0,0.0,0.0,0.0,2,0,0,0,1,0,0
ES-3201209-BBC3155C1FB443FEB2E537C384C7E9B5,es,10.58,0.66,0.0,0.0,0.0,0.0,0.0,0.0,2,0,0,0,1,0,0
ES-3201308-F187720A38D34649A7738CD5755809EC,es,3.05,0.25,0.0,0.0,0.0,0.0,0.0,0.0,2,0,0,0,1,0,0
ES-3201308-FD5A2020ED6B4CA8A0EF2ABCF3DA8C19,es,10.36,0.86,0.92,8.88,0.0,0.0,0.0,0.0,1,0,0,0,1,0,0
ES-3201159-16D14094EA1241EAB9BB77DEF4A0C403,es,3.73,0.19,0.63,16.89,0.0,0.0,0.0,0.0,1,0,0,0,1,0,0
ES-3201506-4B3C68CC20CD4770BE0EF2CC4B9D4FA5,es,6.8,0.38,6.34,93.24,0.0,0.0,0.0,0.0,0,0,0,0,1,0,0
ES-3201209-0FE2828B4E1C4340BC931CAD061B1A4C,es,57.04,3.57,2.26,3.96,0.0,0.0,0.0,0.0,1,0,0,0,1,0,0
ES-3201209-5C246DC875384CCD9875FFDF53315CBD,es,8.56,0.54,0.0,0.0,0.0,0.0,0.0,0.0,2,0,0,0,1,0,0
ES-3201506-CD389BB70B75457383451C0E114DA08F,es,34.92,1.94,1.99,5.7,0.0,0.0,0.0,0.0,1,0,0,0,1,0,0
ES-3201506-B5EB06B685E648969F1B7DE73622AC38,es,45.27,2.47,10.27,22.69,0.0,0.0,0.0,0.0,0,0,0,0,1,0,0
ES-3201159-924340A891474ED4A2CAD87CB10F5FD6,es,6.39,0.32,0.06,0.94,0.0,0.0,0.0,0.0,1,0,0,0,1,0,0
ES-3201506-6012080648F44C0C867C2EAFE1CC9EE7,es,7.86,0.44,0.02,0.25,0.0,0.0,0.0,0.0,1,0,0,0,1,0,0
ES-3201506-19059F68EB2E4ABFA4BAB0F75696B70C,es,11.15,0.62,10.84,97.22,0.0,0.0,0.0,0.0,0,0,0,0,1,0,0
ES-3201159-90FA3DDA54CA4FFE8B924B72A3556AF4,es,6.78,0.34,1.22,17.99,0.0,0.0,0.0,0.0,1,0,0,0,1,0,0
ES-3201100-8AE303821A284A3B8F6F68D9498DDE91,es,22.58,1.13,0.0,0.0,0.0,0.0,0.0,0.0,2,0,0,0,1,0,0
ES-3201407-88F2A0D67733462F852D1ABA3BD56052,es,2.16,0.12,0.36,16.67,0.0,0.0,0.0,0.0,1,0,0,0,1,0,0
ES-3201159-CFD60562025444588DAB78AF413BFD3C,es,14.52,0.73,2.18,15.01,0.0,0.0,0.0,0.0,1,0,0,0,1,0,0
ES-3201159-FB06E8BED1F94F7295E910B7472318B6,es,15.74,0.79,4.2,26.68,0.0,0.0,0.0,0.0,0,0,0,0,1,0,0
ES-3201407-58F5ED5EA4E147809F91B51DCE6A43DD,es,30.07,1.67,0.59,1.96,0.0,0.0,0.0,0.0,1,0,0,0,1,0,0
ES-3201159-9CD8EB50A2124CDE8BD18301B2352E78,es,14.95,0.75,2.66,17.79,0.0,0.0,0.0,0.0,1,0,0,0,1,0,0
ES-3201506-0AF94E787F834AC49DDA00E70B671721,es,5.87,0.33,0.09,1.53,0.0,0.0,0.0,0.0,1,0,0,0,1,0,0
ES-3201159-EB229271310F4549A313D8C9FD20C2EF,es,6.08,0.3,0.36,5.92,0.0,0.0,0.0,0.0,1,0,0,0,1,0,0
ES-3201159-93907053D39642DBA09DDD07F100DD14,es,10.18,0.51,6.18,60.71,0.0,0.0,0.0,0.0,0,0,0,0,1,0,0
ES-3201407-ACA30950B697452B8B7BC799E4D730B9,es,2.1,0.12,0.0,0.0,0.0,0.0,0.0,0.0,2,0,0,0,1,0,0
ES-3201506-765CBC3975B04122843C4219E46754B9,es,29.34,1.63,0.5,1.7,0.0,0.0,0.0,0.0,1,0,0,0,1,0,0
ES-3201506-5F869622B92F4329945DD8C966EF9EA2,es,54.63,3.03,2.3,4.21,0.0,0.0,0.0,0.0,1,0,0,0,1,0,0
ES-3201506-3994414FD6FC4D5EB1936995F81BD684,es,11.01,0.61,0.67,6.09,0.0,0.0,0.0,0.0,1,0,0,0,1,0,0
ES-3201407-AC8FBABD2F204873B9AF0E1C910A2E49,es,5.34,0.3,1.99,37.27,0.0,0.0,0.0,0.0,0,0,0,0,1,0,0
ES-3201506-7E1AB38D5F8C49408F8B154ED5632C15,es,35.48,1.97,1.57,4.43,0.0,0.0,0.0,0.0,1,0,0,0,1,0,0
ES-3201506-7D25D18BCB9D439C9300797F503C36A1,es,7.81,0.43,0.0,0.0,0.0,0.0,0.0,0.0,2,0,0,0,1,0,0
ES-3201159-07FBE9204E61499FB592D1DB1527D539,es,4.23,0.21,2.51,59.34,0.0,0.0,0.0,0.0,0,0,0,0,1,0,0
ES-3201407-2351E058A6AC49058B7ED1C9F6757E48,es,14.09,0.78,0.23,1.63,0.0,0.0,0.0,0.0,1,0,0,0,1,0,0
ES-3201209-CA78C84BABA744A3A5DC587332C9A145,es,12.99,0.81,0.16,1.23,0.0,0.0,0.0,0.0,1,0,0,0,1,0,0
ES-3201209-EA46EAECAD284082834930E1C8BB55A8,es,16.91,1.06,0.0,0.0,0.0,0.0,0.0,0.0,2,0,0,0,1,0,0
ES-3201159-FF0ED64790CA44AAB2F43C810C0565C0,es,18.25,0.91,5.87,32.16,0.0,0.0,0.0,0.0,0,0,0,0,1,0,0
ES-3201100-199CE6F7C702428695333AA86CFF7FB9,es,11.15,0.56,0.55,4.93,0.0,0.0,0.0,0.0,1,0,0,0,1,0,0
ES-3201407-AA90F4A8F2F74213AA3475DB3F3F1961,es,3.43,0.19,0.01,0.29,0.0,0.0,0.0,0.0,1,0,0,0,1,0,0
ES-3201407-D5BA5DEED3B34A04BD3DE826D8D776FD,es,10.01,0.56,0.76,7.59,0.0,0.0,0.0,0.0,1,0,0,0,1,0,0
ES-3201308-89BACC27536B4A75A585C9EF50FECF31,es,9.03,0.75,0.0,0.0,0.0,0.0,0.0,0.0,2,0,0,0,1,0,0
ES-3201506-7B443AA55173414A8DEF319F5075C3FC,es,10.72,0.6,0.76,7.09,0.0,0.0,0.0,0.0,1,0,0,0,1,0,0
ES-3201407-A887667401554DAE8826060609597A28,es,30.41,1.69,0.0,0.0,0.0,0.0,0.0,0.0,2,0,0,0,1,0,0
ES-3201159-4393C93CB4BE42EA8EA2A89A7B014513,es,3.15,0.16,0.93,29.52,0.0,0.0,0.0,0.0,0,0,0,0,1,0,0
ES-3201506-9852984527C741DEAAC781695B22752C,es,2.41,0.13,0.11,4.56,0.0,0.0,0.0,0.0,1,0,0,0,1,0,0
ES-3201209-09FCA32EE2544AC3B79076BA5B1BA4DD,es,10.1,0.63,0.17,1.68,0.0,0.0,0.0,0.0,1,0,0,0,1,0,0
ES-3201506-6AB457B06F7F481392BC7DEE456658D7,es,7.75,0.43,0.0,0.0,0.0,0.0,0.0,0.0,2,0,0,0,1,0,0
ES-3201407-337F6364372340FBA07F202AD42D24C7,es,6.54,0.36,0.0,0.0,0.0,0.0,0.0,0.0,2,0,0,0,1,0,0
ES-3201159-F043C52D1593496482A7D2A55B1958C4,es,3.91,0.2,1.0,25.58,0.0,0.0,0.0,0.0,0,0,0,0,1,0,0
ES-3201506-428F314C80ED4EF5814B003C5D767DF1,es,3.63,0.2,0.0,0.0,0.0,0.0,0.0,0.0,2,0,0,0,1,0,0
ES-3201506-B40F53967E3142298BF63B412021C269,es,151.49,8.42,3.75,2.48,0.0,0.0,0.0,0.0,1,0,0,0,1,0,0
ES-3201209-8482CE8C2ADD48B4A6EBF982DAD14D5B,es,33.35,2.08,0.27,0.81,0.0,0.0,0.0,0.0,1,0,0,0,1,0,0
ES-3201407-6980AD57648141298592CF7723655D64,es,10.53,0.59,0.0,0.0,0.0,0.0,0.0,0.0,2,0,0,0,1,0,0
ES-3201209-DC9B0EE0F17B4E01A4172C0897DCDBB9,es,6.73,0.42,0.79,11.74,0.0,0.0,0.0,0.0,1,0,0,0,1,0,0
ES-3201506-776B18087BF040AAAAFEBD872ABD97BD,es,28.04,1.56,12.03,42.9,0.0,0.0,0.0,0.0,0,0,0,0,1,0,0
ES-3201159-9DC77264558A4C1EB284F75BCBF419E9,es,21.41,1.07,8.49,39.65,0.0,0.0,0.0,0.0,0,0,0,0,1,0,0
ES-3201407-D8E117A98D624CCBB13FF21FC5AC5ADC,es,11.45,0.64,0.03,0.26,0.0,0.0,0.0,0.0,1,0,0,0,1,0,0
ES-3201506-92A6497818434395A6920B6AE8D867BC,es,2.87,0.16,0.05,1.74,0.0,0.0,0.0,0.0,1,0,0,0,1,0,0
ES-3201506-2BDFA00DA17A4A3AAE148735D20205F5,es,20.76,1.15,0.76,3.66,0.0,0.0,0.0,0.0,1,0,0,0,1,0,0
ES-3201506-5C4A6955857D480B82C9AA180DDBB510,es,93.14,5.17,25.25,27.11,0.0,0.0,0.0,0.0,0,0,0,0,1,0,0
ES-3201407-0FB1784326134212A918DC7F7BBEE7C1,es,7.4,0.41,0.16,2.16,0.0,0.0,0.0,0.0,1,0,0,0,1,0,0
ES-3201506-95F879C560C64322855BE909BD36A0A5,es,7.77,0.43,0.08,1.03,0.0,0.0,0.0,0.0,1,0,0,0,1,0,0
ES-3201407-D2C5B3C8B22A41E2BD2CE7F8D9D885C9,es,30.04,1.67,0.25,0.83,0.0,0.0,0.0,0.0,1,0,0,0,1,0,0
ES-3201407-90A078F70E9345C895D9656B0B1E7055,es,55.51,3.08,18.28,32.93,0.0,0.0,0.0,0.0,0,0,0,0,1,0,0
ES-3201159-A767BC8B1FD548A388BE16ADD0894542,es,9.95,0.5,3.09,31.06,0.0,0.0,0.0,0.0,0,0,0,0,1,0,0
ES-3201506-1FA59D5D9EE74A2182117B2EA178D3E3,es,10.44,0.58,4.47,42.82,0.0,0.0,0.0,0.0,0,0,0,0,1,0,0
ES-3201506-6C2692D271A0478EA83B3F18CAEE6187,es,30.55,1.7,0.0,0.0,0.0,0.0,0.0,0.0,2,0,0,0,1,0,0
ES-3201159-8175954AFA7D4495A35AF644DAEC3CFB,es,5.76,0.29,3.22,55.9,0.0,0.0,0.0,0.0,0,0,0,0,1,0,0
ES-3201506-2098CFCA1C684C8AAFF9095D9DFFB9F2,es,31.74,1.77,7.89,24.86,0.0,0.0,0.0,0.0,0,0,0,0,1,0,0
ES-3201100-38BE09EEC60643D1B25921200DD101F1,es,8.15,0.41,0.01,0.12,0.0,0.0,0.0,0.0,1,0,0,0,1,0,0
ES-3201506-244BB7A9B64C4AFB8D3EC9165C1C0EFB,es,12.54,0.7,0.62,4.94,0.0,0.0,0.0,0.0,1,0,0,0,1,0,0
ES-3201506-2D6D6DCFE6734A40AD7C7548CEE29C44,es,35.87,1.99,1.99,5.55,0.0,0.0,0.0,0.0,1,0,0,0,1,0,0
ES-3201407-0640842BFF63457A93582DEBF17873F8,es,24.13,1.34,0.29,1.2,0.0,0.0,0.0,0.0,1,0,0,0,1,0,0
ES-3201407-B4E7F81ABA414A8D878CCE28E067200E,es,5.05,0.28,0.0,0.0,0.0,0.0,0.0,0.0,2,0,0,0,1,0,0
ES-3201506-34897E3776964BD0B33DF983963BE3C9,es,70.07,3.89,3.47,4.95,0.0,0.0,0.0,0.0,1,0,0,0,1,0,0
ES-3201506-B7060918BFA9447DA436FDD96C9B71FD,es,3.49,0.19,0.0,0.0,0.0,0.0,0.0,0.0,2,0,0,0,1,0,0
ES-3201506-4EADF343FF3E402E9C4699639687DC31,es,126.01,6.96,2.41,1.91,0.0,0.0,0.0,0.0,1,0,0,0,1,0,0
ES-3201407-47E64A8660B44FFD8128CDBB8A27D3EA,es,47.42,2.63,0.58,1.22,0.0,0.0,0.0,0.0,1,0,0,0,1,0,0
ES-3201407-8618EC37C13743D2865A4D463DEBF26D,es,4.84,0.27,0.57,11.78,0.0,0.0,0.0,0.0,1,0,0,0,1,0,0
ES-3201159-44D4299F53A44091AB7CB5169B5C0FDC,es,7.74,0.39,1.4,18.09,0.0,0.0,0.0,0.0,1,0,0,0,1,0,0
ES-3201506-CA9B380857FA49C49994F0CEACB0AB90,es,2.83,0.16,0.41,14.49,0.0,0.0,0.0,0.0,1,0,0,0,1,0,0
ES-3201308-7FE2DA44E96B44FD9408E061F3660DA8,es,5.99,0.5,0.0,0.0,0.0,0.0,0.0,0.0,2,0,0,0,1,0,0
ES-3201506-2DD5F590D1CD497C9E4B9D57A1801AAD,es,44.27,2.46,1.27,2.87,0.0,0.0,0.0,0.0,1,0,0,0,1,0,0
ES-3201308-963CAE69B7AD47ED9599E62512F5D793,es,3.38,0.28,0.98,28.99,0.0,0.0,0.0,0.0,0,0,0,0,1,0,0
ES-3201209-AB284E78F8CB4DD4A6146A39C11A5692,es,2.23,0.14,0.0,0.0,0.0,0.0,0.0,0.0,2,0,0,0,1,0,0
ES-3201407-32C5CEB525654BEABB77901737AD8039,es,9.31,0.52,2.93,31.47,0.0,0.0,0.0,0.0,0,0,0,0,1,0,0
ES-3201506-D44F543B81A84FD093C65DD60D0F8C5D,es,12.12,0.67,0.85,7.01,0.0,0.0,0.0,0.0,1,0,0,0,1,0,0
ES-3201506-21675A8D09FF4BB88585FA1EE9047AD3,es,51.91,2.88,2.57,4.95,0.0,0.0,0.0,0.0,1,0,0,0,1,0,0
ES-3201209-0CEA917D1B7C4C63A85ABEAA72F6C23F,es,11.45,0.72,0.0,0.0,0.0,0.0,0.0,0.0,2,0,0,0,1,0,0
ES-3201506-97A845688E5D4EB3901535474D801128,es,14.28,0.79,5.21,36.48,0.0,0.0,0.0,0.0,0,0,0,0,1,0,0
ES-3201407-32C9CF14DB99412AA120D83FB6778065,es,17.25,0.96,2.3,13.33,0.0,0.0,0.0,0.0,1,0,0,0,1,0,0
ES-3201209-46D44A272BDF46CA8557ACDBFD41EECB,es,6.81,0.43,0.0,0.0,0.0,0.0,0.0,0.0,2,0,0,0,1,0,0
ES-3201159-C09D595E88AE455F9A67956EBD12F106,es,24.08,1.2,5.26,21.84,0.0,0.0,0.0,0.0,0,0,0,0,1,0,0
ES-3201209-7EFAD88351EF4282A05F6BB28DA0738A,es,2.87,0.18,0.0,0.0,0.0,0.0,0.0,0.0,2,0,0,0,1,0,0
ES-3201209-EEFF6758A79242B08EF1D5DFF1CBD4C5,es,85.44,5.34,1.04,1.22,0.0,0.0,0.0,0.0,1,0,0,0,1,0,0
ES-3201506-5AC363095CA84791A63CD5BBC4CC3015,es,72.3,4.02,1.0,1.38,0.0,0.0,0.0,0.0,1,0,0,0,1,0,0
ES-3201407-9A7334E795EC4A45B190171FFD18065D,es,2.42,0.13,0.34,14.05,0.0,0.0,0.0,0.0,1,0,0,0,1,0,0
ES-3201159-4F56E60FA6E541AA9C6BAD18C0639F1E,es,3.51,0.18,0.08,2.28,0.0,0.0,0.0,0.0,1,0,0,0,1,0,0
ES-3201100-46E6B3B8415F49F5ACF1553DB276583F,es,9.1,0.46,0.0,0.0,0.0,0.0,0.0,0.0,2,0,0,0,1,0,0
ES-3201209-697765BB6FEF4ADBA974A7B8984A6B1D,es,17.54,1.1,0.0,0.0,0.0,0.0,0.0,0.0,2,0,0,0,1,0,0
ES-3201209-1CE5B2E63C834343AA2FBDC2B387D2AE,es,10.74,0.67,0.0,0.0,0.0,0.0,0.0,0.0,2,0,0,0,1,0,0
ES-3201209-348EF7C3F6EA406B91887BED65FF09A1,es,31.0,1.94,0.0,0.0,0.0,0.0,0.0,0.0,2,0,0,0,1,0,0
ES-3201407-4113FA8B690D4D6EA231EF0C3A350DF9,es,8.87,0.49,0.0,0.0,0.0,0.0,0.0,0.0,2,0,0,0,1,0,0
ES-3201209-C5768DEE75484B6A818BE52D74D89080,es,7.61,0.48,0.17,2.23,0.0,0.0,0.0,0.0,1,0,0,0,1,0,0
ES-3201209-9F8CBEE91DED4D3A8D6A2178BD405A2E,es,11.7,0.73,1.28,10.94,0.0,0.0,0.0,0.0,1,0,0,0,1,0,0
ES-3201506-7DBA93ED324B448C886520284C68D659,es,150.65,8.37,2.87,1.91,0.0,0.0,0.0,0.0,1,0,0,0,1,0,0
ES-3201506-99B7C34A724D440BAC20EF4C1C9262EA,es,18.94,1.05,4.51,23.81,0.0,0.0,0.0,0.0,0,0,0,0,1,0,0
ES-3201159-C50D28402B494539BD16683D263CAF8A,es,40.11,2.01,5.12,12.76,0.0,0.0,0.0,0.0,1,0,0,0,1,0,0
ES-3201407-8D4DA9EBD58B4CDE9A720978CF4BF5A8,es,25.62,1.42,10.83,42.27,0.0,0.0,0.0,0.0,0,0,0,0,1,0,0
ES-3201506-A9D2D1F0A98542D89B9F409DE6E7495F,es,111.05,6.17,13.84,12.46,0.0,0.0,0.0,0.0,1,0,0,0,1,0,0
ES-3201209-BAE2565FFE764ECF88847B7677E2DB27,es,6.78,0.42,0.0,0.0,0.0,0.0,0.0,0.0,2,0,0,0,1,0,0
ES-3201407-C263C3EA470444E69AEC08673F621ECF,es,6.13,0.34,2.69,43.88,0.0,0.0,0.0,0.0,0,0,0,0,1,0,0
ES-3201209-413079749B19460AAB56A87CD1011EC6,es,30.38,1.77,2.95,9.71,0.0,0.0,0.0,0.0,1,0,0,0,1,0,0
ES-3201407-A6062C51C8F84F31BB561FC17B0A09B7,es,39.71,2.21,0.59,1.49,0.0,0.0,0.0,0.0,1,0,0,0,1,0,0
ES-3201159-A2B5766A07D04A5BBDBA7550C3E4684C,es,11.62,0.58,0.11,0.95,0.0,0.0,0.0,0.0,1,0,0,0,1,0,0
ES-3201506-805F65D90DE34346A7FE061175CF4A6D,es,15.03,0.83,3.01,20.03,0.0,0.0,0.0,0.0,0,0,0,0,1,0,0
ES-3201209-BEB0C979E98447CDA5E6DF48DBA09837,es,28.86,1.8,0.3,1.04,0.0,0.0,0.0,0.0,1,0,0,0,1,0,0
ES-3201209-978A84D927C741678D5F24E9723A40AC,es,10.56,0.66,0.0,0.0,0.0,0.0,0.0,0.0,2,0,0,0,1,0,0
ES-3201209-CB5C30ECA2D247909C2B9D1E223AF339,es,4.73,0.3,0.35,7.4,0.0,0.0,0.0,0.0,1,0,0,0,1,0,0
ES-3201407-FE9644E5F2D04E6B885FC32CE3615A2A,es,6.48,0.36,0.01,0.15,0.0,0.0,0.0,0.0,1,0,0,0,1,0,0
ES-3201159-825FA6FBBD874624BFB589DE97C44E0D,es,59.32,2.97,34.1,57.48,0.0,0.0,0.0,0.0,0,0,0,0,1,0,0
ES-3201506-6F752E9B3F0C441D9B1AE055EEF7E816,es,18.45,1.03,1.84,9.97,0.0,0.0,0.0,0.0,1,0,0,0,1,0,0
ES-3201159-60AF6B269BC743FCBA54C5F34A727AC2,es,0.81,0.04,0.0,0.0,0.0,0.0,0.0,0.0,2,0,0,0,1,0,0
ES-3201506-2410C5983DB44D799D2423340B50CAC5,es,16.16,0.9,9.67,59.84,0.0,0.0,0.0,0.0,0,0,0,0,1,0,0
ES-3201209-C28D0DE5C63A425C93E86C9F5FDDD2FE,es,2.41,0.15,0.16,6.64,0.0,0.0,0.0,0.0,1,0,0,0,1,0,0
ES-3201407-3350F1B4E4B04DF8B576DE8B4A2FB024,es,15.43,0.86,5.28,34.22,0.0,0.0,0.0,0.0,0,0,0,0,1,0,0
ES-3201506-A511F1290C3F4FAC8A362A0F6AB46ED1,es,24.52,1.36,9.94,40.54,0.0,0.0,0.0,0.0,0,0,0,0,1,0,0
ES-3201407-1C8F71D094414ADDA81209A5E5777595,es,13.25,0.74,0.17,1.28,0.0,0.0,0.0,0.0,1,0,0,0,1,0,0
ES-3201506-72A30E76CA2842AA86E0A7B2295AF9FB,es,40.08,2.23,24.77,61.8,0.0,0.0,0.0,0.0,0,0,0,0,1,0,0
ES-3201159-ABB3B7C43BBE408D9638A50FF09574E2,es,4.77,0.24,1.97,41.3,0.0,0.0,0.0,0.0,0,0,0,0,1,0,0
ES-3201407-0202F465E747419CA0900DFAFCB4781E,es,26.51,1.47,0.25,0.94,0.0,0.0,0.0,0.0,1,0,0,0,1,0,0
ES-3201407-AC355BFF255943369F1AC7121EAB6A7C,es,6.99,0.39,1.68,24.03,0.0,0.0,0.0,0.0,0,0,0,0,1,0,0
ES-3201209-6A79C4B1066647918143B86A96C20056,es,7.14,0.45,0.0,0.0,0.0,0.0,0.0,0.0,2,0,0,0,1,0,0
ES-3201209-6AF322E8AAF54FE18B8D34B37AB5355C,es,1.76,0.11,0.0,0.0,0.0,0.0,0.0,0.0,2,0,0,0,1,0,0
ES-3201506-79CE2FE526144AD89BF9BEED62BE207C,es,33.04,1.84,4.57,13.83,0.0,0.0,0.0,0.0,1,0,0,0,1,0,0
ES-3201506-154BC709315F41519F7D28875689A58F,es,90.04,5.0,1.35,1.5,0.0,0.0,0.0,0.0,1,0,0,0,1,0,0
ES-3201209-C9FF8C20A1DB4B01942BA0C9A0168683,es,10.15,0.63,0.07,0.69,0.0,0.0,0.0,0.0,1,0,0,0,1,0,0
ES-3201506-165AD4BD317C4368AEA4C21022E09F57,es,39.08,2.17,1.12,2.87,0.0,0.0,0.0,0.0,1,0,0,0,1,0,0
ES-3201506-CC2AB926CED24512A130AA53557D12EA,es,30.99,1.72,1.03,3.32,0.0,0.0,0.0,0.0,1,0,0,0,1,0,0
ES-3201407-794A473136CA4F6CBF7E4AC233F0B3A7,es,23.39,1.3,1.75,7.48,0.0,0.0,0.0,0.0,1,0,0,0,1,0,0
ES-3201506-C86BCE61F6044F7D8396DD8FA2268D09,es,27.36,1.52,7.84,28.65,0.0,0.0,0.0,0.0,0,0,0,0,1,0,0
ES-3201407-8C11A13F81E04CB6B4BE481BE40B43BF,es,9.61,0.53,3.44,35.8,0.0,0.0,0.0,0.0,0,0,0,0,1,0,0
ES-3201506-6C13480D445D46249114FE6C74D198C6,es,32.02,1.78,0.21,0.66,0.0,0.0,0.0,0.0,1,0,0,0,1,0,0
ES-3201407-F63B8322553C455CAB9A522A061E7103,es,15.82,0.88,0.9,5.69,0.0,0.0,0.0,0.0,1,0,0,0,1,0,0
ES-3201159-E2001BFBD10E4E50935D75FCE661F0BA,es,5.0,0.25,2.78,55.6,0.0,0.0,0.0,0.0,0,0,0,0,1,0,0
ES-3201407-465CA5C354F2450B9668123F65586F56,es,3.31,0.18,0.0,0.0,0.0,0.0,0.0,0.0,2,0,0,0,1,0,0
ES-3201506-2C98FC47FBAD4FDF9C17017A3D68C011,es,129.82,7.18,42.61,32.82,0.0,0.0,0.0,0.0,0,0,0,0,1,0,0
ES-3201506-9290698243D7475CBA100CAB253FB8DD,es,4.05,0.23,0.0,0.0,0.0,0.0,0.0,0.0,2,0,0,0,1,0,0
ES-3201506-48F0E7E5426A490590092173B84BC7F1,es,9.08,0.5,0.15,1.65,0.0,0.0,0.0,0.0,1,0,0,0,1,0,0
ES-3201209-5209F5BCA5F84ACC8D6CAF21D0461A99,es,14.98,0.94,0.33,2.2,0.0,0.0,0.0,0.0,1,0,0,0,1,0,0
ES-3201159-459E8EA6311E4D4F96BD3F0E16DDE0A9,es,7.4,0.37,4.2,56.76,0.0,0.0,0.0,0.0,0,0,0,0,1,0,0
ES-3201209-DACF8C7DCFA74B5BA26551DFB5B487B1,es,83.6,5.23,0.61,0.73,0.0,0.0,0.0,0.0,1,0,0,0,1,0,0
ES-3201506-2E6918690F8845609A995475E459DE8E,es,19.62,1.09,0.48,2.45,0.0,0.0,0.0,0.0,1,0,0,0,1,0,0
ES-3201506-89023D548B8F4C6D955024A2F60F70F4,es,31.24,1.74,1.03,3.3,0.0,0.0,0.0,0.0,1,0,0,0,1,0,0
ES-3201159-700E858C75BD46AF8A48C3FB25293359,es,18.57,0.93,1.97,10.61,0.0,0.0,0.0,0.0,1,0,0,0,1,0,0
ES-3201159-19C8FD94DB414157880BA8776511D38C,es,4.29,0.21,0.99,23.08,0.0,0.0,0.0,0.0,0,0,0,0,1,0,0
ES-3201407-E2197FA999934F58B35CEC32E7D21942,es,10.1,0.56,1.85,18.32,0.0,0.0,0.0,0.0,1,0,0,0,1,0,0
ES-3201506-8AC8C5DDB82A459C9FA6245B6822CB97,es,69.05,3.83,18.97,27.47,0.0,0.0,0.0,0.0,0,0,0,0,1,0,0
ES-3201506-231944F51F5A4619B130E5C0424A65B4,es,27.69,1.54,2.21,7.98,0.0,0.0,0.0,0.0,1,0,0,0,1,0,0
ES-3201209-89B7721CDCF24F399085DE50D492C467,es,15.79,0.99,0.5,3.17,0.0,0.0,0.0,0.0,1,0,0,0,1,0,0
ES-3201407-301CAE3DFD71422FB344A8AA74841A42,es,4.84,0.27,0.18,3.72,0.0,0.0,0.0,0.0,1,0,0,0,1,0,0
ES-3201209-DF0E0E66015A438B81C400A8191642A4,es,14.72,0.92,0.0,0.0,0.0,0.0,0.0,0.0,2,0,0,0,1,0,0
ES-3201209-496FF4589CD04B25B9CBE65D6E49E66C,es,5.07,0.32,0.0,0.0,0.0,0.0,0.0,0.0,2,0,0,0,1,0,0
ES-3201506-1403979467304F578007D4DFB3EC2A23,es,50.71,2.82,6.32,12.46,0.0,0.0,0.0,0.0,1,0,0,0,1,0,0
ES-3201407-901ADB469D6047F19E49D6027BD74F55,es,4.39,0.24,1.76,40.09,0.0,0.0,0.0,0.0,0,0,0,0,1,0,0
ES-3201100-2988229F22D2426FB346521A0D7C40A1,es,7.16,0.36,0.0,0.0,0.0,0.0,0.0,0.0,2,0,0,0,1,0,0
ES-3201159-D619225B1EDD40C38B98D1678BB33563,es,3.76,0.19,0.64,17.02,0.0,0.0,0.0,0.0,1,0,0,0,1,0,0
ES-3201159-FF143C9571DE40A9B6BD8E573A55F766,es,8.28,0.41,1.61,19.44,0.0,0.0,0.0,0.0,1,0,0,0,1,0,0
ES-3201209-497423EDB1E6499C86C24FD0B4F102DF,es,16.82,1.05,0.0,0.0,0.0,0.0,0.0,0.0,2,0,0,0,1,0,0
ES-3201506-91400AF1F6D040B994078F483AD95887,es,43.07,2.39,3.94,9.15,0.0,0.0,0.0,0.0,1,0,0,0,1,0,0
ES-3201506-AA4588337BE94431A3DC450546F623C5,es,5.01,0.28,0.0,0.0,0.0,0.0,0.0,0.0,2,0,0,0,1,0,0
ES-3201159-2315503C23044449894B68AA4F054BFF,es,17.44,0.87,7.68,44.04,0.0,0.0,0.0,0.0,0,0,0,0,1,0,0
ES-3201407-8F0792AF92C846A69A0FA755E22EE790,es,22.29,1.24,0.02,0.09,0.0,0.0,0.0,0.0,1,0,0,0,1,0,0
ES-3201407-737059E60BDA473CBE077517126604AF,es,36.33,2.02,3.7,10.18,0.0,0.0,0.0,0.0,1,0,0,0,1,0,0
ES-3201506-A305797F5EB046079A7BA87F840848AE,es,11.45,0.64,0.51,4.45,0.0,0.0,0.0,0.0,1,0,0,0,1,0,0
ES-3201159-F2883A66BFEF440EB66B6886C6F61F2A,es,3.21,0.16,0.49,15.26,0.0,0.0,0.0,0.0,1,0,0,0,1,0,0
ES-3201159-6788D36B6D2647CE9CD7D28E7381C00A,es,148.6,7.43,14.04,9.45,0.0,0.0,0.0,0.0,1,0,0,0,1,0,0
ES-3201407-A12036B969844409931D358590CA9AC2,es,53.37,2.96,0.68,1.27,0.0,0.0,0.0,0.0,1,0,0,0,1,0,0
ES-3201506-765379443E4A4C0B8F0299F5B94791A6,es,7.39,0.41,3.22,43.57,0.0,0.0,0.0,0.0,0,0,0,0,1,0,0
ES-3201407-0960E0F4321B46D79A3B7CE74FD93998,es,5.45,0.3,0.0,0.0,0.0,0.0,0.0,0.0,2,0,0,0,1,0,0
ES-3201407-794DEA8BFC9F44018CF0D29513B27E9F,es,245.79,13.66,2.62,1.07,0.0,0.0,0.0,0.0,1,0,0,0,1,0,0
ES-3201506-A32B04D768644D97ABDC1E24A217599D,es,4.65,0.26,0.0,0.0,0.0,0.0,0.0,0.0,2,0,0,0,1,0,0
ES-3201407-7D7E5FF3EA34454387F4F5F8371137F6,es,5.22,0.29,2.54,48.66,0.0,0.0,0.0,0.0,0,0,0,0,1,0,0
ES-3201407-BAE7AAB7BE6B47449A1CC7A0C8B644F0,es,6.64,0.37,3.0,45.18,0.0,0.0,0.0,0.0,0,0,0,0,1,0,0
ES-3201209-46B19205B6CF4655AF439AD6F546D7DD,es,0.64,0.04,0.0,0.0,0.0,0.0,0.0,0.0,2,0,0,0,1,0,0
ES-3201506-D5442E9B18A74E5FB2F20C62B82934C3,es,28.15,1.56,1.11,3.94,0.0,0.0,0.0,0.0,1,0,0,0,1,0,0
ES-3201506-29EC94FA0EA84174BA6B7322002011B7,es,18.23,1.01,1.8,9.87,0.0,0.0,0.0,0.0,1,0,0,0,1,0,0
ES-3201159-A54F4D04AD9D4CA6A6684A78DCF32BAA,es,16.68,0.83,7.14,42.81,0.0,0.0,0.0,0.0,0,0,0,0,1,0,0
ES-3201407-A36735AE32C540ECBC1E7078227501EB,es,7.24,0.4,1.92,26.52,0.0,0.0,0.0,0.0,0,0,0,0,1,0,0
ES-3201407-45B91FCEEA1549498C21862C79B4B83F,es,13.94,0.77,2.59,18.58,0.0,0.0,0.0,0.0,1,0,0,0,1,0,0
ES-3201209-5FBB3D2DF3A94DE2B0E0E461735463D0,es,40.33,2.52,9.74,24.15,0.0,0.0,0.0,0.0,0,0,0,0,1,0,0
ES-3201308-890473C3DB4E44F6BA1DEE46894E6F8E,es,25.06,2.09,6.58,26.26,0.0,0.0,0.0,0.0,0,0,0,0,1,0,0
ES-3201407-6FC9D533EC8148369B02CAA9DFEA9E62,es,31.68,1.76,1.04,3.28,0.0,0.0,0.0,0.0,1,0,0,0,1,0,0
ES-3201407-7B044613927C478FB668FBF1C20189B8,es,7.44,0.41,0.49,6.59,0.0,0.0,0.0,0.0,1,0,0,0,1,0,0
ES-3201506-603752E147E24050A87782B9CB7D0E22,es,63.72,3.54,0.14,0.22,0.0,0.0,0.0,0.0,1,0,0,0,1,0,0
ES-3201407-9556662707604187B5D040040DBCA055,es,6.05,0.34,0.0,0.0,0.0,0.0,0.0,0.0,2,0,0,0,1,0,0
ES-3201506-7266BDE36A9B4C54BA74A89900C4F081,es,50.07,2.78,0.0,0.0,0.0,0.0,0.0,0.0,2,0,0,0,1,0,0
ES-3201506-3372A58F60E6406C826B648A447488AB,es,33.09,1.84,0.08,0.24,0.0,0.0,0.0,0.0,1,0,0,0,1,0,0
ES-3201407-9F394CED361E4DC0BC4C8C8C61003E3E,es,15.0,0.83,0.0,0.0,0.0,0.0,0.0,0.0,2,0,0,0,1,0,0
ES-3201159-A46F693E5DD045AFBC5172A460D0CA30,es,31.31,1.57,17.39,55.54,0.0,0.0,0.0,0.0,0,0,0,0,1,0,0
ES-3201506-7DAA0D4D77A547C08D78499C380325FC,es,26.66,1.48,0.56,2.1,0.0,0.0,0.0,0.0,1,0,0,0,1,0,0
ES-3201506-57BCCBAA13E24027A9768AA3B32A4052,es,9.58,0.53,0.21,2.19,0.0,0.0,0.0,0.0,1,0,0,0,1,0,0
ES-3201209-8448E711AFCD41C2960E8CF7A0D3B085,es,16.81,1.05,0.0,0.0,0.0,0.0,0.0,0.0,2,0,0,0,1,0,0
ES-3201506-D377BDE3E7CD4480A8CF170D8AF4F481,es,34.24,1.9,0.18,0.53,0.0,0.0,0.0,0.0,1,0,0,0,1,0,0
ES-3201506-78D524AF058E424F9D511D63C791E00A,es,9.83,0.55,1.3,13.22,0.0,0.0,0.0,0.0,1,0,0,0,1,0,0
ES-3201407-DF391BE5B7774B518EE406E7EDD5072F,es,7.06,0.39,0.0,0.0,0.0,0.0,0.0,0.0,2,0,0,0,1,0,0
ES-3201209-8460A4DF0E3648B18E388AE1967C0101,es,8.45,0.53,0.04,0.47,0.0,0.0,0.0,0.0,1,0,0,0,1,0,0
ES-3201506-2618DBD6913A44CC8442F528D2D737D6,es,5.65,0.31,0.1,1.77,0.0,0.0,0.0,0.0,1,0,0,0,1,0,0
ES-3201209-42CB340820354BE2862702591C8BE1A6,es,9.73,0.61,0.0,0.0,0.0,0.0,0.0,0.0,2,0,0,0,1,0,0
ES-3201209-3E5FA979A78F4DE3B4AE2CE6937160F5,es,22.16,1.39,0.0,0.0,0.0,0.0,0.0,0.0,2,0,0,0,1,0,0
ES-3201407-A505F9418D8E49488A2467DD883C7D29,es,181.45,10.08,20.31,11.19,0.0,0.0,0.0,0.0,1,0,0,0,1,0,0
ES-3201159-667B8B7BCD844E858F354B6861530C53,es,19.35,0.97,4.3,22.22,0.0,0.0,0.0,0.0,0,0,0,0,1,0,0
ES-3201159-7C95BDB3571B483A948A5DEF26BE94C0,es,11.57,0.58,1.13,9.77,0.0,0.0,0.0,0.0,1,0,0,0,1,0,0
ES-3201407-B9B982272B594EEB960F9BBF9887127A,es,9.5,0.53,1.44,15.16,0.0,0.0,0.0,0.0,1,0,0,0,1,0,0
ES-3201209-54412DD525A8497A841479034D12362A,es,24.8,1.55,1.23,4.96,0.0,0.0,0.0,0.0,1,0,0,0,1,0,0
ES-3201407-D0ED7ECC742447A5BF4E2544F6C09420,es,81.05,4.5,4.9,6.05,0.0,0.0,0.0,0.0,1,0,0,0,1,0,0
ES-3201506-94E7937E662845069382F866349DB3EF,es,58.84,3.27,3.14,5.34,0.0,0.0,0.0,0.0,1,0,0,0,1,0,0
ES-3201159-9E05A16A327E4A57B1DD1E7083F9356B,es,5.68,0.28,1.89,33.27,0.0,0.0,0.0,0.0,0,0,0,0,1,0,0
ES-3201506-4DAA970789A64D6FAD395C2D38B6409A,es,42.93,2.38,18.5,43.09,0.0,0.0,0.0,0.0,0,0,0,0,1,0,0
ES-3201407-8E1851C5B693490CA584236C73D360FE,es,1.99,0.11,0.0,0.0,0.0,0.0,0.0,0.0,2,0,0,0,1,0,0
ES-3201407-30F86BC2F9724478AA697F0E9D83DAF6,es,6.16,0.34,0.0,0.0,0.0,0.0,0.0,0.0,2,0,0,0,1,0,0
ES-3201209-C1EBC490B72C4DE0AEA8B60D1C9DD832,es,2.66,0.17,0.0,0.0,0.0,0.0,0.0,0.0,2,0,0,0,1,0,0
ES-3201506-8A2BFE5CEFF14AD396D90CA4B632E4B0,es,4.42,0.25,0.02,0.45,0.0,0.0,0.0,0.0,1,0,0,0,1,0,0
ES-3201159-39714A437F50400C83D6DC172063FC19,es,26.54,1.33,6.16,23.21,0.0,0.0,0.0,0.0,0,0,0,0,1,0,0
ES-3201209-5CAFBAB1C0A64A0D892E82C0FC4CE02C,es,9.64,0.6,2.46,25.52,0.0,0.0,0.0,0.0,0,0,0,0,1,0,0
ES-3201209-F16AF89AD9DE47CFB19437B815DC50B9,es,174.43,10.9,0.17,0.1,0.0,0.0,0.0,0.0,1,0,0,0,1,0,0
ES-3201506-5A25AA35571B4186A15CEEC5F8A6F879,es,8.06,0.45,2.56,31.76,0.0,0.0,0.0,0.0,0,0,0,0,1,0,0
ES-3201159-1191975AC0734DC5BC9DE7BA48501731,es,18.64,0.93,5.78,31.01,0.0,0.0,0.0,0.0,0,0,0,0,1,0,0
ES-3201159-F142C9E8674C4C1E85D38679A75E8FD9,es,20.87,1.04,10.05,48.16,0.0,0.0,0.0,0.0,0,0,0,0,1,0,0
ES-3201407-E1DCCAD947E4419993CB19B488D11CBE,es,7.08,0.39,0.0,0.0,0.0,0.0,0.0,0.0,2,0,0,0,1,0,0
ES-3201506-5A3D1FDE35C44F9897480C70E620E215,es,3.1,0.17,0.13,4.19,0.0,0.0,0.0,0.0,1,0,0,0,1,0,0
ES-3201506-1771A185C11148F1B79546705074064B,es,8.49,0.47,0.0,0.0,0.0,0.0,0.0,0.0,2,0,0,0,1,0,0
ES-3201209-416328AC946A43639ACA4AC08F4263D4,es,10.49,0.66,0.32,3.05,0.0,0.0,0.0,0.0,1,0,0,0,1,0,0
ES-3201506-1E20D365796D47C890139447530D6CEB,es,22.91,1.27,2.42,10.56,0.0,0.0,0.0,0.0,1,0,0,0,1,0,0
ES-3201506-60E1296EC98B4CB0AE0AEAD30CCEDD17,es,26.41,1.47,3.53,13.37,0.0,0.0,0.0,0.0,1,0,0,0,1,0,0
ES-3201209-13CA501918A742B2B31CE382178B3013,es,3.62,0.23,0.0,0.0,0.0,0.0,0.0,0.0,2,0,0,0,1,0,0
ES-3201407-422F3DDFCA9A40AFA72A3B54E328120C,es,4.25,0.24,0.0,0.0,0.0,0.0,0.0,0.0,2,0,0,0,1,0,0
ES-3201407-B02B1D96C1D3431E8C3ECAE4FBA26B47,es,4.49,0.25,1.93,42.98,0.0,0.0,0.0,0.0,0,0,0,0,1,0,0
ES-3201159-42E18A5285B64E7FA637155E2D45E0E2,es,11.63,0.58,3.18,27.34,0.0,0.0,0.0,0.0,0,0,0,0,1,0,0
ES-3201159-1255DACE76394FF88E1B5529F46FACC4,es,11.1,0.55,2.52,22.7,0.0,0.0,0.0,0.0,0,0,0,0,1,0,0
ES-3201407-20F658A58B8C4F94AEBC6EB29E143E5A,es,93.94,5.22,14.81,15.77,0.0,0.0,0.0,0.0,1,0,0,0,1,0,0
ES-3201506-322D79961D1F4B02AE53203CBDBAB9AE,es,9.76,0.54,1.18,12.09,0.0,0.0,0.0,0.0,1,0,0,0,1,0,0
ES-3201407-C7C9B574126C4A12BE283C7E211BB511,es,4.38,0.24,1.85,42.24,0.0,0.0,0.0,0.0,0,0,0,0,1,0,0
ES-3201100-DFF7AB8328B34745B9EC3FA53F80523F,es,12.54,0.36,0.04,0.32,0.0,0.0,0.0,0.0,1,0,0,0,1,0,0
ES-3201159-0DF88AF7CB3A4EADA382BEEB6AB025B5,es,4.38,0.22,1.87,42.69,0.0,0.0,0.0,0.0,0,0,0,0,1,0,0
ES-3201407-19AB81C33A8947639E74800D374B5DD6,es,16.61,0.92,0.5,3.01,0.0,0.0,0.0,0.0,1,0,0,0,1,0,0
ES-3201506-05B5C583114D4412A70C8C42B0B1EA19,es,5.71,0.32,3.07,53.77,0.0,0.0,0.0,0.0,0,0,0,0,1,0,0
ES-3201209-C7899811C4674811981AB6ED5260C3D1,es,21.62,1.35,0.79,3.65,0.0,0.0,0.0,0.0,1,0,0,0,1,0,0
ES-3201506-5A41708082A04F57A0F025C716219C06,es,16.27,0.9,0.3,1.84,0.0,0.0,0.0,0.0,1,0,0,0,1,0,0
ES-3201159-16507F432F6B4D6599DD762EB9D31CA9,es,26.64,1.33,10.63,39.9,0.0,0.0,0.0,0.0,0,0,0,0,1,0,0
ES-3201407-EA9E597B5DD745ECA3F8AB4A04EBFDD0,es,162.76,9.04,11.36,6.98,0.0,0.0,0.0,0.0,1,0,0,0,1,0,0
ES-3201506-B06D68486DA74802BEE84FCD0957AE46,es,170.68,9.48,2.6,1.52,0.0,0.0,0.0,0.0,1,0,0,0,1,0,0
ES-3201308-70994025788C4C54ACA90CD10B27793C,es,4.9,0.41,1.61,32.86,0.0,0.0,0.0,0.0,0,0,0,0,1,0,0
ES-3201159-092FE69E01B64CF6B5651825E0CC9D1C,es,5.39,0.27,2.61,48.42,0.0,0.0,0.0,0.0,0,0,0,0,1,0,0
ES-3201159-0A0168F14178444FBD298E144C580CFA,es,31.13,1.56,6.98,22.42,0.0,0.0,0.0,0.0,0,0,0,0,1,0,0
ES-3201159-97690D58415A47F1B7AF3EE669627D87,es,15.17,0.76,7.32,48.25,0.0,0.0,0.0,0.0,0,0,0,0,1,0,0
ES-3201407-29C1CEF1307B4C7F85A9A1A7E8B8EDAC,es,31.6,1.76,1.1,3.48,0.0,0.0,0.0,0.0,1,0,0,0,1,0,0
ES-3201159-C6BAABF92DDE440B92D2D96771C68AA1,es,31.0,1.55,11.15,35.97,0.0,0.0,0.0,0.0,0,0,0,0,1,0,0
ES-3201100-4CAB182D5B5D4A1E96CD5FAAC1C81D38,es,68.69,3.43,1.36,1.98,0.0,0.0,0.0,0.0,1,0,0,0,1,0,0
ES-3201209-0D006AA5AAA8476C87849155B814E0CE,es,8.0,0.5,0.0,0.0,0.0,0.0,0.0,0.0,2,0,0,0,1,0,0
ES-3201506-3FFF67D892EA487D9C2606276E74E50B,es,11.79,0.65,3.2,27.14,0.0,0.0,0.0,0.0,0,0,0,0,1,0,0
ES-3201209-CA45E9017C564F37B7CD9B0BDC4F3193,es,3.87,0.24,0.0,0.0,0.0,0.0,0.0,0.0,2,0,0,0,1,0,0
ES-3201407-CCB6CB9686104A80955E258185A1CFC5,es,3.16,0.18,0.0,0.0,0.0,0.0,0.0,0.0,2,0,0,0,1,0,0
ES-3201308-E3986936A0D542F4BDA67C0219CC2842,es,5.32,0.44,0.08,1.5,0.0,0.0,0.0,0.0,1,0,0,0,1,0,0
ES-3201159-73139F8EF6F640429C879BEF868B94C3,es,49.69,2.48,14.13,28.44,0.0,0.0,0.0,0.0,0,0,0,0,1,0,0
ES-3201159-B28E39A4E36F44F0B7068EAD3404E596,es,3.54,0.18,0.98,27.68,0.0,0.0,0.0,0.0,0,0,0,0,1,0,0
ES-3201506-85117E7FAFFE49B38D1C4067B9BD7561,es,37.67,2.09,0.86,2.28,0.0,0.0,0.0,0.0,1,0,0,0,1,0,0
ES-3201407-9358789F4C7E4283BB5B514281F6CADA,es,30.63,1.7,0.13,0.42,0.0,0.0,0.0,0.0,1,0,0,0,1,0,0
ES-3201407-844D5148435448D6908181858B762D98,es,2.57,0.14,0.01,0.39,0.0,0.0,0.0,0.0,1,0,0,0,1,0,0
ES-3201506-4D6CA5D5181D4D378538ADD43B64B84C,es,223.27,12.4,5.65,2.53,0.0,0.0,0.0,0.0,1,0,0,0,1,0,0
ES-3201209-2BD93A9D3DE24344943E12A9DEAE0B84,es,31.2,1.95,1.17,3.75,0.0,0.0,0.0,0.0,1,0,0,0,1,0,0
ES-3201407-491898CAEA32494A8E6A813C0E094D33,es,9.85,0.55,0.0,0.0,0.0,0.0,0.0,0.0,2,0,0,0,1,0,0
ES-3201159-09B5B79D50B748E98C2D339F02421EDD,es,37.23,1.86,7.97,21.41,0.0,0.0,0.0,0.0,0,0,0,0,1,0,0
ES-3201407-DA330139DFD241C7B1242F95DE55CE3E,es,22.13,1.23,2.56,11.57,0.0,0.0,0.0,0.0,1,0,0,0,1,0,0
ES-3201159-C25F8ECE8B9849558854E206CFE40BDE,es,4.67,0.23,0.86,18.42,0.0,0.0,0.0,0.0,1,0,0,0,1,0,0
ES-3201506-00DFA697B9B7464B917925C0F1806D3C,es,29.74,1.65,2.86,9.62,0.0,0.0,0.0,0.0,1,0,0,0,1,0,0
ES-3201209-2D8DDA64811C449C94806695E1757F01,es,9.12,0.57,0.25,2.74,0.0,0.0,0.0,0.0,1,0,0,0,1,0,0
ES-3201159-EB8C8E4E7EF54250A6DD058FFDC9330B,es,7.49,0.37,1.51,20.16,0.0,0.0,0.0,0.0,0,0,0,0,1,0,0
ES-3201209-0007117DF39C414FA56572C29C2B07B6,es,70.26,4.39,16.92,24.08,0.0,0.0,0.0,0.0,0,0,0,0,1,0,0
ES-3201506-62A0CAC8471C4C8BB9C11213CF56A441,es,2.84,0.16,0.0,0.0,0.0,0.0,0.0,0.0,2,0,0,0,1,0,0
ES-3201407-FEA5F96100A44BAEA1218443FF1D02F1,es,4.58,0.25,0.62,13.54,0.0,0.0,0.0,0.0,1,0,0,0,1,0,0
ES-3201407-01715E76B6594DB39382D0BA927AF9FC,es,9.68,0.54,0.17,1.76,0.0,0.0,0.0,0.0,1,0,0,0,1,0,0
ES-3201209-549EDB7DEF22416EBE8EA1093304E570,es,17.9,1.12,0.01,0.06,0.0,0.0,0.0,0.0,1,0,0,0,1,0,0
ES-3201209-A174F1958F6A490497BD4C2700222445,es,11.99,0.75,0.0,0.0,0.0,0.0,0.0,0.0,2,0,0,0,1,0,0
ES-3201407-6DB696906D0443A29910B2DA3CF80C1C,es,19.36,1.08,1.98,10.23,0.0,0.0,0.0,0.0,1,0,0,0,1,0,0
ES-3201209-F1074D2A36C24A09B5E352F9D462B40A,es,36.81,2.3,2.63,7.14,0.0,0.0,0.0,0.0,1,0,0,0,1,0,0
ES-3201506-54BAE8905CF74D9694294F9B2164DBE6,es,22.21,1.23,1.01,4.55,0.0,0.0,0.0,0.0,1,0,0,0,1,0,0
ES-3201407-5DCB36D1B9DA4BE4916B24FBC7DD4780,es,39.52,2.2,0.0,0.0,0.0,0.0,0.0,0.0,2,0,0,0,1,0,0
ES-3201506-C83145B55D8349C794EFDC934AF6B4DD,es,87.83,4.88,15.08,17.17,0.0,0.0,0.0,0.0,1,0,0,0,1,0,0
ES-3201159-2E70B8D4D8764988B8A7BD215AD6CF99,es,38.82,1.94,9.42,24.27,0.0,0.0,0.0,0.0,0,0,0,0,1,0,0
ES-3201506-3FEBF368049E4CEE93F752B7CD0B261F,es,9.44,0.52,0.07,0.74,0.0,0.0,0.0,0.0,1,0,0,0,1,0,0
ES-3201506-7B41789E02FE489094B9E536D1F4C9C8,es,92.38,5.13,0.86,0.93,0.0,0.0,0.0,0.0,1,0,0,0,1,0,0
ES-3201506-3AC4CA6A0CF0428692329C25FB0F78E8,es,22.88,1.27,1.17,5.11,0.0,0.0,0.0,0.0,1,0,0,0,1,0,0
ES-3201209-0589BC294B3444C0AD8167287A893320,es,7.54,0.47,0.25,3.32,0.0,0.0,0.0,0.0,1,0,0,0,1,0,0
ES-3201407-F1FEEDCF61D34076B9B1AD4D3B687285,es,8.23,0.46,0.23,2.79,0.0,0.0,0.0,0.0,1,0,0,0,1,0,0
ES-3201407-2015790086364CF09F90E9998D87744F,es,12.42,0.69,0.38,3.06,0.0,0.0,0.0,0.0,1,0,0,0,1,0,0
ES-3201308-07BFB5E5BA3A497D8715A11126711B3F,es,16.4,1.37,0.0,0.0,0.0,0.0,0.0,0.0,2,0,0,0,1,0,0
ES-3201159-FA8A8F4F90804152907B26751B9BC37C,es,6.63,0.33,1.93,29.11,0.0,0.0,0.0,0.0,0,0,0,0,1,0,0
ES-3201209-B30674E9C0A34ADCA0232F8719809200,es,47.39,2.96,0.75,1.58,0.0,0.0,0.0,0.0,1,0,0,0,1,0,0
ES-3201159-5562B4E7C208468EBCC4D5BC007D3B14,es,6.01,0.3,0.45,7.49,0.0,0.0,0.0,0.0,1,0,0,0,1,0,0
ES-3201308-A10F2F0A5E144494BB9F62624A905557,es,39.23,3.27,3.94,10.04,0.0,0.0,0.0,0.0,1,0,0,0,1,0,0
ES-3201407-0983E313E7E24A58AC145A79367833BB,es,98.08,5.45,2.75,2.8,0.0,0.0,0.0,0.0,1,0,0,0,1,0,0
ES-3201159-301C47EA5E5D468F98C1A2E7F89C08FA,es,3.48,0.17,0.39,11.21,0.0,0.0,0.0,0.0,1,0,0,0,1,0,0
ES-3201407-8A1224648CC14CD5854F0DB369DA607B,es,13.5,0.75,4.93,36.52,0.0,0.0,0.0,0.0,0,0,0,0,1,0,0
ES-3201506-24AB47FA24AC4897B29E2ECC3927498A,es,12.66,0.7,0.66,5.21,0.0,0.0,0.0,0.0,1,0,0,0,1,0,0
ES-3201407-0C28C8C28F9F4D7E9DC8509CF41411FF,es,2.09,0.12,0.0,0.0,0.0,0.0,0.0,0.0,2,0,0,0,1,0,0
ES-3201506-C03FE20736264CF38A550E9B13ED678E,es,5.61,0.31,0.02,0.36,0.0,0.0,0.0,0.0,1,0,0,0,1,0,0
ES-3201159-17298AF642614852BF261EB8B7E7DE19,es,13.76,0.69,3.78,27.47,0.0,0.0,0.0,0.0,0,0,0,0,1,0,0
ES-3201159-9C650FBEB1914468B5B03240BC975AC3,es,4.31,0.22,1.06,24.59,0.0,0.0,0.0,0.0,0,0,0,0,1,0,0
ES-3201407-460F2A7BC9FC4D1B86D2E09C444B9CD9,es,34.76,1.93,4.93,14.18,0.0,0.0,0.0,0.0,1,0,0,0,1,0,0
ES-3201159-CC1B4152D60E4DD390DF072F619B807B,es,14.79,0.74,1.92,12.98,0.0,0.0,0.0,0.0,1,0,0,0,1,0,0
ES-3201407-E0B6F2CEEDAE4EA99196981D671DB9F5,es,28.23,1.57,0.01,0.04,0.0,0.0,0.0,0.0,1,0,0,0,1,0,0
ES-3201159-DF468CAF53754A4EB719D162419F1E86,es,5.39,0.27,0.27,5.01,0.0,0.0,0.0,0.0,1,0,0,0,1,0,0
ES-3201407-CC8285B3A1954F1CB440D0BC9323B73C,es,16.75,0.93,3.33,19.88,0.0,0.0,0.0,0.0,1,0,0,0,1,0,0
ES-3201159-229386EC06144DBBBE73AD11BD12830C,es,39.1,1.96,30.88,78.98,0.0,0.0,0.0,0.0,0,0,0,0,1,0,0
ES-3201159-28D21D90D2BA48BE9B8195C125BAC48D,es,19.06,0.95,6.64,34.84,0.0,0.0,0.0,0.0,0,0,0,0,1,0,0
ES-3201159-FB3B406D157F4617A7BAD155AD9D5BE2,es,40.57,2.03,2.79,6.88,0.0,0.0,0.0,0.0,1,0,0,0,1,0,0
ES-3201209-AE0F1FEC67FE4EDA9DA1E022306A3D98,es,4.84,0.3,0.01,0.21,0.0,0.0,0.0,0.0,1,0,0,0,1,0,0
ES-3201159-F34A6BD4751D4D5D9C90720B4BC025CD,es,80.24,4.01,12.34,15.38,0.0,0.0,0.0,0.0,1,0,0,0,1,0,0
ES-3201407-7982A57000204B389AD59B7FFF0100FF,es,6.48,0.36,0.0,0.0,0.0,0.0,0.0,0.0,2,0,0,0,1,0,0
ES-3201506-6C97BC0EB35246D6BA40F170AB18C602,es,41.9,2.33,2.06,4.92,0.0,0.0,0.0,0.0,1,0,0,0,1,0,0
ES-3201407-8DD43647B5D74422A6A5FD1407FACDD4,es,4.32,0.24,0.0,0.0,0.0,0.0,0.0,0.0,2,0,0,0,1,0,0
ES-3201407-5B15995B0DDC4C99AB8B3765794CF074,es,12.07,0.67,4.09,33.89,0.0,0.0,0.0,0.0,0,0,0,0,1,0,0
ES-3201506-0613950EEAA74F9781C4D9772DAB0EB6,es,4.8,0.27,2.35,48.96,0.0,0.0,0.0,0.0,0,0,0,0,1,0,0
ES-3201506-85FC36D25A2245D0AF2E43BDF48DDE9A,es,14.54,0.81,3.35,23.04,0.0,0.0,0.0,0.0,0,0,0,0,1,0,0
ES-3201506-22A7A3C7FB4C45A1BF27DDB0BAF1D512,es,13.03,0.54,1.05,8.06,0.0,0.0,0.0,0.0,1,0,0,0,1,0,0
ES-3201506-B8F2352CC1E2494CA3811753BA66234B,es,43.52,2.42,2.9,6.66,0.0,0.0,0.0,0.0,1,0,0,0,1,0,0
ES-3201506-9C8D79959FE74D3290B60989959E04F2,es,53.91,3.0,0.45,0.83,0.0,0.0,0.0,0.0,1,0,0,0,1,0,0
ES-3201159-FDE19F1C1E7D4C378AD13CF2B73A646A,es,7.09,0.35,5.23,73.77,0.0,0.0,0.0,0.0,0,0,0,0,1,0,0
ES-3201209-4E60D4DC676D46C88CE89926B40AA523,es,22.07,1.38,0.02,0.09,0.0,0.0,0.0,0.0,1,0,0,0,1,0,0
ES-3201506-6865A579C3784BA8AA702C2F6B194757,es,16.88,0.94,0.32,1.9,0.0,0.0,0.0,0.0,1,0,0,0,1,0,0
ES-3201159-0EFC7A80ABD744B190B5F4B81F1250E8,es,4.87,0.24,0.09,1.85,0.0,0.0,0.0,0.0,1,0,0,0,1,0,0
ES-3201209-5B9DB17E901D441AB52FEF306A55DAA0,es,72.38,4.52,1.04,1.44,0.0,0.0,0.0,0.0,1,0,0,0,1,0,0
ES-3201407-6C2C3F658011410C954238763C45D9C2,es,19.5,1.08,0.01,0.05,0.0,0.0,0.0,0.0,1,0,0,0,1,0,0
ES-3201407-26324897AEC54C8786546F13037625AB,es,16.03,0.89,0.17,1.06,0.0,0.0,0.0,0.0,1,0,0,0,1,0,0
ES-3201209-2D3CFE27C4FD40D1A5327C992610A7A2,es,33.65,2.1,1.95,5.79,0.0,0.0,0.0,0.0,1,0,0,0,1,0,0
ES-3201506-23594B693E934D9FB2B245EF10CB6FB3,es,22.0,1.22,6.09,27.68,0.0,0.0,0.0,0.0,0,0,0,0,1,0,0
ES-3201407-03D5AD61C7444A4CB2F9A875200710C7,es,28.17,1.56,0.45,1.6,0.0,0.0,0.0,0.0,1,0,0,0,1,0,0
ES-3201506-4FEDE9A2391848EC9F5749CE5EB46F2D,es,17.12,0.95,0.0,0.0,0.0,0.0,0.0,0.0,2,0,0,0,1,0,0
ES-3201506-7576A9284AF44FFD8337D6C93F15C33E,es,3.62,0.2,0.0,0.0,0.0,0.0,0.0,0.0,2,0,0,0,1,0,0
ES-3201506-58096D973ED14A549041CF4E369C2DCC,es,30.53,1.7,0.29,0.95,0.0,0.0,0.0,0.0,1,0,0,0,1,0,0
ES-3201209-54791433E2184414A3788C0D39F01B24,es,197.07,12.32,4.69,2.38,0.0,0.0,0.0,0.0,1,0,0,0,1,0,0
ES-3201506-7E119EFDA38D45A6A1C2C44CF4655AC2,es,6.2,0.34,0.0,0.0,0.0,0.0,0.0,0.0,2,0,0,0,1,0,0
ES-3201209-3D970E1A6E9E44F08778EDDCB45647BC,es,2.0,0.13,0.15,7.5,0.0,0.0,0.0,0.0,1,0,0,0,1,0,0
ES-3201209-F853ED7120334D9C87355AEFA5476967,es,2.98,0.19,0.0,0.0,0.0,0.0,0.0,0.0,2,0,0,0,1,0,0
ES-3201506-C685C4EF6107456A9A30DCF692805127,es,7.92,0.44,0.82,10.35,0.0,0.0,0.0,0.0,1,0,0,0,1,0,0
ES-3201506-D516A3802AC74CE898E63D205A2429F8,es,5.46,0.3,2.01,36.81,0.0,0.0,0.0,0.0,0,0,0,0,1,0,0
ES-3201506-D38B7DC31B864296A923066CBA1D92B4,es,32.95,1.83,6.96,21.12,0.0,0.0,0.0,0.0,0,0,0,0,1,0,0
ES-3201506-17F89CD4F9CA4EA3A7C70DED4122298E,es,3.76,0.21,0.0,0.0,0.0,0.0,0.0,0.0,2,0,0,0,1,0,0
ES-3201159-C9CAFD631EA04567A4BD5E4190DB1FBA,es,20.37,1.02,9.83,48.26,0.0,0.0,0.0,0.0,0,0,0,0,1,0,0
ES-3201209-A7B89740B71E49ADB510F94F8524F5B8,es,2.0,0.12,0.0,0.0,0.0,0.0,0.0,0.0,2,0,0,0,1,0,0
ES-3201308-231188FCBF87401FA113C8CCCB421808,es,35.53,2.96,6.45,18.15,0.0,0.0,0.0,0.0,1,0,0,0,1,0,0
ES-3201407-E6AAFD45BFFB40769094D59DD20C1FAD,es,9.33,0.52,1.8,19.29,0.0,0.0,0.0,0.0,1,0,0,0,1,0,0
ES-3201209-B3F19578095A4184888424E7396F126C,es,41.85,2.62,1.6,3.82,0.0,0.0,0.0,0.0,1,0,0,0,1,0,0
ES-3201209-1AA9FDDD2FBA43B6978A47AE465B440C,es,15.46,0.97,0.33,2.13,0.0,0.0,0.0,0.0,1,0,0,0,1,0,0
ES-3201506-329A5EB002274D979C55EAE80ADD7B1A,es,29.35,1.63,3.33,11.35,0.0,0.0,0.0,0.0,1,0,0,0,1,0,0
GO-5200175-43A958C0C726427CAFC72EB51F800B0E,go,11.95,0.3415,0.97,8.12,0.0,0.0,0.0,0.0,1,0,0,1,0,0,0
GO-5210109-86452FBB66AD4216A24063FA59E60F25,go,10.01,0.2502,0.0,0.0,0.0,0.0,0.0,0.0,2,0,0,1,0,0,0
GO-5219704-68307951669841DE877F176CC5B2FCB9,go,103.25,2.065,1.29,1.25,0.0,0.0,0.0,0.0,1,0,0,1,0,0,0
GO-5210109-8D243459457A40C885D8C4420C8C78E4,go,81.55,2.0388,3.32,4.07,0.0,0.0,0.0,0.0,1,0,0,1,0,0,0
GO-5210109-710DAFB4F6D74867B472F9BEB951BBE0,go,20.06,0.5016,0.07,0.35,0.0,0.0,0.0,0.0,1,0,0,1,0,0,0
GO-5200175-7228840D35184761AF8C80BA5F26C271,go,20.36,0.5817,4.03,19.79,0.0,0.0,0.0,0.0,1,0,0,1,0,0,0
GO-5207808-A5787278E4964F209F1DA386381BDA1A,go,10.91,0.3638,0.0,0.0,0.0,0.0,0.0,0.0,2,0,0,1,0,0,0
GO-5210109-C5FC0FB892C0477DB7A585946EBF9A0D,go,242.15,6.0538,0.94,0.39,0.0,0.0,0.0,0.0,1,0,0,1,0,0,0
GO-5200175-7A9361AAC4F8452C8B9BE25294185D31,go,510.14,14.5754,14.6,2.86,0.0,0.0,0.0,0.0,1,0,0,1,0,0,0
GO-5207808-817E808002BF4F92A61C34230877F79F,go,33.89,1.1295,0.29,0.86,0.0,0.0,0.0,0.0,1,0,0,1,0,0,0
GO-5209952-0398C3D2739D421BB1014D8177C79D44,go,367.23,12.241,0.19,0.05,0.0,0.0,0.0,0.0,1,0,0,1,0,0,0
GO-5200258-EE72703DCA1C4D6499B860DB3A9EC5BF,go,59.59,1.5178,0.0,0.0,0.0,0.0,0.0,0.0,2,0,0,1,0,0,0
GO-5210109-CEA220879D384302BEF549411C74C041,go,23.1,0.5775,0.0,0.0,0.0,0.0,0.0,0.0,2,0,0,1,0,0,0
GO-5210109-FF1895E6E7A441E8BFAD82088E09AC07,go,184.48,4.61,17.78,9.64,0.0,0.0,0.0,0.0,1,0,0,1,0,0,0
GO-5210109-2C82D9D68F114366954E87401B7CEE2F,go,79.36,1.9839,8.27,10.42,0.0,0.0,0.0,0.0,1,0,0,1,0,0,0
GO-5200159-D131C032FD9341FA9EB1A29F8256989B,go,40.97,1.8624,0.0,0.0,0.0,0.0,0.0,0.0,2,0,0,1,0,0,0
GO-5207808-A718047573D84BDFB1319A89560C1BE6,go,45.54,1.5181,3.69,8.1,0.0,0.0,0.0,0.0,1,0,0,1,0,0,0
GO-5204003-F102123A2A3845B196AF0BABF0A97867,go,23.17,0.5149,2.64,11.39,0.0,0.0,0.0,0.0,1,0,0,1,0,0,0
GO-5200209-43B14C5D9BEE457BB6215F50519CFA48,go,40.57,0.9015,0.34,0.84,0.0,0.0,0.0,0.0,1,0,0,1,0,0,0
GO-5200308-7F24B9674EDB4D6794EAC14BD2ABE7BF,go,1.75,0.0583,0.0,0.0,0.0,0.0,0.0,0.0,2,0,0,1,0,0,0
GO-5204003-E033AAF5588D427997541CC35D941213,go,370.52,8.2338,47.65,12.86,0.0,0.0,0.0,0.0,1,0,0,1,0,0,0
GO-5219704-F1B19A5EEC65404DB1BA4D527583AC37,go,9.69,0.1938,0.04,0.41,0.0,0.0,0.0,0.0,1,0,0,1,0,0,0
GO-5210109-7FFE184905CE427789DF25837C47F43B,go,287.97,7.2,5.05,1.75,0.0,0.0,0.0,0.0,1,0,0,1,0,0,0
GO-5204003-271C24DCDA5740528E9312D76E573FEC,go,332.0,7.3778,1.59,0.48,0.0,0.0,0.0,0.0,1,0,0,1,0,0,0
GO-5210109-A6B01268087949BAB5F1ECC1B73F5BC8,go,30.67,0.7668,1.03,3.36,0.0,0.0,0.0,0.0,1,0,0,1,0,0,0
GO-5204003-EB5BA4B8CA1C4D418E01438C69D69C05,go,124.02,2.7561,0.38,0.31,0.0,0.0,0.0,0.0,1,0,0,1,0,0,0
GO-5219704-A9C18F652460483A9E342F6790380EDF,go,26.74,0.5348,0.0,0.0,0.0,0.0,0.0,0.0,2,0,0,1,0,0,0
GO-5200308-90FA600439B245908937AEB9BE2629C0,go,37.42,1.2474,7.34,19.61,0.0,0.0,0.0,0.0,1,0,0,1,0,0,0
GO-5200175-F6F10DB705F74BDCAEAFFC5C3135F9FD,go,13847.72,395.6425,871.78,6.3,0.0,0.0,0.0,0.0,1,0,0,1,0,0,0
GO-5200308-1E573B278BBD4E75935E774A61FF0EF0,go,5.95,0.1983,0.0,0.0,0.0,0.0,0.0,0.0,2,0,0,1,0,0,0
GO-5207808-5C0C06D1C00E44598C0C0550CAF77D0D,go,5.25,0.1749,0.0,0.0,0.0,0.0,0.0,0.0,2,0,0,1,0,0,0
GO-5219712-EE2CFA9D2D3B4CC0B4BEA06C901A7642,go,46.74,1.558,0.01,0.02,0.0,0.0,0.0,0.0,1,0,0,1,0,0,0
GO-5210109-7DD574C26E3846F78312EAF385B3A4A2,go,111.29,2.7822,1.89,1.7,0.0,0.0,0.0,0.0,1,0,0,1,0,0,0
GO-5210109-A7086278C34948A1ABA7126E3A996FCF,go,87.39,2.1847,0.0,0.0,0.0,0.0,0.0,0.0,2,0,0,1,0,0,0
GO-5200308-9E0A5CA776954951BC1169D0FC8408B5,go,3.72,0.1239,0.0,0.0,0.0,0.0,0.0,0.0,2,0,0,1,0,0,0
GO-5209952-B31F51C874564A95980C8588429F76EB,go,48.17,1.6055,0.0,0.0,0.0,0.0,0.0,0.0,2,0,0,1,0,0,0
GO-5210109-F668880FC07643979F5E99AE8F597106,go,266.23,6.6558,0.0,0.0,0.0,0.0,0.0,0.0,2,0,0,1,0,0,0
GO-5207808-48D8AB44252B47DC826A9198456D0BC4,go,13.83,0.46,0.0,0.0,0.0,0.0,0.0,0.0,2,0,0,1,0,0,0
GO-5210109-28ABA625F4AF44F29B3414508528054C,go,5.9,0.1474,0.0,0.0,0.0,0.0,0.0,0.0,2,0,0,1,0,0,0
GO-5200175-0CAC3D0AE7874F9992106E8415DE5482,go,7.86,0.2245,0.0,0.0,0.0,0.0,0.0,0.0,2,0,0,1,0,0,0
GO-5210109-F210DA48AFBA4133B319538F5F1E4635,go,101.13,2.5283,0.63,0.62,0.0,0.0,0.0,0.0,1,0,0,1,0,0,0
GO-5207808-0933234FEB65464EBEC4F8C1CB5D0A23,go,8.3,0.2767,0.0,0.0,0.0,0.0,0.0,0.0,2,0,0,1,0,0,0
GO-5200308-A3369D6BC77443E08B4E8373DE7D86E9,go,24.49,0.8165,0.02,0.08,0.0,0.0,0.0,0.0,1,0,0,1,0,0,0
GO-5219704-33E00FEAEB004B6FB94E7D296F108218,go,80.44,1.6087,1.43,1.78,0.0,0.0,0.0,0.0,1,0,0,1,0,0,0
GO-5203962-DD26DAD306AB45A8B75D94187725A13E,go,1.63,0.0233,0.02,1.23,0.0,0.0,0.0,0.0,1,0,0,1,0,0,0
GO-5207808-09CB1BE27D424A4291C1873F0F41C59E,go,6.76,0.2252,0.0,0.0,0.0,0.0,0.0,0.0,2,0,0,1,0,0,0
GO-5210109-948FB1E99E1945B1A38E8B7312E4FF41,go,21.07,0.5267,0.43,2.04,0.0,0.0,0.0,0.0,1,0,0,1,0,0,0
GO-5209952-DA9645C560BC4FD9AAFB08F1889585FF,go,38.73,1.291,0.17,0.44,0.0,0.0,0.0,0.0,1,0,0,1,0,0,0
GO-5219704-70393C115DFB43F89DD28B46B0A73155,go,241.23,4.8246,0.42,0.17,0.0,0.0,0.0,0.0,1,0,0,1,0,0,0
GO-5219704-0DCE86366FC94484BB39B71FA3E3C73C,go,22.26,0.4453,0.17,0.76,0.0,0.0,0.0,0.0,1,0,0,1,0,0,0
GO-5210109-09F33308597E432FA01C2C0199AF9DE9,go,0.49,0.0122,0.0,0.0,0.0,0.0,0.0,0.0,2,0,0,1,0,0,0
GO-5200308-96AA2BE95AD44AC99D52A6D5190E6E8D,go,99.12,3.3039,0.17,0.17,0.0,0.0,0.0,0.0,1,0,0,1,0,0,0
GO-5210109-AAE447E3F91042DDAB666F8F86A6BC89,go,142.91,3.5727,13.94,9.75,0.0,0.0,0.0,0.0,1,0,0,1,0,0,0
GO-5200308-759EADCF91C2499996891FFA736D2719,go,141.63,4.721,3.54,2.5,0.0,0.0,0.0,0.0,1,0,0,1,0,0,0
GO-5209952-549C9C24B83B4A50A0BA452EF40997FC,go,3.35,0.1117,0.0,0.0,0.0,0.0,0.0,0.0,2,0,0,1,0,0,0
GO-5200308-57132814FF4549FBB742777086F487F9,go,25.17,0.839,0.0,0.0,0.0,0.0,0.0,0.0,2,0,0,1,0,0,0
GO-5209952-563FB6899C4D41C5BE57A5FD79CDD811,go,67.76,2.2587,0.45,0.66,0.0,0.0,0.0,0.0,1,0,0,1,0,0,0
GO-5204003-6F7903423F144F2B8E75FC0FBE05D10F,go,96.49,2.1442,0.0,0.0,0.0,0.0,0.0,0.0,2,0,0,1,0,0,0
GO-5219712-7AE617CFAABE4C05A87C106B9ACF750B,go,794.01,26.47,3.5,0.44,0.0,0.0,0.0,0.0,1,0,0,1,0,0,0
GO-5219712-A3B3F11EBC9D41C89BB9624097478479,go,270.29,9.0098,0.0,0.0,0.0,0.0,0.0,0.0,2,0,0,1,0,0,0
GO-5219605-BDDC915858564F6D99EF73E8E48B15EA,go,13.91,0.2783,9.02,64.82,0.0,0.0,0.0,0.0,0,0,0,1,0,0,0
GO-5200308-5C7D5F7FA31F45C7B981AE34A2510F11,go,45.76,1.53,0.02,0.04,0.0,0.0,0.0,0.0,1,0,0,1,0,0,0
GO-5200159-61658BB76E7E4EE48E87FCDF6D5E818F,go,19.35,0.8798,0.17,0.88,0.0,0.0,0.0,0.0,1,0,0,1,0,0,0
GO-5207808-1D29F854BC0346CD823F21C02A4A1AF7,go,6.76,0.2252,0.0,0.0,0.0,0.0,0.0,0.0,2,0,0,1,0,0,0
GO-5219704-03824452BBBE49E693BB288E0BC8F8B6,go,12.8,0.2559,0.06,0.47,0.0,0.0,0.0,0.0,1,0,0,1,0,0,0
GO-5200308-84F3042D031E4992A1CB3D66F69D2178,go,133.73,4.4575,0.9,0.67,0.0,0.0,0.0,0.0,1,0,0,1,0,0,0
GO-5209952-04344BF18A184DDCA88B88B65A88E56C,go,227.99,7.5995,36.46,15.99,0.0,0.0,0.0,0.0,1,0,0,1,0,0,0
GO-5204003-9B27F0A78CE64384BE7D0835CF1F511E,go,65.9,1.4644,6.56,9.95,0.0,0.0,0.0,0.0,1,0,0,1,0,0,0
GO-5200175-37A27ABEF265448FA8075E5A8698C507,go,10.2,0.2914,0.06,0.59,0.0,0.0,0.0,0.0,1,0,0,1,0,0,0
GO-5209952-288402ED8FBE4BD99628715086982F9F,go,12.39,0.4129,0.76,6.14,0.0,0.0,0.0,0.0,1,0,0,1,0,0,0
GO-5210109-D58EE05725B64E5584123C1BD4223869,go,46.53,1.1632,0.0,0.0,0.0,0.0,0.0,0.0,2,0,0,1,0,0,0
GO-5207808-E937D296065F4B8DBFAD68CDD7329A74,go,10.7,0.3568,0.0,0.0,0.0,0.0,0.0,0.0,2,0,0,1,0,0,0
GO-5209952-FB400A0084484298971C7897AEFB6338,go,59.01,1.9669,0.0,0.0,0.0,0.0,0.0,0.0,2,0,0,1,0,0,0
GO-5209952-2C1D33D045814FB9AF771B27BB9E77B3,go,6.09,0.2031,0.01,0.16,0.0,0.0,0.0,0.0,1,0,0,1,0,0,0
GO-5209952-37B6F2816C5C4B40A163A2957D8587DA,go,25.08,0.8361,0.0,0.0,0.0,0.0,0.0,0.0,2,0,0,1,0,0,0
GO-5200308-84306B9467FB409A99746713D10362C1,go,2.04,0.068,0.0,0.0,0.0,0.0,0.0,0.0,2,0,0,1,0,0,0
GO-5207808-E873D359904345A4920DBDCC530E13EF,go,4.84,0.1613,0.0,0.0,0.0,0.0,0.0,0.0,2,0,0,1,0,0,0
GO-5200175-3939A32AD651437786BFA40BCCE39625,go,78.56,2.2447,6.03,7.68,0.0,0.0,0.0,0.0,1,0,0,1,0,0,0
GO-5200308-CE457698EB9A48179E5A2CEFD51C66AC,go,30.06,1.0019,0.0,0.0,0.0,0.0,0.0,0.0,2,0,0,1,0,0,0
GO-5219704-B5CF6E02CE324F9FBEB03597D47D4C0E,go,33.34,0.6667,8.33,24.99,0.0,0.0,0.0,0.0,0,0,0,1,0,0,0
GO-5203962-3BA2BCF6FEC94E76804E2C589726B475,go,43.2,0.6171,6.5,15.05,0.0,0.0,0.0,0.0,1,0,0,1,0,0,0
GO-5207808-B5760DC9F224478F9EFCCA4D95293C36,go,24.3,0.8099,0.0,0.0,0.0,0.0,0.0,0.0,2,0,0,1,0,0,0
GO-5210109-DAC1185FCF0D46789D2DD425C4D18A35,go,57.34,1.43,0.0,0.0,0.0,0.0,0.0,0.0,2,0,0,1,0,0,0
GO-5210109-190D23CBFCE249DE82095159944FBAF6,go,129.43,3.2356,8.5,6.57,0.0,0.0,0.0,0.0,1,0,0,1,0,0,0
GO-5210109-EF3934DAB88F458D902227FD17146ED2,go,14.52,0.363,3.55,24.45,0.0,0.0,0.0,0.0,0,0,0,1,0,0,0
GO-5209952-79E99C868C4E42DDB1C6D7AA0433ADA3,go,14.35,0.4783,0.0,0.0,0.0,0.0,0.0,0.0,2,0,0,1,0,0,0
GO-5209952-AB5EB88D9BB24F9EB9F5551979CE8CFD,go,20.7,0.6899,0.0,0.0,0.0,0.0,0.0,0.0,2,0,0,1,0,0,0
GO-5209952-4DCD6852D4E34D23A9D3550AD10A2C92,go,8.07,0.269,0.0,0.0,0.0,0.0,0.0,0.0,2,0,0,1,0,0,0
GO-5203962-1ABACAB84F9A46B2BBBB1E5D4C58B4C4,go,9.11,0.1301,0.17,1.87,0.0,0.0,0.0,0.0,1,0,0,1,0,0,0
GO-5200308-36AF7B85522347178FCA1353136232D7,go,23.36,0.7772,0.24,1.03,0.0,0.0,0.0,0.0,1,0,0,1,0,0,0
GO-5200258-B3B98E4401F84498B00F134BBED54F6F,go,357.69,8.9423,1.03,0.29,0.0,0.0,0.0,0.0,1,0,0,1,0,0,0
GO-5200308-57FE21F356B14718A0135ED42A5EBA00,go,35.42,1.1806,0.0,0.0,0.0,0.0,0.0,0.0,2,0,0,1,0,0,0
GO-5203962-ACC3EF9791454DE3A81CB6EB97FD8917,go,10.32,0.1475,0.53,5.13,0.0,0.0,0.0,0.0,1,0,0,1,0,0,0
GO-5219605-4373D4769A2F45979A400390ED273099,go,18.17,0.3634,0.0,0.0,0.0,0.0,0.0,0.0,2,0,0,1,0,0,0
GO-5209952-7AFA4F21ACA5406795235CC598E7A528,go,184.04,6.1345,8.68,4.72,0.0,0.0,0.0,0.0,1,0,0,1,0,0,0
GO-5210109-1281866CA46145DFB0A983963B244E68,go,63.51,1.5877,8.45,13.31,0.0,0.0,0.0,0.0,1,0,0,1,0,0,0
GO-5203962-8856741761DA43ACAE6761977A85B5AE,go,6.21,0.0888,1.24,19.96,0.0,0.0,0.0,0.0,1,0,0,1,0,0,0
GO-5200308-417589AAEB85496EB3907379284482B7,go,2.01,0.0669,0.35,17.43,0.0,0.0,0.0,0.0,1,0,0,1,0,0,0
GO-5200308-04605BFC3E0045A3B471C55A62DA02C4,go,5.44,0.1813,0.17,3.13,0.0,0.0,0.0,0.0,1,0,0,1,0,0,0
GO-5200209-DBE0AFAB8D3B4093A0977E94A4D246E2,go,61.68,1.3707,1.73,2.8,0.0,0.0,0.0,0.0,1,0,0,1,0,0,0
GO-5207808-DE349AB7948943CF933CB3F272451830,go,22.59,0.7531,0.09,0.4,0.0,0.0,0.0,0.0,1,0,0,1,0,0,0
GO-5210109-AEBBCE356D3B4913BDA0A30C60A4B695,go,7.22,0.1804,0.06,0.83,0.0,0.0,0.0,0.0,1,0,0,1,0,0,0
GO-5210109-A0468FBD01634A449CF08F37F9D8A734,go,332.67,8.3168,53.87,16.19,0.0,0.0,0.0,0.0,1,0,0,1,0,0,0
GO-5200308-6FFE4CFE53AE48A9B8D666557156F0E4,go,48.41,1.6135,0.0,0.0,0.0,0.0,0.0,0.0,2,0,0,1,0,0,0
GO-5200175-A2EBE4E390CF4A03B2BE97046333E202,go,21.61,0.6175,0.0,0.0,0.0,0.0,0.0,0.0,2,0,0,1,0,0,0
GO-5219704-DC5EDC2BDA9648448A825BEFA37CA9A1,go,12.1,0.242,1.14,9.42,0.0,0.0,0.0,0.0,1,0,0,1,0,0,0
GO-5219704-8E919E4D6B1A421A9FC4C4D3E5415DF1,go,20.11,0.4021,0.26,1.29,0.0,0.0,0.0,0.0,1,0,0,1,0,0,0
GO-5200308-45525F996B1E4ECBBCF4200D0E4AC65D,go,7.46,0.2486,0.0,0.0,0.0,0.0,0.0,0.0,2,0,0,1,0,0,0
GO-5203962-60406FF85C694616B6AD0B6CD309AE21,go,12.39,0.1771,0.43,3.47,0.0,0.0,0.0,0.0,1,0,0,1,0,0,0
GO-5219704-67A7A869E40945C58557435C15C5F365,go,17.85,0.3571,0.17,0.95,0.0,0.0,0.0,0.0,1,0,0,1,0,0,0
GO-5210109-EF6F82BD169C45BDBD8C65640BA0261C,go,12.3,0.3076,0.08,0.65,0.0,0.0,0.0,0.0,1,0,0,1,0,0,0
GO-5200175-61486E51FBBB4573A6F1AF79991208C8,go,9.55,0.2728,2.88,30.17,0.0,0.0,0.0,0.0,0,0,0,1,0,0,0
GO-5210109-2D73F0AF6A2842C9971FD63ECBF14FCE,go,25.37,0.6343,0.0,0.0,0.0,0.0,0.0,0.0,2,0,0,1,0,0,0
GO-5219605-8519E7D011F94204A5A10D9D64EA931B,go,23.34,0.4667,0.85,3.64,0.0,0.0,0.0,0.0,1,0,0,1,0,0,0
GO-5200308-E8F59DDC4FCB4D3E8C36AA61E70C4673,go,68.54,2.2487,1.67,2.44,0.0,0.0,0.0,0.0,1,0,0,1,0,0,0
GO-5210109-34B2CFEE5A494F92888AAB930EC1F26C,go,387.2,9.6801,20.2,5.22,0.0,0.0,0.0,0.0,1,0,0,1,0,0,0
GO-5200308-1985773CE52B4F51B97DC7CE4002EB1B,go,72.36,2.4118,0.0,0.0,0.0,0.0,0.0,0.0,2,0,0,1,0,0,0
GO-5207808-DEA853AAA5F94B7DB34C50965E26DD60,go,58.08,1.9449,0.0,0.0,0.0,0.0,0.0,0.0,2,0,0,1,0,0,0
GO-5219704-703C7799C2BB46DFBCFE88A602C526E6,go,76.73,1.5346,3.73,4.86,0.0,0.0,0.0,0.0,1,0,0,1,0,0,0
GO-5210109-3813E55DF2F64C89973291AF055F035F,go,37.36,0.93,6.2,16.59,0.0,0.0,0.0,0.0,1,0,0,1,0,0,0
GO-5200209-D1CC07D1BE5E4D05BE07876D2E1DCA35,go,516.34,11.4863,31.97,6.19,0.0,0.0,0.0,0.0,1,0,0,1,0,0,0
GO-5210109-497DCD1B4F41421387F320326CD331F4,go,78.4,1.9599,2.21,2.82,0.0,0.0,0.0,0.0,1,0,0,1,0,0,0
GO-5200308-5A9A1BE914EB4CC2BC1AC5EF26C5E9E8,go,196.87,6.5624,3.44,1.75,0.0,0.0,0.0,0.0,1,0,0,1,0,0,0
GO-5200159-83306B5FF312484BB638BDD52CBDC286,go,228.89,10.4042,0.17,0.07,0.0,0.0,0.0,0.0,1,0,0,1,0,0,0
GO-5209952-B72C8A5AE87449E8B15CDEC334874F09,go,17.1,0.7727,0.0,0.0,0.0,0.0,0.0,0.0,2,0,0,1,0,0,0
GO-5210109-8705931BDFB6421B8EA2437F0756B06F,go,276.13,6.9032,18.71,6.78,0.0,0.0,0.0,0.0,1,0,0,1,0,0,0
GO-5209952-C6DD15A632C64CA7900781EAA8DFD2F1,go,240.36,8.0119,18.54,7.71,0.0,0.0,0.0,0.0,1,0,0,1,0,0,0
GO-5210109-39EF3327865A4788B762F9C816CC5D74,go,19.48,0.4869,5.6,28.75,0.0,0.0,0.0,0.0,0,0,0,1,0,0,0
GO-5203962-707A6872FFFB4DEBA72510CFFF2C9869,go,18.98,0.2711,2.69,14.18,0.0,0.0,0.0,0.0,1,0,0,1,0,0,0
GO-5219605-D7C5F083C1674E1691A521D05FCEC045,go,14.78,0.2955,7.74,52.38,0.0,0.0,0.0,0.0,0,0,0,1,0,0,0
GO-5200175-5A707113A7F3481AB2815C6D8CB9D2DB,go,4.38,0.1252,0.01,0.23,0.0,0.0,0.0,0.0,1,0,0,1,0,0,0
GO-5209952-7178339F47174470A0B108B9E1764E66,go,31.37,1.0455,0.0,0.0,0.0,0.0,0.0,0.0,2,0,0,1,0,0,0
GO-5207808-95F5A3861474404DBD336EF31C85B15A,go,14.47,0.4825,0.0,0.0,0.0,0.0,0.0,0.0,2,0,0,1,0,0,0
GO-5210109-957BBD6DD42A4CCE968A3324944E4A6A,go,43.56,1.089,1.37,3.15,0.0,0.0,0.0,0.0,1,0,0,1,0,0,0
GO-5200308-8470E075CEC24D2EA0B713AC0FE66750,go,15.99,0.5329,0.43,2.69,0.0,0.0,0.0,0.0,1,0,0,1,0,0,0
GO-5204003-083A0ABA847F47EA8A5BA7A39E996734,go,113.56,2.5235,0.07,0.06,0.0,0.0,0.0,0.0,1,0,0,1,0,0,0
GO-5207808-1B7BD3A3877445F7AB96F642DC870A8E,go,34.46,1.1519,0.0,0.0,0.0,0.0,0.0,0.0,2,0,0,1,0,0,0
GO-5200175-31113266EA284D0AA19AE97A37501CC7,go,47.95,1.3701,20.84,43.46,0.0,0.0,0.0,0.0,0,0,0,1,0,0,0
GO-5219704-33A04C10FE4941CBA85BEB6F5EB376C5,go,66.7,1.3339,22.36,33.53,0.0,0.0,0.0,0.0,0,0,0,1,0,0,0
GO-5200308-F68A6572484D4A5FB48E9E67278486FF,go,20.46,0.6819,0.65,3.18,0.0,0.0,0.0,0.0,1,0,0,1,0,0,0
GO-5207808-1FF340C66B0F47C387D1C7EC5AC314B5,go,7.19,0.2395,0.0,0.0,0.0,0.0,0.0,0.0,2,0,0,1,0,0,0
GO-5200308-3A4FE73548FF471EA89E10A895E910B9,go,11.1,0.37,0.0,0.0,0.0,0.0,0.0,0.0,2,0,0,1,0,0,0
GO-5200175-C6B77F10C59346E4B81D62E540A90862,go,20.36,0.5817,4.03,19.79,0.0,0.0,0.0,0.0,1,0,0,1,0,0,0
GO-5207808-07D4169AE36E4276B354E557E3833590,go,14.0,0.4666,0.0,0.0,0.0,0.0,0.0,0.0,2,0,0,1,0,0,0
GO-5200308-4CD9D8A469474DA3B0D5E78CE5215ADB,go,5.51,0.1835,0.0,0.0,0.0,0.0,0.0,0.0,2,0,0,1,0,0,0
GO-5200175-9AD17F5D5C7741F991353A0285BA93C2,go,19.41,0.5545,5.19,26.74,0.0,0.0,0.0,0.0,0,0,0,1,0,0,0
GO-5210109-E1E6530835BE4A8694E8E549A15E95AF,go,85.27,2.1319,0.03,0.04,0.0,0.0,0.0,0.0,1,0,0,1,0,0,0
GO-5219605-4BDABBEF8E8442ECADAA62665B460968,go,54.0,1.0799,0.82,1.52,0.0,0.0,0.0,0.0,1,0,0,1,0,0,0
GO-5219704-0BD4044A4BBB4BC98C6729DBD9453F92,go,40.63,0.8126,5.87,14.45,0.0,0.0,0.0,0.0,1,0,0,1,0,0,0
GO-5210109-8DBF5952181E4365B904FF528D6208B3,go,76.11,1.9027,0.0,0.0,0.0,0.0,0.0,0.0,2,0,0,1,0,0,0
GO-5200159-AC287BE337104AE9AC3694B45120C919,go,1.43,0.0652,0.0,0.0,0.0,0.0,0.0,0.0,2,0,0,1,0,0,0
GO-5200159-D4E8332E240E43E580EF05AB1C82A8E5,go,16.45,0.75,0.0,0.0,0.0,0.0,0.0,0.0,2,0,0,1,0,0,0
GO-5210109-150441E0AF0E4BB99FF99644D16C5D94,go,80.49,2.0123,0.12,0.15,0.0,0.0,0.0,0.0,1,0,0,1,0,0,0
GO-5200308-B47874E67AE341479D0AAF9F66A40821,go,2.05,0.0683,0.0,0.0,0.0,0.0,0.0,0.0,2,0,0,1,0,0,0
GO-5210109-CE64F8ECA6024DFE87F687B5CBB7AAD9,go,92.37,2.3092,0.01,0.01,0.0,0.0,0.0,0.0,1,0,0,1,0,0,0
GO-5200175-C38085E58F494F139EFCBD5E3EFF246E,go,97.31,2.7803,16.53,16.99,0.0,0.0,0.0,0.0,1,0,0,1,0,0,0
GO-5210109-D391A03791AC485EB698632C75D99111,go,150.01,3.7503,0.71,0.47,0.0,0.0,0.0,0.0,1,0,0,1,0,0,0
GO-5207808-07BD32D453434652AC378D6E21390EEF,go,21.82,0.7275,0.0,0.0,0.0,0.0,0.0,0.0,2,0,0,1,0,0,0
GO-5210109-180F97FBDC0C48749ACF5875AA4B701F,go,19.19,0.4798,0.25,1.3,0.0,0.0,0.0,0.0,1,0,0,1,0,0,0
GO-5210109-5FB8C99D84D34B00949DABD66A7CE389,go,29.02,0.7254,0.19,0.65,0.0,0.0,0.0,0.0,1,0,0,1,0,0,0
GO-5207808-06FA2C9CD9364CA98F09C359EA43CC77,go,24.49,0.8164,0.0,0.0,0.0,0.0,0.0,0.0,2,0,0,1,0,0,0
GO-5210109-48420BAA61A54C188E474B1D0937EBAF,go,42.11,1.0528,4.34,10.31,0.0,0.0,0.0,0.0,1,0,0,1,0,0,0
GO-5200258-147B5E665D6145AAB805CFCDDFCA1EA1,go,103.99,2.5996,0.0,0.0,0.0,0.0,0.0,0.0,2,0,0,1,0,0,0
GO-5207808-D653443ABA644D308978C29328534AB8,go,64.18,2.1395,0.0,0.0,0.0,0.0,0.0,0.0,2,0,0,1,0,0,0
GO-5219704-C291775DC8EB4E12BF7C7E6D5B1AEC20,go,122.62,2.4518,0.93,0.76,0.0,0.0,0.0,0.0,1,0,0,1,0,0,0
GO-5207808-1CF183998C344E99A90143AA2DE1D64A,go,32.38,1.0795,0.0,0.0,0.0,0.0,0.0,0.0,2,0,0,1,0,0,0
GO-5204003-6A796A4B348249B3BEDB39F8ADFB4799,go,15.43,0.343,0.0,0.0,0.0,0.0,0.0,0.0,2,0,0,1,0,0,0
GO-5200308-8B19CC12589F4A8EB4B6DC1F3D751884,go,14.32,0.4772,0.0,0.0,0.0,0.0,0.0,0.0,2,0,0,1,0,0,0
GO-5200308-6427BA6CABAF47419E06183B770986FA,go,33.59,1.1196,0.09,0.27,0.0,0.0,0.0,0.0,1,0,0,1,0,0,0
GO-5219704-EC30E8682A38478D98AB0B11B61FAC3A,go,17.02,0.3405,4.41,25.91,0.0,0.0,0.0,0.0,0,0,0,1,0,0,0
GO-5219605-0A851F9D573547959697722C71A7D0A9,go,97.38,1.9475,0.0,0.0,0.0,0.0,0.0,0.0,2,0,0,1,0,0,0
GO-5204003-05DC6677ED3E49F5A9FC7151FB8FB88B,go,60.17,1.3371,0.6,1.0,0.0,0.0,0.0,0.0,1,0,0,1,0,0,0
GO-5200209-48E86D6C0A7C45CEA1B73A824E42636D,go,106.67,2.3704,0.0,0.0,0.0,0.0,0.0,0.0,2,0,0,1,0,0,0
GO-5200175-8320EAD8623F49FBA488A64BD125897E,go,3.89,0.1112,0.14,3.59,0.0,0.0,0.0,0.0,1,0,0,1,0,0,0
GO-5207808-68FA395D10224C2C9DA84E561FE13EE0,go,20.91,0.6969,0.0,0.0,0.0,0.0,0.0,0.0,2,0,0,1,0,0,0
GO-5207808-571AF89C06BB401097917A70A575E8F6,go,5.45,0.1817,0.0,0.0,0.0,0.0,0.0,0.0,2,0,0,1,0,0,0
GO-5219712-C58866C7206746F48E372911A64FC027,go,9.69,0.32,0.0,0.0,0.0,0.0,0.0,0.0,2,0,0,1,0,0,0
GO-5203962-03D3996146454CE0B9A8FFC38CFEEB9C,go,755.81,10.7973,7.19,0.95,0.0,0.0,0.0,0.0,1,0,0,1,0,0,0
GO-5210109-7020B4D7F58348B0A46A24A1B682C207,go,215.8,5.3951,16.17,7.49,0.0,0.0,0.0,0.0,1,0,0,1,0,0,0
GO-5200159-3D1CE47BB79842A5A792F0A72404A00D,go,7.71,0.3504,0.11,1.43,0.0,0.0,0.0,0.0,1,0,0,1,0,0,0
GO-5200308-9B67FDD7CC7B4A088D284D6EE7618EE4,go,47.7,1.5901,0.0,0.0,0.0,0.0,0.0,0.0,2,0,0,1,0,0,0
GO-5209952-6946D8E0B95340B69C9C283BD38D87B2,go,28.21,0.9403,0.13,0.46,0.0,0.0,0.0,0.0,1,0,0,1,0,0,0
GO-5210109-3DE399C4EA384F0D9D25A0B58B84A8E4,go,401.72,10.0429,25.4,6.32,0.0,0.0,0.0,0.0,1,0,0,1,0,0,0
GO-5210109-1EB6008995024263BF7D1DF3D485A0EB,go,25.75,0.64,0.25,0.97,0.0,0.0,0.0,0.0,1,0,0,1,0,0,0
GO-5210109-E40A25F204BD49CC931F2FE184A55614,go,150.71,3.7677,0.0,0.0,0.0,0.0,0.0,0.0,2,0,0,1,0,0,0
GO-5200308-551D1A7143D94C588FBFA3A40994D829,go,71.99,2.4,0.0,0.0,0.0,0.0,0.0,0.0,2,0,0,1,0,0,0
GO-5207808-B3AB59F4E8304D178572F4F868D59F69,go,11.82,0.3938,0.0,0.0,0.0,0.0,0.0,0.0,2,0,0,1,0,0,0
GO-5200209-DFA58BFC0B444F3EB925EE820B826A1B,go,25.23,0.5608,0.0,0.0,0.0,0.0,0.0,0.0,2,0,0,1,0,0,0
GO-5219712-50E32C84464E4EBAB2C4369E2AECACDF,go,344.29,11.4762,0.39,0.11,0.0,0.0,0.0,0.0,1,0,0,1,0,0,0
GO-5207808-CEDF7D4497DF4BC28B720C3935489028,go,17.33,0.5778,0.0,0.0,0.0,0.0,0.0,0.0,2,0,0,1,0,0,0
GO-5200308-AC76AD8A0D824A0A89AB3DAD669D4888,go,5.2,0.1734,0.09,1.73,0.0,0.0,0.0,0.0,1,0,0,1,0,0,0
GO-5209952-224BA887539C4556AF7465491F980622,go,4.56,0.1519,0.0,0.0,0.0,0.0,0.0,0.0,2,0,0,1,0,0,0
GO-5210109-505DB6D3598A4C4C9DF4592EF6484EE6,go,43.49,1.0873,0.9,2.07,0.0,0.0,0.0,0.0,1,0,0,1,0,0,0
GO-5209952-31E32EFE05A74AA3AA54164638B5F106,go,15.99,0.533,0.09,0.56,0.0,0.0,0.0,0.0,1,0,0,1,0,0,0
GO-5200308-6DD9661C8E2A4EB9B9A443E25B731948,go,52.29,1.74,0.16,0.31,0.0,0.0,0.0,0.0,1,0,0,1,0,0,0
GO-5210109-7079361218F34DE6897AA693A2193C3B,go,622.59,15.5648,4.09,0.66,0.0,0.0,0.0,0.0,1,0,0,1,0,0,0
GO-5219605-F8A7C331A1374DD99F30C84883F6D6BE,go,2186.85,43.737,90.6,4.14,0.0,0.0,0.0,0.0,1,0,0,1,0,0,0
GO-5209952-7BF26B96D89A468EB2658490B5F02D92,go,742.56,24.7519,1.43,0.19,0.0,0.0,0.0,0.0,1,0,0,1,0,0,0
GO-5207808-E727A068F00A40E6B648F6B7440C97F2,go,9.68,0.3227,0.0,0.0,0.0,0.0,0.0,0.0,2,0,0,1,0,0,0
GO-5210109-20500A36FC1240D981718C36892F3751,go,78.28,1.9569,3.79,4.84,0.0,0.0,0.0,0.0,1,0,0,1,0,0,0
GO-5210109-C5C3D58A572F4D53928A86069999A3AF,go,69.88,1.7471,0.0,0.0,0.0,0.0,0.0,0.0,2,0,0,1,0,0,0
GO-5200308-188923C4553E4F43B554AA5E58CB6DAE,go,34.87,1.1624,0.6,1.72,0.0,0.0,0.0,0.0,1,0,0,1,0,0,0
GO-5207808-4BE517524C074F49B94F849CA7EE4E53,go,14.14,0.4714,0.0,0.0,0.0,0.0,0.0,0.0,2,0,0,1,0,0,0
GO-5210109-12A7E96A21EA414D8B7690DFD32EE3C1,go,208.85,5.2212,7.32,3.5,0.0,0.0,0.0,0.0,1,0,0,1,0,0,0
GO-5203962-91043B6F88DE4963B1BA48740E1BAB4C,go,2288.38,32.6912,106.99,4.68,0.0,0.0,0.0,0.0,1,0,0,1,0,0,0
GO-5207808-8D1D0CF2A894454284E8F5AE2FDAA2DD,go,75.19,2.5065,0.0,0.0,0.0,0.0,0.0,0.0,2,0,0,1,0,0,0
GO-5200308-51734762C4A24AB8A7D4F7AE5A7A2562,go,9.99,0.3329,0.0,0.0,0.0,0.0,0.0,0.0,2,0,0,1,0,0,0
GO-5207808-9778B4E5F5FF4EA3B32FC57B75710A2C,go,14.14,0.4713,0.0,0.0,0.0,0.0,0.0,0.0,2,0,0,1,0,0,0
GO-5200308-9F971FA9286141B38B9BFA5DDBBE4FDA,go,4.84,0.1613,0.0,0.0,0.0,0.0,0.0,0.0,2,0,0,1,0,0,0
GO-5207808-58B2DD883701415790BAAA221CD24EDE,go,27.76,0.9255,0.01,0.04,0.0,0.0,0.0,0.0,1,0,0,1,0,0,0
GO-5209952-9646D35B6F584703AD9411B28E83E9B9,go,24.16,0.8054,0.17,0.7,0.0,0.0,0.0,0.0,1,0,0,1,0,0,0
GO-5200308-55A646CF47C943C9B6DE218851A6BC34,go,2.28,0.0761,0.0,0.0,0.0,0.0,0.0,0.0,2,0,0,1,0,0,0
GO-5200258-D15D34B085834060B20D9FB38283E47C,go,99.68,2.4919,0.0,0.0,0.0,0.0,0.0,0.0,2,0,0,1,0,0,0
GO-5204003-A7BAC58768734098A3077F3D600B29B0,go,293.21,6.5159,0.71,0.24,0.0,0.0,0.0,0.0,1,0,0,1,0,0,0
GO-5210109-C478E7E29B56493AB14CF53E84AAED91,go,227.07,5.6768,0.26,0.11,0.0,0.0,0.0,0.0,1,0,0,1,0,0,0
GO-5200308-6D7FEA30B60A407FB370BD0DC56BD5CE,go,8.85,0.295,0.12,1.36,0.0,0.0,0.0,0.0,1,0,0,1,0,0,0
GO-5200175-C207ADAEA55546E7BCC6F8873014AF57,go,4.86,0.139,0.0,0.0,0.0,0.0,0.0,0.0,2,0,0,1,0,0,0
GO-5200175-83A45DA821E84A11928BA6A2629A0A3F,go,425.9,12.0655,1.64,0.39,0.0,0.0,0.0,0.0,1,0,0,1,0,0,0
GO-5200308-36F0FD2B4D5040558BAFDAFAE86BA711,go,10.35,0.3449,0.0,0.0,0.0,0.0,0.0,0.0,2,0,0,1,0,0,0
GO-5205455-A9DBAC39DD1849D79FD2368138E653C6,go,233.86,7.8307,0.0,0.0,0.0,0.0,0.0,0.0,2,0,0,1,0,0,0
GO-5200308-4369CFAC26C241CC9D9FF2135758940E,go,4.9,0.1635,0.07,1.43,0.0,0.0,0.0,0.0,1,0,0,1,0,0,0
GO-5200175-49D17309173D42EEB066FEFCCB584864,go,3.54,0.1012,0.15,4.24,0.0,0.0,0.0,0.0,1,0,0,1,0,0,0
GO-5200308-88B17FC87FFB4853A1BD9B14778249D5,go,7.33,0.2444,0.0,0.0,0.0,0.0,0.0,0.0,2,0,0,1,0,0,0
GO-5219605-EBE084D064734928B6A27853FA45D4FA,go,159.86,3.1973,13.2,8.26,0.0,0.0,0.0,0.0,1,0,0,1,0,0,0
GO-5203962-E59E535A186D4C53B6D8AF60EDDBFAED,go,111.91,1.5987,23.84,21.3,0.0,0.0,0.0,0.0,0,0,0,1,0,0,0
GO-5210109-46C96C0371894DD185C63C1E535BC7DC,go,73.1,1.8275,0.2,0.27,0.0,0.0,0.0,0.0,1,0,0,1,0,0,0
GO-5200308-613EA32083454BB8AEE3D202AACF9F73,go,67.58,2.2527,0.0,0.0,0.0,0.0,0.0,0.0,2,0,0,1,0,0,0
GO-5200258-5A2249ECDF3942C89E5221C7C547E648,go,56.79,1.4199,0.0,0.0,0.0,0.0,0.0,0.0,2,0,0,1,0,0,0
GO-5209952-D02EB9963791427A8DDF0605945F1141,go,29.4,0.9802,0.09,0.31,0.0,0.0,0.0,0.0,1,0,0,1,0,0,0
GO-5210109-DC9AEDD45941418DBC84D48344C65833,go,3.12,0.0779,0.0,0.0,0.0,0.0,0.0,0.0,2,0,0,1,0,0,0
GO-5207808-C43CD1CB62C04E8BBE3160DB06E8E06F,go,66.2,2.2068,0.0,0.0,0.0,0.0,0.0,0.0,2,0,0,1,0,0,0
GO-5207808-7C00FC01D06F4571BD899C50F812583A,go,32.62,1.0873,0.0,0.0,0.0,0.0,0.0,0.0,2,0,0,1,0,0,0
GO-5210109-63901C1E9A5A44F29B0B89EB11C6FB98,go,315.53,7.8882,221.65,70.25,0.0,0.0,0.0,0.0,0,0,0,1,0,0,0
GO-5200175-55133D7D397B44968D085D5C6D0321FA,go,172.9,4.9401,8.08,4.67,0.0,0.0,0.0,0.0,1,0,0,1,0,0,0
GO-5210109-5F3AC8DABCAB4E5082E96064B3D0ECE3,go,29.05,0.8212,0.09,0.31,0.0,0.0,0.0,0.0,1,0,0,1,0,0,0
GO-5210109-C5A41806D2AA4945B4A16B0ECFB896DD,go,20.78,0.52,0.0,0.0,0.0,0.0,0.0,0.0,2,0,0,1,0,0,0
GO-5219605-72499832BB6142BFBD3CFFEFA7B1214C,go,7.33,0.1466,1.28,17.47,0.0,0.0,0.0,0.0,1,0,0,1,0,0,0
GO-5219712-F87CD66CB9E04E42B9469B1865C2FAC3,go,54.9,1.8299,0.0,0.0,0.0,0.0,0.0,0.0,2,0,0,1,0,0,0
GO-5200175-B4356234CAC643C2A7019B199388B436,go,73.5,2.0999,0.01,0.01,0.0,0.0,0.0,0.0,1,0,0,1,0,0,0
GO-5200308-FD4A1C04AD364F8584829807570F030A,go,2.01,0.067,0.0,0.0,0.0,0.0,0.0,0.0,2,0,0,1,0,0,0
GO-5200308-3DA78EF5F8E741D6B7C042FA55319326,go,20.61,0.6869,0.0,0.0,0.0,0.0,0.0,0.0,2,0,0,1,0,0,0
GO-5209952-C9AACB34DD23423EB12F09E1921F6523,go,262.7,8.7565,11.39,4.34,0.0,0.0,0.0,0.0,1,0,0,1,0,0,0
GO-5207808-16E5E13865094ED09D19234916FB678E,go,40.1,1.3561,0.09,0.22,0.0,0.0,0.0,0.0,1,0,0,1,0,0,0
GO-5210109-7C278C7DB1D94A4B85785761A879BD00,go,100.09,2.5022,7.94,7.93,0.0,0.0,0.0,0.0,1,0,0,1,0,0,0
GO-5219704-10D9FF89B8DA446FA8A3094CDE66ACBC,go,45.25,0.91,1.47,3.25,0.0,0.0,0.0,0.0,1,0,0,1,0,0,0
GO-5219704-32E9C4A458A04522AAAF98FAD27C41C3,go,8.94,0.1788,0.22,2.46,0.0,0.0,0.0,0.0,1,0,0,1,0,0,0
GO-5200175-A20153DC8D6B481D97732878FF9F705C,go,48.44,1.384,0.17,0.35,0.0,0.0,0.0,0.0,1,0,0,1,0,0,0
GO-5209952-6131548E12994C9A96D9A40165F6A63B,go,20.29,0.6765,0.0,0.0,0.0,0.0,0.0,0.0,2,0,0,1,0,0,0
GO-5209952-5045518C2C4841A4A1D30F70B7A3FEC1,go,301.57,10.0524,0.34,0.11,0.0,0.0,0.0,0.0,1,0,0,1,0,0,0
GO-5210109-9520FC4114884A5C9312D473E5231322,go,35.5,0.8874,0.86,2.42,0.0,0.0,0.0,0.0,1,0,0,1,0,0,0
GO-5200308-4085C5A23B3B4E6786D035C4DCB8FDC4,go,6.44,0.21,0.0,0.0,0.0,0.0,0.0,0.0,2,0,0,1,0,0,0
GO-5207808-1AACE95BCFC244F5BF9820B93402711E,go,4.84,0.1613,0.0,0.0,0.0,0.0,0.0,0.0,2,0,0,1,0,0,0
GO-5204003-0B1436403C634FFE823CFCCA61D0B16D,go,4.49,0.0998,0.0,0.0,0.0,0.0,0.0,0.0,2,0,0,1,0,0,0
GO-5200175-FADF3C97C58A43B89B784172BD818522,go,181.88,5.1967,0.43,0.24,0.0,0.0,0.0,0.0,1,0,0,1,0,0,0
GO-5210109-68A1DE1707D54994970114EA1AF9B093,go,30.04,0.7509,18.84,62.73,0.0,0.0,0.0,0.0,0,0,0,1,0,0,0
GO-5200308-11D251529A8443B8A26944D5CA6B2194,go,32.16,1.072,0.0,0.0,0.0,0.0,0.0,0.0,2,0,0,1,0,0,0
GO-5210109-16FB6A1257C743B8A37777867BBBC8F2,go,3.96,0.0991,0.0,0.0,0.0,0.0,0.0,0.0,2,0,0,1,0,0,0
GO-5204003-873DAAFB6CE94828AD0FE729FE56B64F,go,63.34,1.4076,1.46,2.31,0.0,0.0,0.0,0.0,1,0,0,1,0,0,0
GO-5210109-56ED7BBAEC0340CF84D656DC4CC3E6C9,go,64.78,1.6121,0.0,0.0,0.0,0.0,0.0,0.0,2,0,0,1,0,0,0
GO-5209952-C4F5A6E3E0FA43E7B0EB3594EA159CF2,go,82.34,2.7447,0.0,0.0,0.0,0.0,0.0,0.0,2,0,0,1,0,0,0
GO-5210109-8DF8112F90EC4D8783DAE1B74E4720E0,go,0.96,0.0239,0.0,0.0,0.0,0.0,0.0,0.0,2,0,0,1,0,0,0
GO-5200209-DA49C308D97547B68B164CB00763E4F3,go,12.63,0.2806,0.04,0.32,0.0,0.0,0.0,0.0,1,0,0,1,0,0,0
GO-5203962-8992F40FE6174472865CF4AB6F700C7E,go,28.23,0.4032,1.99,7.05,0.0,0.0,0.0,0.0,1,0,0,1,0,0,0
GO-5219704-A92241D04BED4462B90AEBE462ACFE89,go,52.6,1.052,17.08,32.47,0.0,0.0,0.0,0.0,0,0,0,1,0,0,0
GO-5219605-9A04B87EE660464692FA02401395F19B,go,78.56,1.5713,1.32,1.68,0.0,0.0,0.0,0.0,1,0,0,1,0,0,0
GO-5210109-0C954DF47ED54024AC5F1CFBDE6925A0,go,77.44,1.9359,0.0,0.0,0.0,0.0,0.0,0.0,2,0,0,1,0,0,0
GO-5200308-6D369207CF5A4B5796E2F0B744CE50F8,go,25.57,0.8525,12.03,47.04,0.0,0.0,0.0,0.0,0,0,0,1,0,0,0
GO-5210109-A559A507ECB841DC8643BD12F53104AA,go,2057.95,51.4488,30.22,1.47,0.0,0.0,0.0,0.0,1,0,0,1,0,0,0
GO-5210109-01E7933ABD7548DB8F8E46E602E44687,go,91.28,2.282,72.56,79.49,0.0,0.0,0.0,0.0,0,0,0,1,0,0,0
GO-5219704-3EE3B677601346789F9E9901D6AD5315,go,218.87,4.38,72.22,33.0,0.0,0.0,0.0,0.0,0,0,0,1,0,0,0
GO-5210109-3E8DD63815CF4503868BA1CE70812D45,go,24.12,0.6029,1.73,7.17,0.0,0.0,0.0,0.0,1,0,0,1,0,0,0
GO-5203962-39C091249D30493A99CEC074423F42A6,go,13.57,0.1939,0.43,3.17,0.0,0.0,0.0,0.0,1,0,0,1,0,0,0
GO-5203962-C5B7DECE6AD6473CA6ABF0125E2CA964,go,24.12,0.3446,0.72,2.99,0.0,0.0,0.0,0.0,1,0,0,1,0,0,0
GO-5200308-C7457697C4CA43628A636C1F55F45CB5,go,33.09,1.1031,0.0,0.0,0.0,0.0,0.0,0.0,2,0,0,1,0,0,0
GO-5207808-E7894B2BE55D4E32BD8FCBC7BA614F37,go,19.24,0.6414,0.0,0.0,0.0,0.0,0.0,0.0,2,0,0,1,0,0,0
GO-5210109-E3797E4024DB42C7832EB902323D2B93,go,780.49,19.5123,188.53,24.16,0.0,0.0,0.0,0.0,0,0,0,1,0,0,0
GO-5200308-149398F662CA4C1896EF81FF51A8C717,go,2.46,0.0819,0.0,0.0,0.0,0.0,0.0,0.0,2,0,0,1,0,0,0
GO-5219704-476A89338D594BAE8D9529EB630FD723,go,156.85,3.1369,18.55,11.83,0.0,0.0,0.0,0.0,1,0,0,1,0,0,0
GO-5200258-991C3B50E51A4AD1A716B2A60C9E1F86,go,2.14,0.0534,0.04,1.87,0.0,0.0,0.0,0.0,1,0,0,1,0,0,0
GO-5210109-CE0FA68CDFD2460996692CED878E9F75,go,79.14,1.98,0.67,0.85,0.0,0.0,0.0,0.0,1,0,0,1,0,0,0
GO-5200209-8C12B59A2B6C43D3B42F7BAC9692E39F,go,103.24,2.2943,24.37,23.6,0.0,0.0,0.0,0.0,0,0,0,1,0,0,0
GO-5207808-197975CD329C4164B815D6A9333EAE29,go,4.42,0.1473,0.0,0.0,0.0,0.0,0.0,0.0,2,0,0,1,0,0,0
GO-5200308-E5ACC521E91D4C1AA2B822A4EC719C91,go,22.53,0.7509,0.0,0.0,0.0,0.0,0.0,0.0,2,0,0,1,0,0,0
GO-5204003-91625A0B94C4402BA1C5E5FD5E04EFCA,go,16.08,0.3573,1.59,9.89,0.0,0.0,0.0,0.0,1,0,0,1,0,0,0
GO-5204003-153198385233454CAD0A135445532D51,go,20.91,0.4647,0.0,0.0,0.0,0.0,0.0,0.0,2,0,0,1,0,0,0
GO-5200175-6B1A11707A924A45981ED6744FF9D93E,go,151.21,4.3204,3.3,2.18,0.0,0.0,0.0,0.0,1,0,0,1,0,0,0
GO-5209952-E5CA6053D03E4ECBB85A7A14004A1B97,go,24.8,0.83,0.14,0.56,0.0,0.0,0.0,0.0,1,0,0,1,0,0,0
GO-5219704-EC35D6A33DD24C1FBF930F3807C76786,go,63.58,1.2707,13.73,21.59,0.0,0.0,0.0,0.0,0,0,0,1,0,0,0
GO-5209952-11FC3E18A83148CBA6EA3ADD8144064E,go,13.51,0.4503,0.17,1.26,0.0,0.0,0.0,0.0,1,0,0,1,0,0,0
GO-5210109-6658ABD013254334ACB82603A4AD8BD8,go,316.0,7.9001,37.19,11.77,0.0,0.0,0.0,0.0,1,0,0,1,0,0,0
GO-5210109-077EF7C8F21A4060AE15E0A61E2FDC2D,go,22.05,0.5513,0.38,1.72,0.0,0.0,0.0,0.0,1,0,0,1,0,0,0
GO-5200209-9D7410925C5F4D97A63A3F13CB422D54,go,181.56,4.0347,37.26,20.52,0.0,0.0,0.0,0.0,0,0,0,1,0,0,0
GO-5200308-9EB145C347B04944B16B0579E5E61709,go,20.89,0.6963,0.13,0.62,0.0,0.0,0.0,0.0,1,0,0,1,0,0,0
GO-5219704-D6B75C14514742EFBD9E9FA39E09AF65,go,14.52,0.2904,0.0,0.0,0.0,0.0,0.0,0.0,2,0,0,1,0,0,0
GO-5200308-5C9520C493274E9B8C323ABEB147CB00,go,3.5,0.1166,0.0,0.0,0.0,0.0,0.0,0.0,2,0,0,1,0,0,0
GO-5200175-DFAE83FCE5944029A96C94A8C6F3836D,go,29.97,0.8562,0.1,0.33,0.0,0.0,0.0,0.0,1,0,0,1,0,0,0
GO-5200308-19BC39A17F08439E949FFAC23F0E6F44,go,37.46,1.2486,0.19,0.51,0.0,0.0,0.0,0.0,1,0,0,1,0,0,0
GO-5200175-18360B9854B64686A713A28154BFD611,go,210.47,6.01,2.44,1.16,0.0,0.0,0.0,0.0,1,0,0,1,0,0,0
GO-5219704-2E8C1539D348467A8944F008161D93F8,go,43.53,0.8706,16.54,38.0,0.0,0.0,0.0,0.0,0,0,0,1,0,0,0
GO-5200308-26496CB1B5F147599B6EC7764A62B672,go,19.8,0.66,0.0,0.0,0.0,0.0,0.0,0.0,2,0,0,1,0,0,0
GO-5200209-6696EEF942974C9EA73273B634317643,go,81.27,1.8061,4.85,5.97,0.0,0.0,0.0,0.0,1,0,0,1,0,0,0
GO-5219704-19CF76FC30834282BB742F157DA0C6C6,go,75.84,1.5168,7.98,10.52,0.0,0.0,0.0,0.0,1,0,0,1,0,0,0
GO-5200175-3A70524F24E6465DA2DDA4B63E4E18F6,go,38.31,1.0945,1.48,3.86,0.0,0.0,0.0,0.0,1,0,0,1,0,0,0
GO-5209952-C6F2BF5702BD42FF8827A59154509A9E,go,4.55,0.1516,0.0,0.0,0.0,0.0,0.0,0.0,2,0,0,1,0,0,0
GO-5207808-1DB3F28E936B4C378F733F1B2D2240CF,go,39.96,1.332,0.0,0.0,0.0,0.0,0.0,0.0,2,0,0,1,0,0,0
GO-5210109-FCE7DCC46DF24750A0D5FF5EDB981112,go,19.8,0.4951,6.23,31.46,0.0,0.0,0.0,0.0,0,0,0,1,0,0,0
GO-5200308-BB8DD00644B945AAA5E41D4647EFF4CC,go,10.89,0.3631,0.0,0.0,0.0,0.0,0.0,0.0,2,0,0,1,0,0,0
GO-5200175-FC9BAAC2114049C7990EECB5F0FDD52B,go,72.61,2.0747,12.85,17.7,0.0,0.0,0.0,0.0,1,0,0,1,0,0,0
GO-5219605-606DACBA14DE4EB4A640E346DBB9E753,go,185.73,3.7147,9.99,5.38,0.0,0.0,0.0,0.0,1,0,0,1,0,0,0
GO-5210109-F3243843D3AF4E07A031E29D8B7A3429,go,8.3,0.2076,0.13,1.57,0.0,0.0,0.0,0.0,1,0,0,1,0,0,0
GO-5204003-047E721DDE344E799D36B8517C911572,go,2.03,0.0451,0.0,0.0,0.0,0.0,0.0,0.0,2,0,0,1,0,0,0
GO-5200308-7AEA1C6B461A43A8BE99A4C8BC9E9991,go,9.03,0.301,0.23,2.55,0.0,0.0,0.0,0.0,1,0,0,1,0,0,0
GO-5200308-DEDB6E56D83E4BC991CE3167422E1E0D,go,8.52,0.2839,0.0,0.0,0.0,0.0,0.0,0.0,2,0,0,1,0,0,0
GO-5200175-FA0FF34DE2914D16BB037537765B4F40,go,184.72,5.2777,18.21,9.86,0.0,0.0,0.0,0.0,1,0,0,1,0,0,0
GO-5207808-B3F00C2EDD2242E3A044652E23E51CE6,go,32.46,1.0821,0.0,0.0,0.0,0.0,0.0,0.0,2,0,0,1,0,0,0
GO-5200175-B68AF1BA1F2344629A9E23691CD29EDB,go,48.47,1.3849,0.39,0.8,0.0,0.0,0.0,0.0,1,0,0,1,0,0,0
GO-5210109-9372DFD4A3B448F1AF82A92A63D27E64,go,113.36,2.8339,8.26,7.29,0.0,0.0,0.0,0.0,1,0,0,1,0,0,0
GO-5200175-E167F61397B044A1945D54DFD071904A,go,18.43,0.5265,0.91,4.94,0.0,0.0,0.0,0.0,1,0,0,1,0,0,0
GO-5200308-021D3CB7D87A4B73976BAF626327F4A4,go,5.79,0.1929,0.0,0.0,0.0,0.0,0.0,0.0,2,0,0,1,0,0,0
GO-5210109-9707982ADC3A40D69010C6305DE06246,go,275.87,6.8968,3.15,1.14,0.0,0.0,0.0,0.0,1,0,0,1,0,0,0
GO-5200258-B1C2079C83FD41F3ADAC6C3FADD2532C,go,1.17,0.0294,0.0,0.0,0.0,0.0,0.0,0.0,2,0,0,1,0,0,0
GO-5210109-49C1FA4CACA2413083232BE34798DC24,go,2712.46,68.5184,1.11,0.04,0.0,0.0,0.0,0.0,1,0,0,1,0,0,0
GO-5200159-584B5C66AB7146E297E1B2CBEE8F55FC,go,12.74,0.5637,3.92,30.76,0.0,0.0,0.0,0.0,0,0,0,1,0,0,0
GO-5200308-BF6B345CBE324B85B9B5F900B3711B10,go,3.08,0.1028,0.0,0.0,0.0,0.0,0.0,0.0,2,0,0,1,0,0,0
GO-5200175-9A4BC734EB6840E382A9F381B0CAA3DB,go,2.41,0.0689,0.43,17.84,0.0,0.0,0.0,0.0,1,0,0,1,0,0,0
GO-5200175-98861EA6B4784E958954694D7667DF23,go,78.79,2.2511,3.14,3.99,0.0,0.0,0.0,0.0,1,0,0,1,0,0,0
GO-5210109-4089E42ED3EF4213AD6DBA1DE9747EEF,go,139.52,3.4879,0.0,0.0,0.0,0.0,0.0,0.0,2,0,0,1,0,0,0
GO-5200308-3D083E6A5ABA4999B627F33E188B4E4D,go,40.62,1.3539,0.75,1.85,0.0,0.0,0.0,0.0,1,0,0,1,0,0,0
GO-5200308-331B9589326F4D27AF5D264BA4A3825E,go,120.31,4.01,0.09,0.07,0.0,0.0,0.0,0.0,1,0,0,1,0,0,0
GO-5210109-8A943B50B2E44F50810BF9FB83427086,go,707.03,17.68,50.84,7.19,0.0,0.0,0.0,0.0,1,0,0,1,0,0,0
GO-5219704-5519F45DDFA549999190DB86F6AFEBDB,go,25.39,0.5078,5.46,21.51,0.0,0.0,0.0,0.0,0,0,0,1,0,0,0
GO-5210109-413C46F5A4C14C49AEC2A91B52D58B1B,go,2.57,0.0643,0.0,0.0,0.0,0.0,0.0,0.0,2,0,0,1,0,0,0
GO-5219704-4DB5FD90635248DD8321B7C24D68707E,go,25.1,0.502,0.0,0.0,0.0,0.0,0.0,0.0,2,0,0,1,0,0,0
GO-5219704-B87B0FE93F694C7B8917E5A3C1C65EA2,go,39.96,0.7992,0.0,0.0,0.0,0.0,0.0,0.0,2,0,0,1,0,0,0
GO-5200308-C237265597FE4F3D90AE166A70FB28A9,go,324.31,10.8102,1.22,0.38,0.0,0.0,0.0,0.0,1,0,0,1,0,0,0
GO-5210109-77B862D023C04165B0A657652FA7758B,go,252.53,6.3132,1.03,0.41,0.0,0.0,0.0,0.0,1,0,0,1,0,0,0
GO-5210109-2B7301DFF9E14745A80BC81753F73061,go,96.55,2.4137,0.0,0.0,0.0,0.0,0.0,0.0,2,0,0,1,0,0,0
GO-5200258-59AEDE3E83244799A03DF9BF0FEAFCBA,go,5.21,0.1302,0.0,0.0,0.0,0.0,0.0,0.0,2,0,0,1,0,0,0
GO-5200175-12BA5BC228E24970B3F76CF6F5FABBBA,go,87.57,2.502,0.0,0.0,0.0,0.0,0.0,0.0,2,0,0,1,0,0,0
GO-5210109-A0BE1BE9E24148988E47B5C7AB3459B5,go,48.71,1.2178,0.99,2.03,0.0,0.0,0.0,0.0,1,0,0,1,0,0,0
GO-5210109-AF7E1445DCAD4212AB2DB815CD7D98D1,go,287.95,7.1988,4.51,1.57,0.0,0.0,0.0,0.0,1,0,0,1,0,0,0
GO-5200308-94382B8A28E84E2BA2A3D92E58330910,go,152.48,5.0826,0.03,0.02,0.0,0.0,0.0,0.0,1,0,0,1,0,0,0
GO-5210109-8C21CAB492244B8F893B630055122B8D,go,36.84,0.9211,1.7,4.61,0.0,0.0,0.0,0.0,1,0,0,1,0,0,0
GO-5200308-061113F0FDE84CAC8AB9F412EDA03C49,go,11.27,0.3758,1.99,17.65,0.0,0.0,0.0,0.0,1,0,0,1,0,0,0
GO-5200308-77C07450A85D46F19A919D91DBD972F2,go,269.75,8.9916,0.77,0.29,0.0,0.0,0.0,0.0,1,0,0,1,0,0,0
GO-5219704-4BBB3B854494470082FA08D6FB76A7AD,go,37.1,0.7419,4.16,11.21,0.0,0.0,0.0,0.0,1,0,0,1,0,0,0
GO-5210109-90501D35D8F640A1A64D6DBA41F91FFF,go,258.42,6.617,0.34,0.13,0.0,0.0,0.0,0.0,1,0,0,1,0,0,0
GO-5200308-7310898AA852420BA1CD27D1B4A5A419,go,14.56,0.4853,0.0,0.0,0.0,0.0,0.0,0.0,2,0,0,1,0,0,0
GO-5200175-EB4E7AC0898B40B39A602E4C1438E26F,go,352.26,10.0645,0.17,0.05,0.0,0.0,0.0,0.0,1,0,0,1,0,0,0
GO-5200159-A76C293F138745D7A2CFC24A3E4C07C5,go,31.92,1.451,0.0,0.0,0.0,0.0,0.0,0.0,2,0,0,1,0,0,0
GO-5200308-2D179F780AE4413FB0F9439B53A78C9B,go,10.48,0.35,0.0,0.0,0.0,0.0,0.0,0.0,2,0,0,1,0,0,0
GO-5209952-F145133775B249958263041AF44BD6DF,go,92.78,3.0927,0.03,0.03,0.0,0.0,0.0,0.0,1,0,0,1,0,0,0
GO-5207808-743D41E606194BD6A0327E2E3D56FEB9,go,42.3,1.41,0.0,0.0,0.0,0.0,0.0,0.0,2,0,0,1,0,0,0
GO-5219704-7B82D1927ED14631B557DE5BB4FBCEEC,go,42.52,0.8504,2.07,4.87,0.0,0.0,0.0,0.0,1,0,0,1,0,0,0
GO-5200308-EBE38AEA75F1452997A531DA41593002,go,2.0,0.0667,0.0,0.0,0.0,0.0,0.0,0.0,2,0,0,1,0,0,0
GO-5210109-A1E8EEEC1969409AA87EF11CC6AED4FE,go,107.47,2.6867,2.84,2.64,0.0,0.0,0.0,0.0,1,0,0,1,0,0,0
GO-5210109-F03F752C7ED54A47A32EB2A5B902B9B5,go,142.71,3.5677,1.79,1.25,0.0,0.0,0.0,0.0,1,0,0,1,0,0,0
GO-5210109-1AF3940F01B24E42B252BA8DA8CCEE7D,go,111.39,2.7848,0.12,0.11,0.0,0.0,0.0,0.0,1,0,0,1,0,0,0
GO-5200308-53FD53C5A814420098F2D40B1CCA3937,go,15.88,0.5295,0.0,0.0,0.0,0.0,0.0,0.0,2,0,0,1,0,0,0
GO-5219704-F2CEC44306084AF5AA0976B8B0F091E3,go,66.0,1.32,2.6,3.94,0.0,0.0,0.0,0.0,1,0,0,1,0,0,0
GO-5209952-CAA3262B3CFC4135ADE20A5B85B83440,go,2.92,0.1,0.0,0.0,0.0,0.0,0.0,0.0,2,0,0,1,0,0,0
GO-5210109-E5B74FA9FFD44ACBAA9DE00456795B9C,go,296.41,7.4102,17.38,5.86,0.0,0.0,0.0,0.0,1,0,0,1,0,0,0
GO-5210109-A7A33B8291C040D890E162817FBBF1EC,go,19.13,0.48,0.0,0.0,0.0,0.0,0.0,0.0,2,0,0,1,0,0,0
GO-5200258-757CF14BC3584EAF85B5E9B3FDA02090,go,0.2,0.0049,0.0,0.0,0.0,0.0,0.0,0.0,2,0,0,1,0,0,0
GO-5210109-E11463960DF049FBAF3D19FC48950680,go,59.32,1.4831,11.98,20.19,0.0,0.0,0.0,0.0,0,0,0,1,0,0,0
GO-5200258-7F5599F48CDA42F69F487201A439B2E1,go,1.41,0.0661,0.0,0.0,0.0,0.0,0.0,0.0,2,0,0,1,0,0,0
GO-5200258-941265931F4D4B0FBD8118B4308907B2,go,15.6,0.3899,0.0,0.0,0.0,0.0,0.0,0.0,2,0,0,1,0,0,0
GO-5203962-529A2937B548407AB61A6230CC295F99,go,273.26,3.9,3.35,1.23,0.0,0.0,0.0,0.0,1,0,0,1,0,0,0
GO-5210109-981D894B699C4269A2302D4DC5F021A3,go,128.26,3.2065,5.06,3.95,0.0,0.0,0.0,0.0,1,0,0,1,0,0,0
GO-5219704-B79DCD8E184B4D2485E1233E16A3F880,go,117.07,2.34,3.64,3.11,0.0,0.0,0.0,0.0,1,0,0,1,0,0,0
GO-5219712-BC0A06EA4A774E1FAC30D0AC60CA3753,go,292.13,9.7377,0.44,0.15,0.0,0.0,0.0,0.0,1,0,0,1,0,0,0
GO-5200258-6E8F399348F34C12A7876ED9C87929FA,go,2.5,0.0626,0.0,0.0,0.0,0.0,0.0,0.0,2,0,0,1,0,0,0
GO-5209952-37A5A5CDCDAF4FD4940213F5AD2C5487,go,58.31,1.9435,0.0,0.0,0.0,0.0,0.0,0.0,2,0,0,1,0,0,0
GO-5219605-830EFC47748F4A05983B20F473167AA1,go,47.59,0.9519,6.11,12.84,0.0,0.0,0.0,0.0,1,0,0,1,0,0,0
GO-5209952-3206248009554BEBA86944304B62663C,go,17.62,0.5874,0.0,0.0,0.0,0.0,0.0,0.0,2,0,0,1,0,0,0
GO-5200308-7CFE89D7CCB542809C3AF625BC905492,go,21.15,0.7051,0.0,0.0,0.0,0.0,0.0,0.0,2,0,0,1,0,0,0
GO-5200258-6853EBACFF7946F0856C059990BB7D81,go,89.53,2.2383,4.97,5.55,0.0,0.0,0.0,0.0,1,0,0,1,0,0,0
GO-5209952-DF95CC1CDC29474CBF94B5F6BFD358F5,go,4.31,0.1436,0.0,0.0,0.0,0.0,0.0,0.0,2,0,0,1,0,0,0
GO-5207808-E78D44CF59AE4BE8A1548536836397C9,go,7.26,0.2421,0.0,0.0,0.0,0.0,0.0,0.0,2,0,0,1,0,0,0
GO-5219704-41DC50E8E2C045F2AEB202CE877F3D34,go,33.9,0.6779,0.0,0.0,0.0,0.0,0.0,0.0,2,0,0,1,0,0,0
GO-5200175-1F0A49F9ED1743CBBC444A79BD213272,go,358.64,10.25,0.26,0.07,0.0,0.0,0.0,0.0,1,0,0,1,0,0,0
GO-5200175-4BB5CC78B7E04CECBE5997CD6381FB0D,go,251.74,7.1927,5.81,2.31,0.0,0.0,0.0,0.0,1,0,0,1,0,0,0
GO-5219712-304319CD66C448339EAE0C03EA872B89,go,1496.2,49.87,2.99,0.2,0.0,0.0,0.0,0.0,1,0,0,1,0,0,0
GO-5209952-ACC9B5FAA6F24277AD18237285F58546,go,5.53,0.1842,0.0,0.0,0.0,0.0,0.0,0.0,2,0,0,1,0,0,0
GO-5219605-F16B4FFCCC224186BB4AEBA32D10064E,go,1421.15,28.4229,58.92,4.15,0.0,0.0,0.0,0.0,1,0,0,1,0,0,0
GO-5200175-9D6254AD24E44283998B66BC0E3022F5,go,265.05,7.5728,0.0,0.0,0.0,0.0,0.0,0.0,2,0,0,1,0,0,0
GO-5200308-F7D222AC674B406ABBEE0CD2B3560B12,go,37.71,1.26,0.0,0.0,0.0,0.0,0.0,0.0,2,0,0,1,0,0,0
GO-5210109-178F8A766EFE4D26A2E633BE672B34B1,go,115.55,2.8887,19.62,16.98,0.0,0.0,0.0,0.0,1,0,0,1,0,0,0
GO-5210109-625B08FA535E440DB97D419FC5591AB6,go,10.51,0.2627,0.0,0.0,0.0,0.0,0.0,0.0,2,0,0,1,0,0,0
GO-5209952-1D3693ED5155405CA71A8276E38E96A9,go,27.38,0.9173,0.0,0.0,0.0,0.0,0.0,0.0,2,0,0,1,0,0,0
GO-5200175-058C8CD48DFE4F2E9C0CBCB32080C44F,go,209.74,5.9924,0.69,0.33,0.0,0.0,0.0,0.0,1,0,0,1,0,0,0
GO-5200308-A6CA32BB0E204A6E9E080AD2C20664A9,go,27.34,0.9112,14.36,52.53,0.0,0.0,0.0,0.0,0,0,0,1,0,0,0
GO-5219704-CEDF94B63DEC402398C7695B46EB8E32,go,67.78,1.3556,13.85,20.43,0.0,0.0,0.0,0.0,0,0,0,1,0,0,0
GO-5209952-97CB3DB8F4D14D238A01989404DE4874,go,42.22,1.4073,0.0,0.0,0.0,0.0,0.0,0.0,2,0,0,1,0,0,0
GO-5210109-DFF4B42929C1406D902BCF28C2E0C052,go,304.99,7.6248,79.87,26.19,0.0,0.0,0.0,0.0,0,0,0,1,0,0,0
GO-5200159-A421716D2ADB47C79578BFEDCCCDA0DD,go,40.74,1.8516,0.69,1.69,0.0,0.0,0.0,0.0,1,0,0,1,0,0,0
GO-5200159-5499C58DC849461ABDA237B1B07D7E6A,go,7.4,0.2906,0.0,0.0,0.0,0.0,0.0,0.0,2,0,0,1,0,0,0
GO-5219704-BCC61A01853645F3B034DFA2A8501BB6,go,20.72,0.4143,2.98,14.38,0.0,0.0,0.0,0.0,1,0,0,1,0,0,0
GO-5219704-430AC9ABDB364AF7A47CB1A618E16C57,go,53.25,1.065,0.17,0.32,0.0,0.0,0.0,0.0,1,0,0,1,0,0,0
GO-5207808-02C922657FEF4251B5D0AACA1E44DDAC,go,70.64,2.3546,0.69,0.98,0.0,0.0,0.0,0.0,1,0,0,1,0,0,0
GO-5219712-E79D35C923E24DEBA701E30D7D1D8908,go,53.64,1.7879,0.0,0.0,0.0,0.0,0.0,0.0,2,0,0,1,0,0,0
GO-5200209-1D22D91DC9434DE1BFE0DE1BDC68AC5E,go,48.46,1.0769,0.48,0.99,0.0,0.0,0.0,0.0,1,0,0,1,0,0,0
GO-5200308-EA10CCA913BE4493AA5EBF5262A7A69E,go,8.09,0.2696,2.73,33.75,0.0,0.0,0.0,0.0,0,0,0,1,0,0,0
GO-5200308-237FA37DD0CB4C15A7A7DC160DF237C9,go,700.17,23.3391,16.95,2.42,0.0,0.0,0.0,0.0,1,0,0,1,0,0,0
GO-5210109-9342393B3AF744A0A3D387F0E5A707A6,go,408.82,10.2204,10.69,2.61,0.0,0.0,0.0,0.0,1,0,0,1,0,0,0
GO-5219605-5B3A2827C21C4287855E8275EB05642C,go,377.72,7.5544,23.08,6.11,0.0,0.0,0.0,0.0,1,0,0,1,0,0,0
GO-5210109-AA2D9F45C24944A2B4494A40FC277F93,go,115.96,2.899,19.61,16.91,0.0,0.0,0.0,0.0,1,0,0,1,0,0,0
GO-5200209-94EBF1EFE80E419D8688662006A6A7F1,go,55.31,1.23,0.0,0.0,0.0,0.0,0.0,0.0,2,0,0,1,0,0,0
GO-5209952-2A0D984CC1B64474B5D1F6F2BB1E6793,go,99.67,3.3224,0.09,0.09,0.0,0.0,0.0,0.0,1,0,0,1,0,0,0
GO-5207808-5EA6F1572A324259BA12CA6166B4603F,go,7.01,0.2337,0.0,0.0,0.0,0.0,0.0,0.0,2,0,0,1,0,0,0
GO-5200209-C20C473D744C49E6B92276E1651EC932,go,13.19,0.293,0.0,0.0,0.0,0.0,0.0,0.0,2,0,0,1,0,0,0
GO-5210109-5D7762257D5B40CD8274932AE0891DC9,go,148.09,3.7024,4.75,3.21,0.0,0.0,0.0,0.0,1,0,0,1,0,0,0
GO-5209952-642CF894FF34455389D07BC6A8DA5D24,go,62.62,2.0875,0.0,0.0,0.0,0.0,0.0,0.0,2,0,0,1,0,0,0
GO-5200209-C190ABA8EA0A4C6EB1CA8A12467073B7,go,14.32,0.3183,0.18,1.26,0.0,0.0,0.0,0.0,1,0,0,1,0,0,0
GO-5204003-E86E99DF97414C498374315DE9F358CE,go,17.8,0.3955,0.6,3.37,0.0,0.0,0.0,0.0,1,0,0,1,0,0,0
GO-5200308-4BC40D29CCA246859CDDE78BB88B0651,go,24.36,0.812,0.0,0.0,0.0,0.0,0.0,0.0,2,0,0,1,0,0,0
GO-5207808-4CB6417B7E5D431AB169DD91F2078265,go,44.1,1.4701,0.08,0.18,0.0,0.0,0.0,0.0,1,0,0,1,0,0,0
GO-5210109-5993C04DD74041BAB74BB742D23B8911,go,539.02,13.4754,1.52,0.28,0.0,0.0,0.0,0.0,1,0,0,1,0,0,0
GO-5200308-8C20A688DEDE46DEAC859124CA0F9723,go,10.36,0.3452,0.0,0.0,0.0,0.0,0.0,0.0,2,0,0,1,0,0,0
GO-5200308-B47E2112990846338CAF7E4092DBCC49,go,2.43,0.0811,0.0,0.0,0.0,0.0,0.0,0.0,2,0,0,1,0,0,0
GO-5200159-399CBDA3BEE746878B3D5628A9763A93,go,14.52,0.66,0.0,0.0,0.0,0.0,0.0,0.0,2,0,0,1,0,0,0
GO-5219704-30C937CED0214DE8968CB2BA1C1B90F9,go,33.0,0.66,13.81,41.85,0.0,0.0,0.0,0.0,0,0,0,1,0,0,0
GO-5210109-46ACCDC0CE6240DF81EBD10BE65C09DC,go,10.87,0.2719,0.0,0.0,0.0,0.0,0.0,0.0,2,0,0,1,0,0,0
GO-5200258-EBB46AEB780948328D4B0A19AB1B1098,go,2.75,0.0688,0.0,0.0,0.0,0.0,0.0,0.0,2,0,0,1,0,0,0
GO-5204003-697B8FEB9AFB413BA12EA133F0ED8561,go,210.78,4.684,0.46,0.22,0.0,0.0,0.0,0.0,1,0,0,1,0,0,0
GO-5200308-9B55ACFEAF0C4234ADF6E9FC9F51061C,go,20.94,0.6981,0.0,0.0,0.0,0.0,0.0,0.0,2,0,0,1,0,0,0
GO-5200308-0E7273C4DA384A10828EC83B06A11EEF,go,83.14,2.7714,0.0,0.0,0.0,0.0,0.0,0.0,2,0,0,1,0,0,0
GO-5207808-92DFCEFE5C3B40B3871C028B8FBE8436,go,8.22,0.2739,0.0,0.0,0.0,0.0,0.0,0.0,2,0,0,1,0,0,0
GO-5203962-736DA00347504F349E1D899758C93695,go,4087.6,58.3943,168.99,4.13,0.0,0.0,0.0,0.0,1,0,0,1,0,0,0
GO-5204003-0677F83C145142A98F696642920EC2C8,go,13.2,0.2934,0.0,0.0,0.0,0.0,0.0,0.0,2,0,0,1,0,0,0
GO-5209952-67AD367614DF4386A9D93FA0933873D8,go,27.29,0.9097,0.0,0.0,0.0,0.0,0.0,0.0,2,0,0,1,0,0,0
GO-5210109-7EE0CEF5C8914FCAAD6F5E43B28BB032,go,609.14,15.23,50.26,8.25,0.0,0.0,0.0,0.0,1,0,0,1,0,0,0
GO-5207808-6CA554BFBB614E05856BD6B398D558E2,go,109.33,3.6445,0.0,0.0,0.0,0.0,0.0,0.0,2,0,0,1,0,0,0
GO-5210109-359DF7CB336040CD824AFBE0AE9752C7,go,35.22,0.8806,1.92,5.45,0.0,0.0,0.0,0.0,1,0,0,1,0,0,0
GO-5200308-82FA69E44690465CB4AFF919D6520C24,go,45.94,1.5315,0.09,0.2,0.0,0.0,0.0,0.0,1,0,0,1,0,0,0
GO-5210109-7ED95D7152444B0A82E804E0447FFE2A,go,30.87,0.7717,0.13,0.42,0.0,0.0,0.0,0.0,1,0,0,1,0,0,0
GO-5200159-1B6F989F72C24818B6EE171A9E1AF6E9,go,10.13,0.4606,0.0,0.0,0.0,0.0,0.0,0.0,2,0,0,1,0,0,0
GO-5219712-E108B425A6FA439E9C4A99A76F7918AB,go,2.47,0.0823,0.0,0.0,0.0,0.0,0.0,0.0,2,0,0,1,0,0,0
GO-5219605-266488DBD8AC43CCACCB86E97318F096,go,96.6,1.9319,17.72,18.34,0.0,0.0,0.0,0.0,1,0,0,1,0,0,0
GO-5200159-3BEF2C01B59F48F8A20B285BEF602BD6,go,76.11,3.4594,0.7,0.92,0.0,0.0,0.0,0.0,1,0,0,1,0,0,0
GO-5210109-B48659FAEABC4150A58D23F7636F947D,go,248.51,6.6649,0.31,0.12,0.0,0.0,0.0,0.0,1,0,0,1,0,0,0
GO-5200175-6AC29CB225E24FAAA85B16E4EFC962EF,go,111.11,3.1745,2.55,2.3,0.0,0.0,0.0,0.0,1,0,0,1,0,0,0
GO-5204003-92A43D71114C421BBE4CC297971B013D,go,200.1,4.4466,12.22,6.11,0.0,0.0,0.0,0.0,1,0,0,1,0,0,0
GO-5219704-5D432558C4D94AE7AA563F8A563B7ECB,go,69.15,1.383,19.17,27.72,0.0,0.0,0.0,0.0,0,0,0,1,0,0,0
GO-5207808-C30AD8E22F4E495D89A6A337B6806C77,go,43.74,1.4581,2.05,4.69,0.0,0.0,0.0,0.0,1,0,0,1,0,0,0
GO-5210109-F45EC2AD384E4DBBA8F7C8DADFF1596A,go,43.13,1.08,0.0,0.0,0.0,0.0,0.0,0.0,2,0,0,1,0,0,0
GO-5210109-78795295F6404D0CA0F9339B0F8FE50B,go,198.31,4.9578,0.0,0.0,0.0,0.0,0.0,0.0,2,0,0,1,0,0,0
GO-5210109-C21E01A65FBB45D5A6AD2CA5BC00796B,go,168.15,4.2038,1.04,0.62,0.0,0.0,0.0,0.0,1,0,0,1,0,0,0
GO-5207808-D61CEEA81B0E447584A3F06C776FEE79,go,36.82,1.2273,0.0,0.0,0.0,0.0,0.0,0.0,2,0,0,1,0,0,0
GO-5209952-ED7DD93E1F4D411FBF914ECF75EEEE3E,go,44.34,1.4781,0.0,0.0,0.0,0.0,0.0,0.0,2,0,0,1,0,0,0
GO-5207808-A392BA1B066A49E1966A94A921C103BB,go,1240.54,41.4122,5.06,0.41,0.0,0.0,0.0,0.0,1,0,0,1,0,0,0
GO-5203962-87CD00D4BCDC488081758C3E01446053,go,16.02,0.2288,0.77,4.81,0.0,0.0,0.0,0.0,1,0,0,1,0,0,0
GO-5209952-369FF5FCA9DA40BCB73B46F89EEDBBA8,go,164.08,5.4694,3.13,1.91,0.0,0.0,0.0,0.0,1,0,0,1,0,0,0
GO-5200308-51EB07D718C945D68455689F263B8D18,go,2.33,0.0777,0.0,0.0,0.0,0.0,0.0,0.0,2,0,0,1,0,0,0
GO-5219704-3DC5CFD3605346CAB90B8352627DC9CC,go,102.35,2.047,13.7,13.39,0.0,0.0,0.0,0.0,1,0,0,1,0,0,0
GO-5207808-1C0DDF138F67481EA4CEEE8D26CB5F43,go,5.5,0.1834,0.0,0.0,0.0,0.0,0.0,0.0,2,0,0,1,0,0,0
GO-5209952-4E1681671AD84BF58A13199083F400B5,go,61.09,2.0364,3.12,5.11,0.0,0.0,0.0,0.0,1,0,0,1,0,0,0
GO-5200209-BE3EC20741634CFC8F8AE74A0E5A2FA7,go,23.83,0.53,0.09,0.38,0.0,0.0,0.0,0.0,1,0,0,1,0,0,0
GO-5207808-569C64D3D66F451B95AB60D21DD6A9A2,go,9.62,0.3207,0.0,0.0,0.0,0.0,0.0,0.0,2,0,0,1,0,0,0
GO-5207808-16895BC818534AC2BB71BE3391A9B3AE,go,36.88,1.2294,0.0,0.0,0.0,0.0,0.0,0.0,2,0,0,1,0,0,0
GO-5200175-6B9D42C1E63747539C8C2E12F39C3C7D,go,1772.41,50.6404,70.85,4.0,0.0,0.0,0.0,0.0,1,0,0,1,0,0,0
GO-5200308-D75CA5D05E14445BBF90328B03F6F7C7,go,2.4,0.08,0.0,0.0,0.0,0.0,0.0,0.0,2,0,0,1,0,0,0
GO-5219605-C8C430BAD63E473FB7E8A8A00711B985,go,5.32,0.1064,0.0,0.0,0.0,0.0,0.0,0.0,2,0,0,1,0,0,0
GO-5200308-311125311C4D409EA225190BE52D54AB,go,27.17,0.9056,18.04,66.41,0.0,0.0,0.0,0.0,0,0,0,1,0,0,0
GO-5200308-8B1E3AE6E6374DD5A6E6BEF33BA71451,go,66.45,2.2149,0.17,0.26,0.0,0.0,0.0,0.0,1,0,0,1,0,0,0
GO-5200308-EA8B21B45CA34244B4335E079DE30AC8,go,537.53,17.9176,0.0,0.0,0.0,0.0,0.0,0.0,2,0,0,1,0,0,0
GO-5200308-AE6D36D5D2284B6192D4921331A59888,go,13.12,0.4374,0.0,0.0,0.0,0.0,0.0,0.0,2,0,0,1,0,0,0
GO-5219704-7564DAA0142B4894AA0178203874EED7,go,43.56,0.8713,0.03,0.07,0.0,0.0,0.0,0.0,1,0,0,1,0,0,0
GO-5209952-DC9FEDFB266A48DB8FC311A20000B94A,go,29.04,0.9681,0.0,0.0,0.0,0.0,0.0,0.0,2,0,0,1,0,0,0
GO-5207808-8BFC7C98AA7B4E24AAB0E515F2F46DBE,go,7.31,0.2436,0.0,0.0,0.0,0.0,0.0,0.0,2,0,0,1,0,0,0
GO-5219704-E048C4B016F64343A72B6DDB7BF92F2E,go,356.7,7.13,24.91,6.98,0.0,0.0,0.0,0.0,1,0,0,1,0,0,0
GO-5207808-62B040CB224B4011A24B859136AFE370,go,3.49,0.1163,0.0,0.0,0.0,0.0,0.0,0.0,2,0,0,1,0,0,0
GO-5210109-E86A58D8D0BC4945BB9E43237530399C,go,60.32,1.5079,0.26,0.43,0.0,0.0,0.0,0.0,1,0,0,1,0,0,0
GO-5200308-A308B667ADC344E1B07691CD45F588AF,go,18.14,0.6046,0.09,0.5,0.0,0.0,0.0,0.0,1,0,0,1,0,0,0
GO-5219704-2A7FD1F19CA740939A4904677F543AD0,go,53.24,1.0648,0.28,0.53,0.0,0.0,0.0,0.0,1,0,0,1,0,0,0
GO-5210109-BB167F1CF91743449DD78BC2973061C2,go,44.03,1.1006,0.0,0.0,0.0,0.0,0.0,0.0,2,0,0,1,0,0,0
GO-5200175-75D8D79F083C4B038D87B053FBBDDDFF,go,1203.77,34.3933,28.49,2.37,0.0,0.0,0.0,0.0,1,0,0,1,0,0,0
GO-5200308-E84AF98429604972AC0CE6B25CAB9C80,go,32.72,1.0907,0.0,0.0,0.0,0.0,0.0,0.0,2,0,0,1,0,0,0
GO-5210109-A3350A4996EB4D68962DB8EE88527E16,go,9.08,0.2271,1.62,17.83,0.0,0.0,0.0,0.0,1,0,0,1,0,0,0
GO-5200175-6AD1337229BA498BB19DDE7AA64A329D,go,354.3,0.5061,5.21,1.47,0.0,0.0,0.0,0.0,1,0,0,1,0,0,0
GO-5219712-B4CFFE66D1FF408B8B34F68554EDC410,go,96.78,3.23,0.0,0.0,0.0,0.0,0.0,0.0,2,0,0,1,0,0,0
GO-5207808-00184E4777DA479CB2F192C306A1DDD8,go,64.71,2.1569,0.86,1.33,0.0,0.0,0.0,0.0,1,0,0,1,0,0,0
GO-5219704-E7EC596070444A689DF946D8C581FAA9,go,206.4,4.1281,18.45,8.94,0.0,0.0,0.0,0.0,1,0,0,1,0,0,0
GO-5210109-95764FC9D35B495EAE16F14DA50A36D1,go,122.4,3.0599,30.69,25.07,0.0,0.0,0.0,0.0,0,0,0,1,0,0,0
GO-5207808-FA6C5C5155124AF6955E87EF4B8724AC,go,10.22,0.3407,0.0,0.0,0.0,0.0,0.0,0.0,2,0,0,1,0,0,0
GO-5200175-FA6BBDF9C63543759F625E13EC6E0993,go,671.35,19.1815,4.31,0.64,0.0,0.0,0.0,0.0,1,0,0,1,0,0,0
GO-5200159-199A2A0782F84EDF9953D23EB1BEF443,go,4.82,0.22,1.33,27.61,0.0,0.0,0.0,0.0,0,0,0,1,0,0,0
GO-5207808-B4A52CDCB19B4F85AA0E3878210ECCC4,go,4.83,0.161,0.0,0.0,0.0,0.0,0.0,0.0,2,0,0,1,0,0,0
GO-5207808-549967BD44A44F9ABEB866152641809D,go,13.71,0.4571,0.0,0.0,0.0,0.0,0.0,0.0,2,0,0,1,0,0,0
GO-5219704-B57F1173355A419FB80693E71384B969,go,24.37,0.4873,17.96,73.71,0.0,0.0,0.0,0.0,0,0,0,1,0,0,0
GO-5207808-C106A31452A2482CAE7FE12C6176EF78,go,3.38,0.1127,0.0,0.0,0.0,0.0,0.0,0.0,2,0,0,1,0,0,0
GO-5200308-B8542A411C9E4E58A407FC6E2EF4EACC,go,3.34,0.1113,0.0,0.0,0.0,0.0,0.0,0.0,2,0,0,1,0,0,0
GO-5200308-94EB158600CC461FBD1F2793F3B8CE61,go,137.95,4.5983,1.97,1.43,0.0,0.0,0.0,0.0,1,0,0,1,0,0,0
GO-5204003-83ACA1B6175A4F308508951FC0132422,go,47.93,1.0652,0.0,0.0,0.0,0.0,0.0,0.0,2,0,0,1,0,0,0
GO-5219704-5033EA24C6244A0596CF636321168296,go,15.93,0.3185,0.17,1.07,0.0,0.0,0.0,0.0,1,0,0,1,0,0,0
GO-5210109-C35FC7DE757C441C861427CEF40DCE6B,go,82.15,2.0538,14.34,17.46,0.0,0.0,0.0,0.0,1,0,0,1,0,0,0
GO-5200209-C34368A6F4EB486FAE8C335B20B3710E,go,21.55,0.4789,0.0,0.0,0.0,0.0,0.0,0.0,2,0,0,1,0,0,0
GO-5219712-630356842B04467DBB9545903463275B,go,174.07,5.8023,103.68,59.56,0.0,0.0,0.0,0.0,0,0,0,1,0,0,0
GO-5219704-E84FB021B4614DEDB26D513495B694F0,go,8.7,0.1741,0.12,1.38,0.0,0.0,0.0,0.0,1,0,0,1,0,0,0
GO-5200175-F4EDE844CCFB42D79296F290BB463759,go,586.44,16.7554,6.49,1.11,0.0,0.0,0.0,0.0,1,0,0,1,0,0,0
GO-5200175-C06A4DF797CF4B2ABC1880B276FD2B53,go,257.63,7.3609,4.81,1.87,0.0,0.0,0.0,0.0,1,0,0,1,0,0,0
GO-5200175-2FB149E6BD024C4ABF7B2B7ABF8035E0,go,1240.27,0.7875,27.96,2.25,0.0,0.0,0.0,0.0,1,0,0,1,0,0,0
GO-5200209-298CF9BD0E0C4EBFA64BDB2FFB4923D6,go,28.9,0.6423,0.0,0.0,0.0,0.0,0.0,0.0,2,0,0,1,0,0,0
GO-5200258-9B857A98C35C4F04AD8D2E8666C7D17A,go,14.37,0.3592,0.03,0.21,0.0,0.0,0.0,0.0,1,0,0,1,0,0,0
GO-5219605-6EBA00B7A93A41BA872C82B88C4AE508,go,41.44,0.8288,1.21,2.92,0.0,0.0,0.0,0.0,1,0,0,1,0,0,0
GO-5207808-83816E1EE488435C89668A5A46E51106,go,24.28,0.8094,0.0,0.0,0.0,0.0,0.0,0.0,2,0,0,1,0,0,0
GO-5200175-58A00491BDD64EBC8577C507F9CA7E76,go,46.65,1.3329,1.03,2.21,0.0,0.0,0.0,0.0,1,0,0,1,0,0,0
GO-5204003-FEBB3EEA59F04506B13D1586C1A90D3D,go,89.79,1.9952,0.98,1.09,0.0,0.0,0.0,0.0,1,0,0,1,0,0,0
GO-5207808-25A131EB05704D3898DE50F753340C3B,go,85.33,2.8443,0.05,0.06,0.0,0.0,0.0,0.0,1,0,0,1,0,0,0
GO-5219704-78018B952707420DB7374DDBED541CD7,go,19.36,0.3872,0.76,3.93,0.0,0.0,0.0,0.0,1,0,0,1,0,0,0
GO-5209952-C88D8473CE0D4767AA22B5658DDD519D,go,120.81,4.0269,9.99,8.27,0.0,0.0,0.0,0.0,1,0,0,1,0,0,0
GO-5209952-313D0438AF4549FF9AAE116D2ADD4F92,go,16.55,0.5518,0.0,0.0,0.0,0.0,0.0,0.0,2,0,0,1,0,0,0
GO-5200308-9A1CD393C25443FB9A602E9E68788888,go,34.57,1.1522,0.0,0.0,0.0,0.0,0.0,0.0,2,0,0,1,0,0,0
GO-5200258-F0308A7F016C46E3B2067285BCFEB6B1,go,0.7,0.0175,0.0,0.0,0.0,0.0,0.0,0.0,2,0,0,1,0,0,0
GO-5200175-00D38323F12B480CAFC5D24F7D124A3C,go,64.27,1.8361,12.65,19.68,0.0,0.0,0.0,0.0,1,0,0,1,0,0,0
GO-5210109-6F39F27905AC4E5F9E78C200F1D4D757,go,34.39,0.8597,7.17,20.85,0.0,0.0,0.0,0.0,0,0,0,1,0,0,0
GO-5210109-B4E63DDF7FA241748AD91BF2702D5A69,go,72.69,1.8172,0.0,0.0,0.0,0.0,0.0,0.0,2,0,0,1,0,0,0
GO-5210109-C67A5E97D1174773ACA1ED1313B221AF,go,1053.5,26.3374,73.31,6.96,0.0,0.0,0.0,0.0,1,0,0,1,0,0,0
GO-5210109-39ECB1C14E2F45E989E8195CEE18CB96,go,76.75,1.9187,4.27,5.56,0.0,0.0,0.0,0.0,1,0,0,1,0,0,0
GO-5200175-D3FA92C3DC544554ADF7D104881DF8CE,go,82.56,2.359,3.2,3.88,0.0,0.0,0.0,0.0,1,0,0,1,0,0,0
GO-5200175-8A9221D2A10E439287C1C277B52E285A,go,9.09,0.2596,2.79,30.71,0.0,0.0,0.0,0.0,0,0,0,1,0,0,0
GO-5210109-C6962B5595F94EB08878E498E83826C7,go,49.47,1.2367,0.92,1.86,0.0,0.0,0.0,0.0,1,0,0,1,0,0,0
GO-5207808-9B4DB73579AC453A9FA4387F25FFACDD,go,2.78,0.0928,0.0,0.0,0.0,0.0,0.0,0.0,2,0,0,1,0,0,0
GO-5210109-95E0F98417614F9BB244C669F9D3209E,go,256.44,6.41,0.27,0.11,0.0,0.0,0.0,0.0,1,0,0,1,0,0,0
GO-5210109-33B31106E6574713A32ADFDF049948C9,go,63.0,1.575,21.05,33.41,0.0,0.0,0.0,0.0,0,0,0,1,0,0,0
GO-5210109-3AB0FEB2F9AF41B5932FE757A3A42C4A,go,53.25,1.3312,1.12,2.1,0.0,0.0,0.0,0.0,1,0,0,1,0,0,0
GO-5209952-8C69F533C056437BAF282E28FADD9B4B,go,16.68,0.5565,0.0,0.0,0.0,0.0,0.0,0.0,2,0,0,1,0,0,0
GO-5200209-6DB8A859839741C680B242D16EE8A36B,go,109.06,2.4236,0.22,0.2,0.0,0.0,0.0,0.0,1,0,0,1,0,0,0
GO-5207808-5E367F3F5B264D3380F94FDB20BD4022,go,6.02,0.2005,0.0,0.0,0.0,0.0,0.0,0.0,2,0,0,1,0,0,0
GO-5210109-A7BDAEC83646471FA6A1EE69DD532DD6,go,31.44,0.79,0.0,0.0,0.0,0.0,0.0,0.0,2,0,0,1,0,0,0
GO-5209952-54B4F70BC5584825B96BDF2AE4430835,go,33.12,1.173,0.09,0.27,0.0,0.0,0.0,0.0,1,0,0,1,0,0,0
GO-5200308-22C30D40AC384AA4B2A8D08B82AD86C4,go,7.35,0.245,0.17,2.31,0.0,0.0,0.0,0.0,1,0,0,1,0,0,0
GO-5219704-488530EFAFED4AAC941D211200F7F943,go,799.31,15.9862,100.78,12.61,0.0,0.0,0.0,0.0,1,0,0,1,0,0,0
GO-5204003-EAF1586A21E74C3E91D456A0C14E8FC6,go,80.21,1.7824,0.0,0.0,0.0,0.0,0.0,0.0,2,0,0,1,0,0,0
GO-5209952-2612E1510B874D45884967179615AEF5,go,67.48,2.2492,0.09,0.13,0.0,0.0,0.0,0.0,1,0,0,1,0,0,0
GO-5203962-3420457A13F544ECBBC6828CF6E802C9,go,36.91,0.5273,0.52,1.41,0.0,0.0,0.0,0.0,1,0,0,1,0,0,0
GO-5200308-613F3CB6655E4993B24B2587A8AFE5F9,go,36.44,1.2147,0.35,0.96,0.0,0.0,0.0,0.0,1,0,0,1,0,0,0
GO-5207808-A99AA3EA8D8E4A5D805BB831B9571C0D,go,35.95,1.1983,0.05,0.14,0.0,0.0,0.0,0.0,1,0,0,1,0,0,0
GO-5207808-BAC4E1A62EEF44BBBF5C83D31AC9970A,go,41.14,1.3713,0.04,0.1,0.0,0.0,0.0,0.0,1,0,0,1,0,0,0
GO-5203962-547E02E0104A4FD1B8418563D9804FA5,go,17.39,0.2484,0.26,1.5,0.0,0.0,0.0,0.0,1,0,0,1,0,0,0
GO-5200308-6356BEF3D84C47C687DC2D501842AAC4,go,17.83,0.59,0.0,0.0,0.0,0.0,0.0,0.0,2,0,0,1,0,0,0
GO-5210109-103E0FD7B4234C2CA592703BBE24492D,go,48.84,1.221,0.43,0.88,0.0,0.0,0.0,0.0,1,0,0,1,0,0,0
GO-5203962-3432C6EBC8214C0B916FC9BE4C959453,go,15.97,0.2282,0.17,1.06,0.0,0.0,0.0,0.0,1,0,0,1,0,0,0
GO-5210109-B8CC35E4182941668C1A73758121A7C4,go,75.0,1.875,9.87,13.16,0.0,0.0,0.0,0.0,1,0,0,1,0,0,0
GO-5200308-4BD1A47BA8244E52B86F8E70BED1367D,go,209.11,6.9704,0.41,0.2,0.0,0.0,0.0,0.0,1,0,0,1,0,0,0
GO-5203962-F3821ED74193444C8653646A569E6016,go,12.43,0.1776,3.57,28.71,0.0,0.0,0.0,0.0,0,0,0,1,0,0,0
GO-5210109-493B0A43C81845FF9B1ACB4E421BA68B,go,448.78,11.2196,21.87,4.87,0.0,0.0,0.0,0.0,1,0,0,1,0,0,0
GO-5200308-05A46986D8364ABF9BCDDB672C6CC680,go,44.23,1.4742,0.07,0.16,0.0,0.0,0.0,0.0,1,0,0,1,0,0,0
GO-5200308-E616758B2C7A4B959884067FB060BE38,go,55.76,1.86,0.0,0.0,0.0,0.0,0.0,0.0,2,0,0,1,0,0,0
GO-5219704-7B8B2735CA2448EB801951CDCD40F301,go,59.58,1.1916,0.26,0.44,0.0,0.0,0.0,0.0,1,0,0,1,0,0,0
GO-5219712-9F557C9B3A244E448BD0649B58FE4E46,go,60.66,2.0221,0.0,0.0,0.0,0.0,0.0,0.0,2,0,0,1,0,0,0
GO-5200308-A1FE11EB11EB4C46B523B2331B9692E7,go,25.24,0.8413,0.0,0.0,0.0,0.0,0.0,0.0,2,0,0,1,0,0,0
GO-5219704-31B3BFACFF234336B58EDF9D45053A2F,go,199.55,3.9909,0.35,0.18,0.0,0.0,0.0,0.0,1,0,0,1,0,0,0
GO-5210109-460CD693EA7F45459144DCB71ECE0108,go,99.57,2.4893,47.35,47.55,0.0,0.0,0.0,0.0,0,0,0,1,0,0,0
GO-5200308-FFAEA3B0F05F46DCA234EE9614E130D5,go,4.78,0.1594,0.0,0.0,0.0,0.0,0.0,0.0,2,0,0,1,0,0,0
GO-5200209-539ED7ABF1D24FB0964521A8274F2EE6,go,33.1,0.7356,0.0,0.0,0.0,0.0,0.0,0.0,2,0,0,1,0,0,0
GO-5210109-CAA5DC75ADBD47268932E554C6ECF54C,go,324.23,8.1057,0.34,0.1,0.0,0.0,0.0,0.0,1,0,0,1,0,0,0
GO-5200308-EE9B856188AB4398905226BA01801C3E,go,9.3,0.3101,0.0,0.0,0.0,0.0,0.0,0.0,2,0,0,1,0,0,0
GO-5200308-DFBE8C925C2E48FEAEB73DDA2274971B,go,4.74,0.1581,0.0,0.0,0.0,0.0,0.0,0.0,2,0,0,1,0,0,0
GO-5210109-8F9C241FAB4948F8985E0CDF0C08BB20,go,93.99,2.3497,0.0,0.0,0.0,0.0,0.0,0.0,2,0,0,1,0,0,0
GO-5204003-0A9A60A4C63140BBB78D146AC5F39DB0,go,2.07,0.0461,0.0,0.0,0.0,0.0,0.0,0.0,2,0,0,1,0,0,0
GO-5200209-8B39BD864F18448B9D13831AF151F4F5,go,571.48,12.6996,0.26,0.05,0.0,0.0,0.0,0.0,1,0,0,1,0,0,0
GO-5209952-3484A9A3393749FEB73DD1C07F1D9C95,go,159.58,5.3193,0.09,0.06,0.0,0.0,0.0,0.0,1,0,0,1,0,0,0
GO-5204003-D427F6E7C1F54D84B62818E95D282D14,go,135.22,3.0048,0.0,0.0,0.0,0.0,0.0,0.0,2,0,0,1,0,0,0
GO-5204003-DF2C0AC97E314895A01042F2BDA93D21,go,18.49,0.4109,0.0,0.0,0.0,0.0,0.0,0.0,2,0,0,1,0,0,0
GO-5219704-C3E61F3576504A9C9200D639D6752949,go,75.18,1.5035,10.83,14.41,0.0,0.0,0.0,0.0,1,0,0,1,0,0,0
GO-5210109-540054A9A67545F2B0DB30B2ABD433E2,go,58.52,1.463,6.38,10.9,0.0,0.0,0.0,0.0,1,0,0,1,0,0,0
GO-5210109-B5E62EF6CA8942F7BE75A27BD81E91F9,go,96.46,2.4116,0.02,0.02,0.0,0.0,0.0,0.0,1,0,0,1,0,0,0
GO-5219704-D6E6FEE7DAB8486DA74AA2C3E24215B5,go,398.11,7.9622,22.42,5.63,0.0,0.0,0.0,0.0,1,0,0,1,0,0,0
GO-5207808-28964EAF24484F9F9FE320D46BF09AD9,go,89.53,2.9844,0.17,0.19,0.0,0.0,0.0,0.0,1,0,0,1,0,0,0
GO-5210109-A88B2837991743B0B05B91E896E2DB20,go,523.55,13.0887,6.12,1.17,0.0,0.0,0.0,0.0,1,0,0,1,0,0,0
GO-5200308-7F97B051C3D241B3A9211F29163E1447,go,3.04,0.1,0.0,0.0,0.0,0.0,0.0,0.0,2,0,0,1,0,0,0
GO-5203962-2DE9D7905D3147798D90DA732ADBAB1F,go,49.85,0.7121,5.74,11.51,0.0,0.0,0.0,0.0,1,0,0,1,0,0,0
GO-5210109-90745D8FAAE04383BB8C33B2F9E1E758,go,3.96,0.0991,0.0,0.0,0.0,0.0,0.0,0.0,2,0,0,1,0,0,0
GO-5200308-D6DA7C2E79044F66B8C3695DFA0F5DB4,go,7.41,0.2471,0.0,0.0,0.0,0.0,0.0,0.0,2,0,0,1,0,0,0
GO-5200308-324B80CC9FCA439F82353B213DD654C9,go,93.08,3.1027,0.07,0.08,0.0,0.0,0.0,0.0,1,0,0,1,0,0,0
GO-5204003-C1285D1B47B441F7BD22641DF290AB32,go,16.97,0.3771,0.0,0.0,0.0,0.0,0.0,0.0,2,0,0,1,0,0,0
GO-5203962-9740B4621FB940D98F727F3AB1294310,go,20.09,0.287,0.0,0.0,0.0,0.0,0.0,0.0,2,0,0,1,0,0,0
GO-5200159-F45CDF9B30144F3C871E156669503DE5,go,48.79,2.2177,0.09,0.18,0.0,0.0,0.0,0.0,1,0,0,1,0,0,0
GO-5204003-2330DBD831584A83B112B60CCA8CC3EA,go,95.07,2.1127,0.01,0.01,0.0,0.0,0.0,0.0,1,0,0,1,0,0,0
GO-5200175-90F592CABE2244D8BA8D07072C5CAB6D,go,190.44,5.4412,70.43,36.98,0.0,0.0,0.0,0.0,0,0,0,1,0,0,0
GO-5209952-ADE97B38E17248A9825ACB18ED30772E,go,33.86,1.1288,0.0,0.0,0.0,0.0,0.0,0.0,2,0,0,1,0,0,0
GO-5200258-D8DC859E3FE048F3A5C39BE64B8B1EAA,go,147.0,3.6765,0.8,0.54,0.0,0.0,0.0,0.0,1,0,0,1,0,0,0
GO-5209952-5D7A74A06B4F410EA83EA5E4CA0FA5E3,go,19.65,0.6551,0.05,0.25,0.0,0.0,0.0,0.0,1,0,0,1,0,0,0
GO-5219704-0D7F45138DD24C41B16D5776AE3E7540,go,37.56,0.7513,0.24,0.64,0.0,0.0,0.0,0.0,1,0,0,1,0,0,0
GO-5210109-7044C62BE9674D62B3FCAC059655E172,go,62.99,1.5747,4.21,6.68,0.0,0.0,0.0,0.0,1,0,0,1,0,0,0
GO-5210109-EC0CAF5190F4406AAEA68228D0687FFE,go,179.9,4.4975,15.07,8.38,0.0,0.0,0.0,0.0,1,0,0,1,0,0,0
GO-5210109-CC0DF3C0401F469994B921D34A85859A,go,165.91,4.1477,14.72,8.87,0.0,0.0,0.0,0.0,1,0,0,1,0,0,0
GO-5210109-6FEFDC32B6B9475EA1E5FBFF61D75080,go,139.01,3.48,0.86,0.62,0.0,0.0,0.0,0.0,1,0,0,1,0,0,0
GO-5219704-682A37DD88384292925210436E398F7D,go,31.82,0.6364,2.09,6.57,0.0,0.0,0.0,0.0,1,0,0,1,0,0,0
GO-5219704-6FE3EE615E214457B18A28445062F840,go,72.45,1.449,5.08,7.01,0.0,0.0,0.0,0.0,1,0,0,1,0,0,0
GO-5200175-1935CDB2E0A34C208E8BA1557340FC1E,go,670.16,19.1475,4.31,0.64,0.0,0.0,0.0,0.0,1,0,0,1,0,0,0
GO-5200175-16284C6A7DCF4544A00AB363BD5053F0,go,10.52,0.2664,0.27,2.57,0.0,0.0,0.0,0.0,1,0,0,1,0,0,0
GO-5204003-D03F684DED084E2C9129B3171E1180D5,go,1060.8,23.57,4.32,0.41,0.0,0.0,0.0,0.0,1,0,0,1,0,0,0
GO-5210109-412C8C35CAEF4CD3847CCF8D4DC71AAB,go,322.85,8.0714,30.56,9.47,0.0,0.0,0.0,0.0,1,0,0,1,0,0,0
GO-5203962-6B2EE6E888634036AD6037AF3B8578FF,go,9.04,0.1292,1.76,19.46,0.0,0.0,0.0,0.0,1,0,0,1,0,0,0
GO-5210109-BDBC3A4A9BD94A1EAE4290EF22A2861E,go,49.61,1.24,5.01,10.1,0.0,0.0,0.0,0.0,1,0,0,1,0,0,0
GO-5202601-1E4BCC0FB8D94B7FBA42821352ECD433,go,351.13,11.7087,0.0,0.0,0.0,0.0,0.0,0.0,2,0,0,1,0,0,0
GO-5219704-8EEEBBABE0A74E4D95DBFBC3CB200635,go,20.22,0.4044,0.23,1.14,0.0,0.0,0.0,0.0,1,0,0,1,0,0,0
GO-5207808-9D48646C5B4741C8872A2C495775B9FE,go,108.42,3.614,0.26,0.24,0.0,0.0,0.0,0.0,1,0,0,1,0,0,0
GO-5207808-639D9FB2033A4BD192EC26B524155446,go,3.73,0.1242,0.0,0.0,0.0,0.0,0.0,0.0,2,0,0,1,0,0,0
GO-5200175-C6BA51E7EFD143AD84D8D9697E5A7C56,go,341.74,9.762,34.62,10.13,0.0,0.0,0.0,0.0,1,0,0,1,0,0,0
GO-5204003-9FB1ADB36D49490FBA64D051CA7CCF7B,go,136.08,3.024,2.49,1.83,0.0,0.0,0.0,0.0,1,0,0,1,0,0,0
GO-5219712-635822D8A8754C86A3B86ED729FD47AE,go,8.46,0.2819,0.0,0.0,0.0,0.0,0.0,0.0,2,0,0,1,0,0,0
GO-5209952-DA954B881B04454AA0DC0328B1501E5B,go,29.01,0.9671,0.0,0.0,0.0,0.0,0.0,0.0,2,0,0,1,0,0,0
GO-5207808-85F65D3D3B584FB3B5600927AE3377E6,go,4.87,0.1624,0.0,0.0,0.0,0.0,0.0,0.0,2,0,0,1,0,0,0
GO-5209952-527A2F9B31CD409484930CE92AA057A2,go,19.4,0.6467,0.0,0.0,0.0,0.0,0.0,0.0,2,0,0,1,0,0,0
GO-5200209-FD9A4BDC670E4B33A79A9BA55136D9C2,go,111.79,2.4843,0.51,0.46,0.0,0.0,0.0,0.0,1,0,0,1,0,0,0
GO-5204003-3108D63554E046FDA1D2C9BC94824FB6,go,119.13,2.6473,0.01,0.01,0.0,0.0,0.0,0.0,1,0,0,1,0,0,0
GO-5200308-48ACA41409674B089A6DCF5FB282503C,go,17.45,0.58,0.0,0.0,0.0,0.0,0.0,0.0,2,0,0,1,0,0,0
GO-5200175-08CBC31E4175445F817E90A49C8909AD,go,703.35,20.0957,1.89,0.27,0.0,0.0,0.0,0.0,1,0,0,1,0,0,0
GO-5219712-701D4766807E4320AE9DA765899D65B6,go,1113.05,37.1018,0.26,0.02,0.0,0.0,0.0,0.0,1,0,0,1,0,0,0
GO-5207808-24879E43C3F54DDB9E1E820A4334C159,go,5.28,0.1761,0.0,0.0,0.0,0.0,0.0,0.0,2,0,0,1,0,0,0
GO-5210109-07DE279AFE2C431FB1638DCCAD82A6B8,go,745.51,18.8151,706.47,94.76,0.0,0.0,0.0,0.0,0,0,0,1,0,0,0
GO-5219704-109905E32668461DBD0B6BA88EB2F22A,go,48.44,0.9689,0.0,0.0,0.0,0.0,0.0,0.0,2,0,0,1,0,0,0
GO-5200175-2BB323769EFA4C7CA38C4038E09AB6DE,go,647.31,18.49,12.77,1.97,0.0,0.0,0.0,0.0,1,0,0,1,0,0,0
GO-5210109-988BCDE97785444E95F70BA509AEB899,go,39.54,0.99,0.02,0.05,0.0,0.0,0.0,0.0,1,0,0,1,0,0,0
GO-5210109-894C24C553304CF6B30C321BB1489867,go,46.21,1.1553,7.64,16.53,0.0,0.0,0.0,0.0,1,0,0,1,0,0,0
GO-5210109-F1451C7C26B045EFA83DC854E53764E8,go,2991.76,74.794,59.54,1.99,0.0,0.0,0.0,0.0,1,0,0,1,0,0,0
GO-5219704-1ADF9B7E2EAD4334B758F9257D7FD48C,go,80.72,1.6145,0.52,0.64,0.0,0.0,0.0,0.0,1,0,0,1,0,0,0
GO-5210109-3E92617D5A6E4310B32D33A3BB38F193,go,602.0,15.05,0.97,0.16,0.0,0.0,0.0,0.0,1,0,0,1,0,0,0
GO-5207808-BCEA72EC8C2D418D9B652244286FB82E,go,5.22,0.1739,0.0,0.0,0.0,0.0,0.0,0.0,2,0,0,1,0,0,0
GO-5200308-79E06933E14A4DC1AA1A43E8CE4008E6,go,47.55,1.585,0.04,0.08,0.0,0.0,0.0,0.0,1,0,0,1,0,0,0
GO-5210109-3C5454DE643449319FAD62090C148F3A,go,41.72,1.04,5.8,13.9,0.0,0.0,0.0,0.0,1,0,0,1,0,0,0
GO-5207808-AA0AF42460EC41459C6EF986F16B85CA,go,4.84,0.1613,0.0,0.0,0.0,0.0,0.0,0.0,2,0,0,1,0,0,0
GO-5200308-E89178D8D46744C59D3DD9FE18639922,go,14.81,0.49,0.95,6.41,0.0,0.0,0.0,0.0,1,0,0,1,0,0,0
GO-5209952-71DF5DBF8BEE4E2AAE59A1B9F52DA171,go,39.3,1.3099,0.01,0.03,0.0,0.0,0.0,0.0,1,0,0,1,0,0,0
GO-5209952-5887C72D32CD4FC2A986A2C9BD56671C,go,204.66,6.8222,2.43,1.19,0.0,0.0,0.0,0.0,1,0,0,1,0,0,0
GO-5210109-1DA6DF4C0DC44E5FBAE64322E8D897ED,go,26.78,0.6696,0.0,0.0,0.0,0.0,0.0,0.0,2,0,0,1,0,0,0
GO-5210109-60B1864BF916411EBB2281669331C976,go,227.89,5.6973,25.55,11.21,0.0,0.0,0.0,0.0,1,0,0,1,0,0,0
GO-5219704-DF9AF736A01042388D1F9E24702818E6,go,38.45,0.769,17.25,44.86,0.0,0.0,0.0,0.0,0,0,0,1,0,0,0
GO-5219704-D625DC5A468E47C4998CAAADA88522A8,go,13.39,0.2677,0.0,0.0,0.0,0.0,0.0,0.0,2,0,0,1,0,0,0
GO-5200209-3E3B20414BE44874912F8C2EAB1E9587,go,4.12,0.0915,0.0,0.0,0.0,0.0,0.0,0.0,2,0,0,1,0,0,0
GO-5209952-6B1BAA8DC8A242CF80AAC34808E5568A,go,249.19,8.3062,2.06,0.83,0.0,0.0,0.0,0.0,1,0,0,1,0,0,0
GO-5203962-A8218B37731D464993C86C8429A9A06E,go,8.31,0.1187,0.0,0.0,0.0,0.0,0.0,0.0,2,0,0,1,0,0,0
GO-5203962-4F78069FAB354D93945451FCCF03C20D,go,43.43,0.6204,11.08,25.51,0.0,0.0,0.0,0.0,0,0,0,1,0,0,0
GO-5209952-0923FC188FCF4E93A9B0CABC94BD1794,go,374.37,12.479,5.81,1.55,0.0,0.0,0.0,0.0,1,0,0,1,0,0,0
GO-5210109-C83B0E63C7C048C0B5A79DDC54B0292A,go,111.95,2.7988,0.0,0.0,0.0,0.0,0.0,0.0,2,0,0,1,0,0,0
GO-5210109-C3AA39F989D84BC58E05BD6EAC357D3C,go,235.0,5.8751,33.04,14.06,0.0,0.0,0.0,0.0,1,0,0,1,0,0,0
GO-5219704-68584D7CBE6140FE9371F90FD2C1FFF7,go,150.27,3.0054,1.92,1.28,0.0,0.0,0.0,0.0,1,0,0,1,0,0,0
GO-5207808-4D7FB5FF76294E40B0F4241D59541DB1,go,22.5,0.75,0.0,0.0,0.0,0.0,0.0,0.0,2,0,0,1,0,0,0
GO-5210109-C0BCE3F2E0F34FFE82CEDF7ECA93C879,go,95.36,2.384,37.18,38.99,0.0,0.0,0.0,0.0,0,0,0,1,0,0,0
GO-5200308-952E786E98944A6EA23DCCBA94EA6B20,go,9.14,0.3045,0.0,0.0,0.0,0.0,0.0,0.0,2,0,0,1,0,0,0
GO-5210109-2365A98C9B0B492D9AF12F88E874E645,go,139.78,3.4944,9.62,6.88,0.0,0.0,0.0,0.0,1,0,0,1,0,0,0
GO-5207808-DD00D909A37E41C380958695C0401359,go,9.26,0.3087,0.0,0.0,0.0,0.0,0.0,0.0,2,0,0,1,0,0,0
GO-5200209-D6383DB0C49F415CA1AB303EE719169A,go,21.62,0.4804,0.0,0.0,0.0,0.0,0.0,0.0,2,0,0,1,0,0,0
GO-5200308-B24E9B9EC3294912BD7F92CEB905B9BB,go,386.8,12.8918,5.5,1.42,0.0,0.0,0.0,0.0,1,0,0,1,0,0,0
GO-5209952-9F2F45575D894027B3B26919109895E5,go,29.22,1.0224,0.0,0.0,0.0,0.0,0.0,0.0,2,0,0,1,0,0,0
GO-5210109-599BEFE476DF459A9D9953F248EF37B0,go,165.56,4.1389,47.01,28.39,0.0,0.0,0.0,0.0,0,0,0,1,0,0,0
GO-5210109-5C3B7464C85B42CAB28CCA8761102B9D,go,6.63,0.1663,0.0,0.0,0.0,0.0,0.0,0.0,2,0,0,1,0,0,0
GO-5207808-5A6AD017FA90459F95E98C5A96EA21C7,go,284.47,9.4822,0.1,0.04,0.0,0.0,0.0,0.0,1,0,0,1,0,0,0
GO-5200308-6CEBA8B6FC7440DDA79391E226AE317C,go,5.19,0.1731,0.52,10.02,0.0,0.0,0.0,0.0,1,0,0,1,0,0,0
GO-5219704-8B88D5BF152C4471A00D1F65A3BF1B00,go,26.42,0.5284,1.96,7.42,0.0,0.0,0.0,0.0,1,0,0,1,0,0,0
GO-5219712-468746D29E6E4DCB8C3F6568728F249C,go,5.76,0.1921,0.0,0.0,0.0,0.0,0.0,0.0,2,0,0,1,0,0,0
GO-5204003-D4577E7FBB9246DBA773C816943669D5,go,21.49,0.4775,0.89,4.14,0.0,0.0,0.0,0.0,1,0,0,1,0,0,0
GO-5204003-4901DEA076734465A7A11EE393D6DF45,go,40.11,0.8914,0.09,0.22,0.0,0.0,0.0,0.0,1,0,0,1,0,0,0
GO-5219605-52BAE80B7F584F0588DDA8DCE7621C06,go,17.91,0.3581,0.0,0.0,0.0,0.0,0.0,0.0,2,0,0,1,0,0,0
GO-5200308-A287377531EC4642AA38168C64D95EE5,go,28.76,0.96,1.03,3.58,0.0,0.0,0.0,0.0,1,0,0,1,0,0,0
GO-5200258-1A6615E6D9214B9CB0EB1A06B1BF3563,go,1.14,0.03,0.0,0.0,0.0,0.0,0.0,0.0,2,0,0,1,0,0,0
GO-5219605-4DA6AC359EBF43659C0122FA0CB5D1AD,go,21.78,0.4356,16.71,76.72,0.0,0.0,0.0,0.0,0,0,0,1,0,0,0
GO-5207808-1C39B180BC374F1A8450CE1FF23615FA,go,27.11,0.9036,0.0,0.0,0.0,0.0,0.0,0.0,2,0,0,1,0,0,0
GO-5210109-6972958621934932856131C9A96B12C3,go,93.61,2.3402,0.0,0.0,0.0,0.0,0.0,0.0,2,0,0,1,0,0,0
GO-5219704-1C284795EFD14B6E8290298A6AD96257,go,35.15,0.7029,0.0,0.0,0.0,0.0,0.0,0.0,2,0,0,1,0,0,0
GO-5219704-56B9E5DD00D54C47A2D40A0A1F4432B5,go,31.31,0.6262,0.09,0.29,0.0,0.0,0.0,0.0,1,0,0,1,0,0,0
GO-5210109-D0AC4C01B33D42FA9B95AF134ED59CA9,go,24.61,0.6152,0.12,0.49,0.0,0.0,0.0,0.0,1,0,0,1,0,0,0
GO-5219605-9B36D8A979D94269B9E977DBB86820D8,go,69.21,1.3842,9.6,13.87,0.0,0.0,0.0,0.0,1,0,0,1,0,0,0
GO-5200209-90231B0798FD436791DF52790ACE493F,go,53.94,1.1986,0.44,0.82,0.0,0.0,0.0,0.0,1,0,0,1,0,0,0
GO-5219704-40276E26B51E4848BAE09D24D17649E4,go,24.11,0.4823,6.8,28.2,0.0,0.0,0.0,0.0,0,0,0,1,0,0,0
GO-5219605-5F8F384F8B3F49599BFBA504A994E315,go,48.48,0.9697,24.5,50.53,0.0,0.0,0.0,0.0,0,0,0,1,0,0,0
GO-5200159-ADA371DA950545AD8FAE13CE98E08DCC,go,0.61,0.0277,0.0,0.0,0.0,0.0,0.0,0.0,2,0,0,1,0,0,0
GO-5200308-E0579167E930439686D6BABA7B534589,go,17.55,0.5851,0.17,0.97,0.0,0.0,0.0,0.0,1,0,0,1,0,0,0
GO-5200308-9F88FB0A39EB49BF8D2ECDEC0ED90CC0,go,4.57,0.1525,0.0,0.0,0.0,0.0,0.0,0.0,2,0,0,1,0,0,0
GO-5200308-3E957A782D424C948B7F361D485FC1EB,go,4.24,0.1413,0.0,0.0,0.0,0.0,0.0,0.0,2,0,0,1,0,0,0
GO-5200159-9F1272939ECB476E8F1F63A6659918D8,go,19.61,0.8914,0.1,0.51,0.0,0.0,0.0,0.0,1,0,0,1,0,0,0
GO-5200308-F3924CE89CC843B780591C4225F0DF50,go,815.07,27.1566,25.56,3.14,0.0,0.0,0.0,0.0,1,0,0,1,0,0,0
GO-5200308-F1123F0761DF40C78901F8102BF39CC1,go,14.02,0.4674,0.0,0.0,0.0,0.0,0.0,0.0,2,0,0,1,0,0,0
GO-5219704-5D8FCC30777041F685BE04B315EB993F,go,12.66,0.2533,0.14,1.11,0.0,0.0,0.0,0.0,1,0,0,1,0,0,0
GO-5210109-8C52BF063E114FE4964AB64BDE017A3C,go,887.37,22.1841,65.44,7.37,0.0,0.0,0.0,0.0,1,0,0,1,0,0,0
GO-5209952-C3643632B99A4413AE34D584110A0126,go,54.5,2.5645,0.82,1.5,0.0,0.0,0.0,0.0,1,0,0,1,0,0,0
GO-5210109-00154AD7F6E940D09F390613D51CC019,go,284.38,7.1095,0.34,0.12,0.0,0.0,0.0,0.0,1,0,0,1,0,0,0
GO-5219704-5C408B938346420FB8EF191002E4179C,go,22.27,0.4454,0.0,0.0,0.0,0.0,0.0,0.0,2,0,0,1,0,0,0
GO-5207808-017464053DB343D9AF4F5BA14F640DC2,go,19.35,0.6449,0.0,0.0,0.0,0.0,0.0,0.0,2,0,0,1,0,0,0
GO-5200159-F521BE4205D64E76B4A30AE09B5E64B2,go,34.01,1.5457,0.09,0.26,0.0,0.0,0.0,0.0,1,0,0,1,0,0,0
GO-5200175-C6B58119B175484984F884C7FAA4B755,go,118.28,3.3795,12.31,10.41,0.0,0.0,0.0,0.0,1,0,0,1,0,0,0
GO-5210109-3FE409A3ABD2426F93AA3D6B8021352A,go,3.88,0.0971,0.76,19.56,0.0,0.0,0.0,0.0,1,0,0,1,0,0,0
GO-5200308-EBCD05528ED6438C9056F877B1331AB1,go,9.88,0.3292,5.54,56.09,0.0,0.0,0.0,0.0,0,0,0,1,0,0,0
GO-5200159-DE149D549A05443C9B3D674CACA5F250,go,19.37,0.8805,0.0,0.0,0.0,0.0,0.0,0.0,2,0,0,1,0,0,0
GO-5207808-A369E2AA5A614E70AB174C096997A134,go,9.38,0.3127,0.0,0.0,0.0,0.0,0.0,0.0,2,0,0,1,0,0,0
GO-5203962-75DFE3D1EF264E8493BE30C6FB41C8AC,go,22.65,0.3236,0.08,0.35,0.0,0.0,0.0,0.0,1,0,0,1,0,0,0
GO-5219704-7F8B07301FC0413281638CD83F873120,go,1495.61,29.9122,129.72,8.67,0.0,0.0,0.0,0.0,1,0,0,1,0,0,0
GO-5200308-BF8F4FE50EE24580A9867DD565B48BF5,go,18.67,0.6224,0.0,0.0,0.0,0.0,0.0,0.0,2,0,0,1,0,0,0
GO-5210109-9F6658C9BA0447B7B7CF21A6177C92A2,go,99.0,2.475,0.0,0.0,0.0,0.0,0.0,0.0,2,0,0,1,0,0,0
GO-5219704-48C3D1DCA488477898448489CCB22F05,go,6.33,0.1267,0.0,0.0,0.0,0.0,0.0,0.0,2,0,0,1,0,0,0
GO-5200308-557810989C4447BA8569D98F8DA091E6,go,2.46,0.082,0.0,0.0,0.0,0.0,0.0,0.0,2,0,0,1,0,0,0
GO-5204003-3E0912F8F28C4AD387DB39564252F310,go,494.45,10.9788,36.74,7.43,0.0,0.0,0.0,0.0,1,0,0,1,0,0,0
GO-5209952-1875B7B8505C4EDDBA0F047B2FA8529C,go,89.42,2.9808,0.0,0.0,0.0,0.0,0.0,0.0,2,0,0,1,0,0,0
GO-5210109-E690F61A95144609B1C2C92852F229D1,go,357.27,8.9317,2.38,0.67,0.0,0.0,0.0,0.0,1,0,0,1,0,0,0
GO-5209952-EDF19582D3B74A478B9D3C7C6FAF4846,go,15.6,0.662,5.13,32.88,0.0,0.0,0.0,0.0,0,0,0,1,0,0,0
GO-5200308-E317F5AB1B9A45CDB45F8E0A6E30CDFC,go,164.69,5.4897,0.13,0.08,0.0,0.0,0.0,0.0,1,0,0,1,0,0,0
GO-5219605-9FF6987F163C4DDF8EB3384D3FADA283,go,191.6,3.832,7.73,4.03,0.0,0.0,0.0,0.0,1,0,0,1,0,0,0
GO-5200175-DE1E8ACC8E164D10A1894BF21B919841,go,15.67,0.4476,0.09,0.57,0.0,0.0,0.0,0.0,1,0,0,1,0,0,0
GO-5203962-4D26DEB632CF4F6A9A8161B65E86B9DF,go,7.58,0.1083,0.0,0.0,0.0,0.0,0.0,0.0,2,0,0,1,0,0,0
GO-5200308-14D8A2611ED24FA7AD39384CE831D5CF,go,6.0,0.2001,0.0,0.0,0.0,0.0,0.0,0.0,2,0,0,1,0,0,0
GO-5200308-98ACAA343843415B8787692A01F5677E,go,2.1,0.0699,0.0,0.0,0.0,0.0,0.0,0.0,2,0,0,1,0,0,0
GO-5210109-742A79DFEB984945A2C7A5D875862BE4,go,86.13,2.1533,4.66,5.41,0.0,0.0,0.0,0.0,1,0,0,1,0,0,0
GO-5203962-651257F2EECD44D1A7FBFB8A37562EEB,go,8.92,0.1275,0.7,7.84,0.0,0.0,0.0,0.0,1,0,0,1,0,0,0
GO-5200175-B84CA62721BF40508EBD25FFC6B64F9E,go,123.66,3.5332,2.59,2.09,0.0,0.0,0.0,0.0,1,0,0,1,0,0,0
GO-5210109-BF31225061F34ED68C2F25F789FBF842,go,535.94,13.3985,88.3,16.48,0.0,0.0,0.0,0.0,1,0,0,1,0,0,0
GO-5219605-BF17DB74D0A24CE1A8B7FD3EA0EA34E4,go,125.99,2.5198,95.24,75.59,0.0,0.0,0.0,0.0,0,0,0,1,0,0,0
GO-5200258-C11EF915EB764B16A423DD781AD4ACEB,go,4.79,0.1198,0.0,0.0,0.0,0.0,0.0,0.0,2,0,0,1,0,0,0
GO-5200308-C290E7D650384E2D8BE98CBF51AD7B1F,go,187.74,6.2579,0.67,0.36,0.0,0.0,0.0,0.0,1,0,0,1,0,0,0
GO-5207808-CAE3BA286A7C4B109A2BDCDA6632DDC9,go,12.53,0.4176,0.0,0.0,0.0,0.0,0.0,0.0,2,0,0,1,0,0,0
GO-5200258-CED2F593C26A4B5798D7D9C0855E1FB5,go,0.97,0.0242,0.0,0.0,0.0,0.0,0.0,0.0,2,0,0,1,0,0,0
GO-5207808-093FA4660C6D43AA8180A1803E82E0D4,go,27.83,0.9276,0.0,0.0,0.0,0.0,0.0,0.0,2,0,0,1,0,0,0
GO-5200258-8E1CC9806C59410AAD8BBC9E382F49AF,go,12.81,0.3203,0.0,0.0,0.0,0.0,0.0,0.0,2,0,0,1,0,0,0
GO-5200308-1A29180EA03A4B40B6301DD71089A56F,go,3.85,0.1284,0.0,0.0,0.0,0.0,0.0,0.0,2,0,0,1,0,0,0
GO-5210109-6877460386E54D32BDB25798A2694464,go,67.83,1.6958,0.09,0.13,0.0,0.0,0.0,0.0,1,0,0,1,0,0,0
GO-5200175-171B9C7BABC74627972F08EC1CFFDD55,go,353.83,10.1095,50.59,14.3,0.0,0.0,0.0,0.0,1,0,0,1,0,0,0
GO-5200308-31449A1DE04D4C6986B02D45ADA55882,go,14.52,0.4821,0.0,0.0,0.0,0.0,0.0,0.0,2,0,0,1,0,0,0
GO-5204003-4F1661D7E8DA461C834BF3622A6F024F,go,106.39,2.3643,0.0,0.0,0.0,0.0,0.0,0.0,2,0,0,1,0,0,0
GO-5200308-750D6A35C2DE4EC4A7ED0CC4444C4BB4,go,17.59,0.59,0.0,0.0,0.0,0.0,0.0,0.0,2,0,0,1,0,0,0
GO-5200175-F344B3C6222A475A854B8DD4B148411C,go,14.64,0.4182,0.0,0.0,0.0,0.0,0.0,0.0,2,0,0,1,0,0,0
GO-5210109-4D287B362CDC4496B962A0C8AA904346,go,78.25,1.9562,9.14,11.68,0.0,0.0,0.0,0.0,1,0,0,1,0,0,0
GO-5207808-A58A407BDA64482899770E91F8A01F55,go,9.54,0.3181,0.0,0.0,0.0,0.0,0.0,0.0,2,0,0,1,0,0,0
GO-5204003-C44A0C7D00674F19A57A461A7F3ACF6C,go,162.14,3.613,3.27,2.02,0.0,0.0,0.0,0.0,1,0,0,1,0,0,0
GO-5210109-3D81194266574B62B123F3A95E3E1ABD,go,186.63,4.6657,1.82,0.98,0.0,0.0,0.0,0.0,1,0,0,1,0,0,0
GO-5200308-1A650E3C555D4D06AE1605A922CE2AC7,go,492.99,16.4329,0.86,0.17,0.0,0.0,0.0,0.0,1,0,0,1,0,0,0
GO-5210109-425FE6C327C441CCB61997A23E336E20,go,104.35,2.6089,10.2,9.77,0.0,0.0,0.0,0.0,1,0,0,1,0,0,0
GO-5209952-73EE8F6D87A94D0D8FAC31C3D843B80C,go,12.1,0.4035,0.0,0.0,0.0,0.0,0.0,0.0,2,0,0,1,0,0,0
GO-5210109-9DDE79784E41443EB0DE90D450157172,go,313.05,7.8264,23.23,7.42,0.0,0.0,0.0,0.0,1,0,0,1,0,0,0
GO-5204003-36D3EE15E4864ECA92433B02493C5BC4,go,852.78,18.9643,1.38,0.16,0.0,0.0,0.0,0.0,1,0,0,1,0,0,0
GO-5200258-DD286086A40F40F3A1157649D3D613C4,go,2.02,0.0505,0.0,0.0,0.0,0.0,0.0,0.0,2,0,0,1,0,0,0
GO-5219704-870D78857C8642D88B91015A62E26E86,go,29.26,0.5853,0.87,2.97,0.0,0.0,0.0,0.0,1,0,0,1,0,0,0
GO-5203962-707A5EF64927463795F31C8A4CAEBEA2,go,4.33,0.0619,0.13,3.0,0.0,0.0,0.0,0.0,1,0,0,1,0,0,0
GO-5210109-9DFC4CF1022F4B5CB9B58E60E3AB6BBC,go,156.81,3.9202,0.68,0.43,0.0,0.0,0.0,0.0,1,0,0,1,0,0,0
GO-5219704-FCE524C8BFF14B82AE1D593FC4940280,go,19.7,0.394,1.37,6.95,0.0,0.0,0.0,0.0,1,0,0,1,0,0,0
GO-5219704-0795C633FB584E92AC1B5AF952BCC752,go,62.94,1.26,24.24,38.51,0.0,0.0,0.0,0.0,0,0,0,1,0,0,0
GO-5209952-09AA4C5C794C4312AF88501A66F6EDC0,go,13.2,0.4401,0.0,0.0,0.0,0.0,0.0,0.0,2,0,0,1,0,0,0
GO-5210109-0605AD62B9F7480FA497F6273B40C3CF,go,15.99,0.3998,0.1,0.63,0.0,0.0,0.0,0.0,1,0,0,1,0,0,0
GO-5200308-9657A6B91B474455B41C8D4BBB031197,go,52.11,1.7369,0.0,0.0,0.0,0.0,0.0,0.0,2,0,0,1,0,0,0
GO-5200159-4B6BD94D5CEB4A4584D3172FD2571E10,go,122.2,5.5544,0.0,0.0,0.0,0.0,0.0,0.0,2,0,0,1,0,0,0
GO-5207808-B7B4338205CB4B50AC0C99DCD0B6DE8C,go,129.65,4.32,0.0,0.0,0.0,0.0,0.0,0.0,2,0,0,1,0,0,0
GO-5207808-0B25A78E6B4C4B7CB10FD37A4D78041B,go,13.19,0.4396,0.0,0.0,0.0,0.0,0.0,0.0,2,0,0,1,0,0,0
GO-5219712-B007664B4DDE46FC95CDBBBD2151D3D1,go,3.1,0.1032,0.0,0.0,0.0,0.0,0.0,0.0,2,0,0,1,0,0,0
GO-5219704-AA3DD4CB40F04492B322BEDE69E9BD2E,go,161.93,3.2385,0.39,0.24,0.0,0.0,0.0,0.0,1,0,0,1,0,0,0
GO-5219704-DC91ED19DA0D44F1B4F5812C01843A5B,go,36.99,0.74,0.0,0.0,0.0,0.0,0.0,0.0,2,0,0,1,0,0,0
GO-5210109-B4366CFDB2F141A2A3ECBE772629B6D9,go,210.12,5.253,10.11,4.81,0.0,0.0,0.0,0.0,1,0,0,1,0,0,0
GO-5209952-B24E3B211D904351A3A109AC15F6345A,go,14.67,0.489,1.36,9.27,0.0,0.0,0.0,0.0,1,0,0,1,0,0,0
GO-5209952-518ADEE0C23C476A9234AA761FD7345A,go,28.53,0.9511,0.0,0.0,0.0,0.0,0.0,0.0,2,0,0,1,0,0,0
GO-5200308-F2597A1F68944B2F8E7D6B4754720CF7,go,2.03,0.0677,0.0,0.0,0.0,0.0,0.0,0.0,2,0,0,1,0,0,0
GO-5203962-81C38550B1944D9CA9A7AB5B894C4818,go,2.69,0.0384,0.0,0.0,0.0,0.0,0.0,0.0,2,0,0,1,0,0,0
GO-5219704-0EBFE4FC37B74815BFCA2621A4C4FEC2,go,80.95,1.6189,14.11,17.43,0.0,0.0,0.0,0.0,1,0,0,1,0,0,0
GO-5210109-98ED7FB679D34372AF64C2C97358DABD,go,427.39,10.6848,38.45,9.0,0.0,0.0,0.0,0.0,1,0,0,1,0,0,0
GO-5203962-C59D6CEF4F904D80906068C50E7A584C,go,0.34,0.0048,0.0,0.0,0.0,0.0,0.0,0.0,2,0,0,1,0,0,0
GO-5209952-9D9482461C9E401AA5ACD65561C64DD7,go,8.2,0.2733,0.0,0.0,0.0,0.0,0.0,0.0,2,0,0,1,0,0,0
GO-5200175-5BE3846281E0468BB28CFD0370FB9730,go,561.74,16.0497,0.26,0.05,0.0,0.0,0.0,0.0,1,0,0,1,0,0,0
GO-5219704-F201F7BB914D4530975DBBB3A32F2405,go,20.79,0.4159,0.19,0.91,0.0,0.0,0.0,0.0,1,0,0,1,0,0,0
GO-5200159-CC4CA1F7665E4AF5AF3316E81D6E56F2,go,7.59,0.3451,0.0,0.0,0.0,0.0,0.0,0.0,2,0,0,1,0,0,0
GO-5219605-B76C4BC442AE463AB38528C7CB2ABAC8,go,141.74,2.8349,0.96,0.68,0.0,0.0,0.0,0.0,1,0,0,1,0,0,0
GO-5200308-F89A6C0443BF42CD8D4E1DDAABC0DEB0,go,4.93,0.1643,2.05,41.59,0.0,0.0,0.0,0.0,0,0,0,1,0,0,0
GO-5209952-A3CA3A87E8FA43B68F3BF6F4B38E379F,go,231.19,7.7062,0.09,0.04,0.0,0.0,0.0,0.0,1,0,0,1,0,0,0
GO-5209952-4200B02E1C4A47258E622C2641636200,go,59.54,2.0057,0.0,0.0,0.0,0.0,0.0,0.0,2,0,0,1,0,0,0
GO-5209952-C5BFA340ECE24D53851A617B31F4CE55,go,49.25,1.6415,0.12,0.24,0.0,0.0,0.0,0.0,1,0,0,1,0,0,0
GO-5200175-E1B16467D7FB4BD1AEC5A19A9B100C7C,go,4424.74,125.0892,126.16,2.85,0.0,0.0,0.0,0.0,1,0,0,1,0,0,0
GO-5207808-D36E26FC02BD40C8B81F07469F930BC4,go,146.85,4.895,0.56,0.38,0.0,0.0,0.0,0.0,1,0,0,1,0,0,0
GO-5200308-CE3E27651C7D4BB69749ECE5BB158369,go,398.49,13.2831,5.97,1.5,0.0,0.0,0.0,0.0,1,0,0,1,0,0,0
GO-5207808-DA391EB97CBE4448AEA4D78605D8739F,go,124.86,4.1622,0.0,0.0,0.0,0.0,0.0,0.0,2,0,0,1,0,0,0
GO-5200258-679C41673A41466E822FBD86FAA8A92B,go,134.97,3.3741,0.09,0.07,0.0,0.0,0.0,0.0,1,0,0,1,0,0,0
GO-5209952-AD3515C545684776B0D110087BD4CA82,go,506.37,16.879,0.34,0.07,0.0,0.0,0.0,0.0,1,0,0,1,0,0,0
GO-5210109-9EF2066D4E02414E8C21CFC4A80998D6,go,117.59,2.9398,30.58,26.01,0.0,0.0,0.0,0.0,0,0,0,1,0,0,0
GO-5203962-E71C3198E82B4614B60095ADD008FF3B,go,19.19,0.2742,0.4,2.08,0.0,0.0,0.0,0.0,1,0,0,1,0,0,0
GO-5210109-8451D895D61F4134AC5159CC0B6F346A,go,190.67,4.7667,0.09,0.05,0.0,0.0,0.0,0.0,1,0,0,1,0,0,0
GO-5200308-D46781B404BE4B4E873ED90A0D8E747B,go,539.69,17.9898,3.87,0.72,0.0,0.0,0.0,0.0,1,0,0,1,0,0,0
GO-5219605-CF4B89E8E62643BABC5066DF61B0FB2E,go,103.21,2.0642,6.62,6.41,0.0,0.0,0.0,0.0,1,0,0,1,0,0,0
GO-5210109-61DCD04BCC10486681D0E8F7E2C086F4,go,40.78,1.0194,18.72,45.91,0.0,0.0,0.0,0.0,0,0,0,1,0,0,0
GO-5200159-6BA9B0E490B5416E9F66C898FBFB817A,go,2.78,0.1262,0.0,0.0,0.0,0.0,0.0,0.0,2,0,0,1,0,0,0
GO-5219712-BBE89B31AC76493BB8A767FDDE024221,go,9.68,0.3227,0.0,0.0,0.0,0.0,0.0,0.0,2,0,0,1,0,0,0
GO-5219712-C12DCDBEEA184349875A86C44CB66365,go,38.69,1.2897,0.0,0.0,0.0,0.0,0.0,0.0,2,0,0,1,0,0,0
GO-5200308-E9A8C8DF66974DD9B5AF673B589AAA17,go,2.03,0.0676,0.0,0.0,0.0,0.0,0.0,0.0,2,0,0,1,0,0,0
GO-5200209-50CA64DC8893436C807C8BE70EA6116E,go,4.88,0.1085,0.09,1.84,0.0,0.0,0.0,0.0,1,0,0,1,0,0,0
GO-5209952-C0F926656E274EFDA463653845F1D5DC,go,10.66,0.3553,0.0,0.0,0.0,0.0,0.0,0.0,2,0,0,1,0,0,0
GO-5200209-D5900B7AB8A146D2B8EF2044E0082CD2,go,26.41,0.5868,2.13,8.07,0.0,0.0,0.0,0.0,1,0,0,1,0,0,0
GO-5204003-CFEFFF505584455D9E089D3FF16FF1A2,go,20.13,0.4473,0.0,0.0,0.0,0.0,0.0,0.0,2,0,0,1,0,0,0
GO-5210109-F8528C277872413199C0011A55AC13EA,go,14.52,0.3629,0.0,0.0,0.0,0.0,0.0,0.0,2,0,0,1,0,0,0
GO-5204003-B8D91B639747411080D4EFC2599D64A5,go,15.15,0.3368,0.83,5.48,0.0,0.0,0.0,0.0,1,0,0,1,0,0,0
GO-5210109-89E4BB2E4663473DAB2A8CB7300D2265,go,125.4,3.135,0.0,0.0,0.0,0.0,0.0,0.0,2,0,0,1,0,0,0
GO-5200308-C249504580AD4015AF0DCBD05B811768,go,12.26,0.4087,0.26,2.12,0.0,0.0,0.0,0.0,1,0,0,1,0,0,0
GO-5200175-A7A34C94067E4B57810ACFDC75D36084,go,31.52,0.9005,0.0,0.0,0.0,0.0,0.0,0.0,2,0,0,1,0,0,0
GO-5219704-343E35396CC046B8BB3CBCB0319FCA87,go,59.74,1.1949,0.17,0.28,0.0,0.0,0.0,0.0,1,0,0,1,0,0,0
GO-5210109-BAF6F068296F4C5D9EEE380AF5647C63,go,58.31,1.4578,19.4,33.27,0.0,0.0,0.0,0.0,0,0,0,1,0,0,0
GO-5200308-180C74B61BFA4F1DA446262AE528E9BA,go,2.01,0.0669,0.0,0.0,0.0,0.0,0.0,0.0,2,0,0,1,0,0,0
GO-5203962-4AF96F9112134142B7617B62E38AA9EA,go,1.51,0.0216,0.0,0.0,0.0,0.0,0.0,0.0,2,0,0,1,0,0,0
GO-5200308-64BDCEA0CD8F41C5B90C78B8748A1CFE,go,3.93,0.1311,0.0,0.0,0.0,0.0,0.0,0.0,2,0,0,1,0,0,0
GO-5219712-01918BB2684B471FA3BD7589DF68C9DE,go,15.94,0.5315,0.0,0.0,0.0,0.0,0.0,0.0,2,0,0,1,0,0,0
GO-5207808-A8C1482E88624D439820472E1715585D,go,13.62,0.454,0.0,0.0,0.0,0.0,0.0,0.0,2,0,0,1,0,0,0
GO-5209952-EB41403D5A8E434A9C386D003415F7A7,go,149.96,4.9987,0.26,0.17,0.0,0.0,0.0,0.0,1,0,0,1,0,0,0
GO-5200308-1C81EF834AFF4125B8C7216F6A688EF4,go,2.54,0.0846,1.34,52.79,0.0,0.0,0.0,0.0,0,0,0,1,0,0,0
GO-5200308-EBF06F7758A3413B82161BA83ED8552C,go,3.39,0.113,0.0,0.0,0.0,0.0,0.0,0.0,2,0,0,1,0,0,0
GO-5207808-F94315AF5EC2443AA3A6709A30C33F80,go,3.79,0.1264,0.0,0.0,0.0,0.0,0.0,0.0,2,0,0,1,0,0,0
GO-5207808-5EE68302E9CD4F2AB8374502B7C11C29,go,48.36,1.6119,0.0,0.0,0.0,0.0,0.0,0.0,2,0,0,1,0,0,0
GO-5200175-10FA3872907B4AD5A25DBDEB21EE1BEB,go,14.42,0.4121,0.0,0.0,0.0,0.0,0.0,0.0,2,0,0,1,0,0,0
GO-5203962-08D93AC2EB4D462FA2676EE12C662CD9,go,48.51,0.693,0.0,0.0,0.0,0.0,0.0,0.0,2,0,0,1,0,0,0
GO-5200258-F0E9025DAC4A4605B39C86F869558435,go,2.0,0.05,0.39,19.5,0.0,0.0,0.0,0.0,1,0,0,1,0,0,0
GO-5209952-26F79AE8382445A29F18A4B08C00C41D,go,28.21,0.9402,0.11,0.39,0.0,0.0,0.0,0.0,1,0,0,1,0,0,0
GO-5210109-9A4726C977DB4FD1B8F9FD189B8BCEE4,go,82.12,2.053,16.76,20.41,0.0,0.0,0.0,0.0,0,0,0,1,0,0,0
GO-5209952-F4F2BCAE0CAF4F8484EA9CACDC989A4B,go,14.6,0.49,0.0,0.0,0.0,0.0,0.0,0.0,2,0,0,1,0,0,0
GO-5210109-180D7B1D6DA040C695F4186D71E63AF7,go,476.74,11.9186,36.66,7.69,0.0,0.0,0.0,0.0,1,0,0,1,0,0,0
GO-5200209-FDFBCCFDA1064F678669884E187A3E7C,go,79.62,1.7693,0.09,0.11,0.0,0.0,0.0,0.0,1,0,0,1,0,0,0
GO-5210109-BD3C74A169B14506A3120FE20D964895,go,284.9,7.1225,34.55,12.13,0.0,0.0,0.0,0.0,1,0,0,1,0,0,0
GO-5207808-054F376FAB8A40C1BF2A679ACD4F9B46,go,6.39,0.21,0.02,0.31,0.0,0.0,0.0,0.0,1,0,0,1,0,0,0
GO-5219704-2557A124617440F18936BC80106B2297,go,114.44,2.2888,2.88,2.52,0.0,0.0,0.0,0.0,1,0,0,1,0,0,0
GO-5219704-5C6A0C76E7FE4C3D89458EDEBF5E76AF,go,14.34,0.2868,0.26,1.81,0.0,0.0,0.0,0.0,1,0,0,1,0,0,0
GO-5219704-1A0CCFB3C9AC4C428BF114FEAE413334,go,193.61,3.8721,1.87,0.97,0.0,0.0,0.0,0.0,1,0,0,1,0,0,0
GO-5203962-400B4279B78A481F93B95B67850BFA3E,go,46.78,0.6682,1.63,3.48,0.0,0.0,0.0,0.0,1,0,0,1,0,0,0
GO-5204003-01A562844E3D4BABB4927EDC177B4754,go,12.19,0.2708,0.0,0.0,0.0,0.0,0.0,0.0,2,0,0,1,0,0,0
GO-5207808-723DC4DC9489402AAD4E58E7DC791EFF,go,124.3,4.2247,0.0,0.0,0.0,0.0,0.0,0.0,2,0,0,1,0,0,0
GO-5210109-ADC549CDF4284D67A85A0B889F479C97,go,122.89,3.0721,20.13,16.38,0.0,0.0,0.0,0.0,1,0,0,1,0,0,0
GO-5210109-F251289BF7744A11937C7CA9286F5A6F,go,129.26,3.2314,11.37,8.8,0.0,0.0,0.0,0.0,1,0,0,1,0,0,0
GO-5203962-D8E07840454D4FAEB1A9628D8D11619E,go,75.79,1.08,13.44,17.73,0.0,0.0,0.0,0.0,1,0,0,1,0,0,0
GO-5219704-4E55D2C0F6664079AA84A62E8B9006E7,go,56.21,1.1242,0.38,0.68,0.0,0.0,0.0,0.0,1,0,0,1,0,0,0
GO-5207808-E6DE775BE765452182E462D7E46F2E0C,go,27.21,0.9072,0.0,0.0,0.0,0.0,0.0,0.0,2,0,0,1,0,0,0
GO-5200159-91459ADAC21C405A96DB68D68CBAC893,go,6.96,0.3163,0.09,1.29,0.0,0.0,0.0,0.0,1,0,0,1,0,0,0
GO-5200308-E02D1309B9114E149AA921714B671575,go,51.86,1.7287,0.0,0.0,0.0,0.0,0.0,0.0,2,0,0,1,0,0,0
GO-5210109-6BCDA99B51294AC1A3894991C030914F,go,68.71,1.7178,3.17,4.61,0.0,0.0,0.0,0.0,1,0,0,1,0,0,0
GO-5210109-F8599B5F31474CB885D780CD09834810,go,14.51,0.36,0.01,0.07,0.0,0.0,0.0,0.0,1,0,0,1,0,0,0
GO-5203962-D9FD74B0D7D34FE091F5C5482FEC7BB0,go,10.25,0.1465,1.35,13.17,0.0,0.0,0.0,0.0,1,0,0,1,0,0,0
GO-5210109-FE4E350A3E454CB6BE83568A1824085E,go,29.43,0.74,2.23,7.58,0.0,0.0,0.0,0.0,1,0,0,1,0,0,0
GO-5200175-31F79CBD99DB4744A88F749EE03240EF,go,31.45,0.8985,1.21,3.85,0.0,0.0,0.0,0.0,1,0,0,1,0,0,0
GO-5219704-FB4F575AADF1486FBA03619004E851B3,go,1047.26,0.9969,151.9,14.5,0.0,0.0,0.0,0.0,1,0,0,1,0,0,0
GO-5204003-C0D0EBB0C19D427CB8381CC6BE80D702,go,22.05,0.49,0.5,2.27,0.0,0.0,0.0,0.0,1,0,0,1,0,0,0
GO-5200308-0C205CB8CBDD4396AAAF432C07E9CC21,go,1.72,0.0572,0.26,15.15,0.0,0.0,0.0,0.0,1,0,0,1,0,0,0
GO-5219605-BBED7EB695DD4BACA41DAC677866E39B,go,34.11,0.6823,5.43,15.92,0.0,0.0,0.0,0.0,1,0,0,1,0,0,0
GO-5200159-A6212396C5934643B34DE02E637E56BE,go,2.74,0.1245,0.0,0.0,0.0,0.0,0.0,0.0,2,0,0,1,0,0,0
GO-5210109-BA46013E49484C1EAE622FF7D5087B84,go,62.81,1.5703,4.29,6.83,0.0,0.0,0.0,0.0,1,0,0,1,0,0,0
GO-5219712-5EC631541B8F448DBE572A6B10DF6D8D,go,240.97,8.0323,2.1,0.87,0.0,0.0,0.0,0.0,1,0,0,1,0,0,0
GO-5210109-3FE04B520F834A06BE2C0D25D15908F5,go,115.1,2.8775,22.2,19.29,0.0,0.0,0.0,0.0,1,0,0,1,0,0,0
GO-5210109-EE09CAA8551F4E52A52BD302A4363738,go,133.01,3.3253,1.72,1.29,0.0,0.0,0.0,0.0,1,0,0,1,0,0,0
GO-5210109-FB913394573D4C079974D1BD379B7284,go,11.8,0.2951,0.59,5.0,0.0,0.0,0.0,0.0,1,0,0,1,0,0,0
GO-5200308-A2D35A42F65A4F6E935737F95E7AB6B0,go,40.86,1.2077,14.69,35.95,0.0,0.0,0.0,0.0,0,0,0,1,0,0,0
GO-5200159-0265CD6939794BCBB2987F439CABC78E,go,12.1,0.55,0.08,0.66,0.0,0.0,0.0,0.0,1,0,0,1,0,0,0
GO-5200308-D355D84FDFA348BEB0378CEE49F93DDF,go,23.47,0.7823,8.43,35.92,0.0,0.0,0.0,0.0,0,0,0,1,0,0,0
GO-5200308-2BFDD2FF848A4AB2B18760C39417D747,go,68.95,2.2982,0.86,1.25,0.0,0.0,0.0,0.0,1,0,0,1,0,0,0
GO-5200159-81FCD9CA82214EBA96CD43029B51DF66,go,9.35,0.4251,0.0,0.0,0.0,0.0,0.0,0.0,2,0,0,1,0,0,0
GO-5219605-BB64F2DB942349AFB73EBA2ED7F41E6B,go,110.12,2.2023,7.46,6.77,0.0,0.0,0.0,0.0,1,0,0,1,0,0,0
GO-5200308-F1B0C913C7C146CE984C514FA8FC78B5,go,4.86,0.16,0.14,2.88,0.0,0.0,0.0,0.0,1,0,0,1,0,0,0
GO-5200308-8F5DDB14F57F4FBD979CB0F17BDB5E26,go,94.34,3.0866,0.34,0.36,0.0,0.0,0.0,0.0,1,0,0,1,0,0,0
GO-5209952-16FD7A165E9344649CF3A9AF5CD3DCB8,go,10.97,0.3655,0.0,0.0,0.0,0.0,0.0,0.0,2,0,0,1,0,0,0
GO-5204003-FE513F4E0B1D42FD8E8E31A0808EB118,go,753.35,16.7411,0.0,0.0,0.0,0.0,0.0,0.0,2,0,0,1,0,0,0
GO-5200308-E7B232FD4831418E9A56344576FD5318,go,2.01,0.0669,0.0,0.0,0.0,0.0,0.0,0.0,2,0,0,1,0,0,0
GO-5200175-FE5782B3E994434F964F018520CDD032,go,9.68,0.28,0.86,8.88,0.0,0.0,0.0,0.0,1,0,0,1,0,0,0
GO-5209952-17FD588A7F9C43CE878EFBF7936E6849,go,41.24,1.3748,0.0,0.0,0.0,0.0,0.0,0.0,2,0,0,1,0,0,0
GO-5200308-02FF38CBCBEE455B9A27A9D2363DC4F1,go,2.05,0.07,0.05,2.44,0.0,0.0,0.0,0.0,1,0,0,1,0,0,0
GO-5219704-F4E56116FD82402F824489498B255BB9,go,35.5,0.7101,0.99,2.79,0.0,0.0,0.0,0.0,1,0,0,1,0,0,0
GO-5219704-EF60D9AFE63F46CE86F48B2A2C267DFC,go,6.21,0.1242,1.3,20.93,0.0,0.0,0.0,0.0,0,0,0,1,0,0,0
GO-5200159-C40312A95DA543C28045E0DE85C10F56,go,16.79,0.7589,0.0,0.0,0.0,0.0,0.0,0.0,2,0,0,1,0,0,0
GO-5207808-E3CC357A15AE491E8855BF1C328D23DD,go,38.46,1.2819,0.17,0.44,0.0,0.0,0.0,0.0,1,0,0,1,0,0,0
GO-5207808-858C38E0D5804B0FB1958D9BC26E808B,go,27.12,0.9041,0.0,0.0,0.0,0.0,0.0,0.0,2,0,0,1,0,0,0
GO-5200175-2CA34439CDEB4CB3A187B07F42027A52,go,24.39,0.6968,1.56,6.4,0.0,0.0,0.0,0.0,1,0,0,1,0,0,0
GO-5219712-0FCBA3A4CE31402BB7C25528E8D9EFB2,go,5.52,0.1841,0.0,0.0,0.0,0.0,0.0,0.0,2,0,0,1,0,0,0
GO-5200209-0986B012BD4341F88191BF04F4D09818,go,55.3,1.2288,0.0,0.0,0.0,0.0,0.0,0.0,2,0,0,1,0,0,0
GO-5203962-5AA55A146C3842AC814A07772757EE77,go,14.77,0.211,5.76,39.0,0.0,0.0,0.0,0.0,0,0,0,1,0,0,0
GO-5219605-A0118C1EFAE0410A8A4CE4A8DFAD4401,go,11.25,0.225,1.49,13.24,0.0,0.0,0.0,0.0,1,0,0,1,0,0,0
GO-5200308-72BFED4EDC4C45D69FFEC330CFFCC2B7,go,78.82,2.6272,1.03,1.31,0.0,0.0,0.0,0.0,1,0,0,1,0,0,0
GO-5210109-A623A648B3A7431DA7AF3A107B3AD95F,go,85.35,2.13,68.71,80.51,0.0,0.0,0.0,0.0,0,0,0,1,0,0,0
GO-5210109-9C0D0574292745AA9EA26C44157515F8,go,2.01,0.0503,0.0,0.0,0.0,0.0,0.0,0.0,2,0,0,1,0,0,0
GO-5209952-AC7A81EEF4D04B90B3E430FC55BABC3B,go,7.51,0.2504,0.17,2.26,0.0,0.0,0.0,0.0,1,0,0,1,0,0,0
GO-5203962-010ABF3690E0435F96783F2EC25B6241,go,11.92,0.1702,2.84,23.83,0.0,0.0,0.0,0.0,0,0,0,1,0,0,0
GO-5219704-5F5A8D4819B34F73BDF3015E8C291531,go,206.77,4.14,7.62,3.69,0.0,0.0,0.0,0.0,1,0,0,1,0,0,0
GO-5219712-4DD59EA2263A425AAADF1A8DACDA27DD,go,46.0,1.5332,0.0,0.0,0.0,0.0,0.0,0.0,2,0,0,1,0,0,0
GO-5210109-081C52E5516B4281A96EBE018D0A607C,go,99.02,2.4756,20.67,20.87,0.0,0.0,0.0,0.0,0,0,0,1,0,0,0
GO-5200308-95F28572E3634016B87D43B379375EF7,go,7.34,0.2447,0.26,3.54,0.0,0.0,0.0,0.0,1,0,0,1,0,0,0
GO-5207808-53AE6E90A5BD47E198BD8AF7E62B641C,go,5.24,0.1746,0.0,0.0,0.0,0.0,0.0,0.0,2,0,0,1,0,0,0
GO-5219704-4BF4C0C9A265473CBD2A11BA04A43096,go,249.78,4.9957,1.86,0.74,0.0,0.0,0.0,0.0,1,0,0,1,0,0,0
GO-5200175-0DA8A6AB022D4EBB87C90F9FA6CE1D70,go,4.04,0.1155,0.0,0.0,0.0,0.0,0.0,0.0,2,0,0,1,0,0,0
GO-5200308-961F3DADDD1D40DE8B6DF4E2A286E14B,go,56.15,1.8717,39.96,71.17,0.0,0.0,0.0,0.0,0,0,0,1,0,0,0
GO-5200258-0A95F69E95CB4CA38F4B1C8AA0F7A1D1,go,0.9,0.0225,0.0,0.0,0.0,0.0,0.0,0.0,2,0,0,1,0,0,0
GO-5219704-F24FA095390242C39A499FECC075E6CA,go,69.91,1.3981,7.76,11.1,0.0,0.0,0.0,0.0,1,0,0,1,0,0,0
GO-5200258-97AB70D89564449F907D82DCB5DDD1FC,go,13.37,0.3343,0.0,0.0,0.0,0.0,0.0,0.0,2,0,0,1,0,0,0
GO-5200308-A3B60BD82D294755A07E5D6897B435B2,go,11.95,0.3982,0.0,0.0,0.0,0.0,0.0,0.0,2,0,0,1,0,0,0
GO-5219704-9617F228969548CA80B94172DAC7EDC9,go,29.17,0.5833,2.43,8.33,0.0,0.0,0.0,0.0,1,0,0,1,0,0,0
GO-5210109-B6442691CB614E3D8FCA11FCCA138CDE,go,38.71,0.9677,0.0,0.0,0.0,0.0,0.0,0.0,2,0,0,1,0,0,0
GO-5200175-081096EDDB874B94BE9B5FE56E929EF9,go,5.71,0.16,0.58,10.16,0.0,0.0,0.0,0.0,1,0,0,1,0,0,0
GO-5207808-A2C53E6CDF7043B79FFA79FABBE018B9,go,38.65,1.2883,0.0,0.0,0.0,0.0,0.0,0.0,2,0,0,1,0,0,0
GO-5207808-54BF8C7ACC27448BB8E229C6C7641FD6,go,38.72,1.2978,0.0,0.0,0.0,0.0,0.0,0.0,2,0,0,1,0,0,0
GO-5210109-8A018390748C4E6CA70497E35076DC2B,go,1651.6,41.29,72.86,4.41,0.0,0.0,0.0,0.0,1,0,0,1,0,0,0
GO-5200308-28B6795A00B644E0806A6865BBA3BD03,go,2.84,0.0948,0.0,0.0,0.0,0.0,0.0,0.0,2,0,0,1,0,0,0
GO-5200175-754A3970BD6D4182867E226EB409AAD9,go,23.0,0.6572,0.34,1.48,0.0,0.0,0.0,0.0,1,0,0,1,0,0,0
GO-5207808-2E6558934DAA4ECCB063B0D6AA35764E,go,152.93,5.0976,0.35,0.23,0.0,0.0,0.0,0.0,1,0,0,1,0,0,0
GO-5207808-4E6B353ABE084DC3AC81A14248B652AB,go,7.34,0.2446,0.0,0.0,0.0,0.0,0.0,0.0,2,0,0,1,0,0,0
GO-5210109-7F851E165C96477E8029ABA434C5260F,go,56.39,1.4097,8.35,14.81,0.0,0.0,0.0,0.0,1,0,0,1,0,0,0
GO-5200209-597E9311584F49658FEFDA8C465A5A30,go,667.41,14.8314,0.3,0.04,0.0,0.0,0.0,0.0,1,0,0,1,0,0,0
GO-5209952-B9B74C49DF594865B02852556A0ECD1D,go,12.06,0.4019,0.0,0.0,0.0,0.0,0.0,0.0,2,0,0,1,0,0,0
GO-5200308-9622CCF7408E4E7B80E3164905ED2683,go,8.92,0.2973,0.01,0.11,0.0,0.0,0.0,0.0,1,0,0,1,0,0,0
GO-5207808-5988FDCD2EB54FF196EABE462AB3B528,go,8.13,0.2712,0.0,0.0,0.0,0.0,0.0,0.0,2,0,0,1,0,0,0
GO-5200175-5655D698CE404D72A68788EF04AD96E1,go,130.03,3.7152,15.38,11.83,0.0,0.0,0.0,0.0,1,0,0,1,0,0,0
GO-5204003-2CC1D8A654D2471893D7935A4A9F877B,go,28.58,0.6352,0.0,0.0,0.0,0.0,0.0,0.0,2,0,0,1,0,0,0
GO-5210109-377A1334987944EE8E1F65E4D5BD31BD,go,42.63,1.0657,0.01,0.02,0.0,0.0,0.0,0.0,1,0,0,1,0,0,0
GO-5207808-47033A7C4CBF4828A097B08840100EFA,go,5.67,0.1891,0.0,0.0,0.0,0.0,0.0,0.0,2,0,0,1,0,0,0
GO-5207808-49FB2B5984444E449D96B122A9A9D28C,go,137.78,4.5925,1.71,1.24,0.0,0.0,0.0,0.0,1,0,0,1,0,0,0
GO-5219605-722170BCD5144B3CAC9A539360CF3E14,go,24.13,0.4825,18.71,77.55,0.0,0.0,0.0,0.0,0,0,0,1,0,0,0
GO-5210109-9257048606F54F5C8358D1E10DE03387,go,77.29,1.9323,0.94,1.22,0.0,0.0,0.0,0.0,1,0,0,1,0,0,0
GO-5219704-635E8851BA82495EA8A059FB9D7E37F7,go,57.28,1.1455,5.33,9.31,0.0,0.0,0.0,0.0,1,0,0,1,0,0,0
GO-5207808-0D3D9AB8063645E8A847C732CA185659,go,7.4,0.2468,0.0,0.0,0.0,0.0,0.0,0.0,2,0,0,1,0,0,0
GO-5219704-876CD38296B546EDAB3CE79572FE0CFE,go,19.35,0.387,0.78,4.03,0.0,0.0,0.0,0.0,1,0,0,1,0,0,0
GO-5200308-4F3A881C1786460484CCF4EDFD97D18D,go,2.06,0.0685,0.0,0.0,0.0,0.0,0.0,0.0,2,0,0,1,0,0,0
GO-5209952-C2E1DC81477141ED9927896D6BDE66F6,go,463.46,15.4488,2.57,0.55,0.0,0.0,0.0,0.0,1,0,0,1,0,0,0
GO-5200175-91F604F5C2514A60A92D8ECF0098B236,go,22.47,0.6421,0.0,0.0,0.0,0.0,0.0,0.0,2,0,0,1,0,0,0
GO-5210109-5560D4098C9A4881B5FA398A79114C3A,go,99.5,2.4874,42.97,43.19,0.0,0.0,0.0,0.0,0,0,0,1,0,0,0
GO-5207808-FFCBCBBF95C34601BE6C33236F51CDAC,go,125.55,4.1849,0.0,0.0,0.0,0.0,0.0,0.0,2,0,0,1,0,0,0
GO-5219605-F260BA2B66F444DE9B2B61492C900226,go,27.64,0.5528,4.27,15.45,0.0,0.0,0.0,0.0,1,0,0,1,0,0,0
GO-5200308-712F674152F740F4B47875B6C5A99891,go,12.46,0.4153,0.09,0.72,0.0,0.0,0.0,0.0,1,0,0,1,0,0,0
GO-5210109-DA994E312010431490CCF3416AD2B32B,go,86.5,2.1625,0.09,0.1,0.0,0.0,0.0,0.0,1,0,0,1,0,0,0
GO-5210109-3BEFEB6091054473A4B5110057737676,go,19.36,0.4841,7.55,38.99,0.0,0.0,0.0,0.0,0,0,0,1,0,0,0
GO-5200308-71FB868D9F3C4B51850C6C5513A51FB0,go,30.22,1.0075,0.09,0.3,0.0,0.0,0.0,0.0,1,0,0,1,0,0,0
GO-5219704-C92C459D3F83441E8F2BF96971EC92BF,go,5.57,0.1114,0.13,2.33,0.0,0.0,0.0,0.0,1,0,0,1,0,0,0
GO-5210109-BE0BBE18BC734D36839D1D846E71D3DD,go,97.44,2.4359,0.0,0.0,0.0,0.0,0.0,0.0,2,0,0,1,0,0,0
GO-5207808-47FEFA7C81374A7FB7AE5114E242D9D0,go,8.11,0.2704,0.0,0.0,0.0,0.0,0.0,0.0,2,0,0,1,0,0,0
GO-5200175-E53D6B5A5E2447DFA2CE0973FAC312BD,go,330.93,9.4552,95.04,28.72,0.0,0.0,0.0,0.0,0,0,0,1,0,0,0
GO-5219704-0A00A8E8FDE94161B014A1F3AD51FD69,go,8.5,0.17,1.61,18.94,0.0,0.0,0.0,0.0,1,0,0,1,0,0,0
GO-5200209-1D98838D4D0E4E7F8E250CE1E0FD0A10,go,770.4,17.12,98.54,12.79,0.0,0.0,0.0,0.0,1,0,0,1,0,0,0
GO-5219704-CB59EBB551554F3FBC3271F7C87B144B,go,285.67,5.71,22.41,7.84,0.0,0.0,0.0,0.0,1,0,0,1,0,0,0
GO-5219704-40A5346D84324E398B238B88FF6601C4,go,72.9,1.458,11.71,16.06,0.0,0.0,0.0,0.0,1,0,0,1,0,0,0
GO-5219704-6700F16DED5645EE941EBBF64D2F2193,go,10.37,0.2075,0.1,0.96,0.0,0.0,0.0,0.0,1,0,0,1,0,0,0
GO-5200308-A76BC1EE7012428EA5F0F4EAA2BB081A,go,24.43,0.8145,0.0,0.0,0.0,0.0,0.0,0.0,2,0,0,1,0,0,0
GO-5200175-E2930B40652B48ABA7F01808AB91AEB2,go,54.86,1.5674,0.92,1.68,0.0,0.0,0.0,0.0,1,0,0,1,0,0,0
GO-5210109-61A09A67F12842819138D2054351B6D2,go,91.24,2.2811,0.86,0.94,0.0,0.0,0.0,0.0,1,0,0,1,0,0,0
GO-5219712-15CE968093DB4345A0849E5CB3A66DDF,go,193.6,6.4533,0.09,0.05,0.0,0.0,0.0,0.0,1,0,0,1,0,0,0
GO-5209952-581A47BB6E5B4BC8B20526BE94461F56,go,33.08,1.1662,0.6,1.81,0.0,0.0,0.0,0.0,1,0,0,1,0,0,0
GO-5210109-EB81EBDF48A54D8C82ED40249A206454,go,2301.52,57.5379,1735.9,75.42,0.0,0.0,0.0,0.0,0,0,0,1,0,0,0
GO-5210109-07C1654D72EA460EBCA3A85D5D4340DA,go,31.27,0.7816,2.74,8.76,0.0,0.0,0.0,0.0,1,0,0,1,0,0,0
GO-5200308-8551698757014915A57599FE5FA28E58,go,10.41,0.347,0.0,0.0,0.0,0.0,0.0,0.0,2,0,0,1,0,0,0
GO-5210109-D6D2233F58FE46B2AF8206EDD5073ECC,go,19.38,0.4846,1.39,7.17,0.0,0.0,0.0,0.0,1,0,0,1,0,0,0
GO-5204003-B6EE7FC738E54026B7C66DDFA5CBB94A,go,72.41,1.6363,0.6,0.83,0.0,0.0,0.0,0.0,1,0,0,1,0,0,0
GO-5207808-83090256FA004EBE924160244B757128,go,32.8,1.0933,0.0,0.0,0.0,0.0,0.0,0.0,2,0,0,1,0,0,0
GO-5200308-4EF4B9C128CE4A3B9DF2CD3EB77DBE18,go,17.99,0.5996,0.0,0.0,0.0,0.0,0.0,0.0,2,0,0,1,0,0,0
GO-5200308-EBAF0A342CB0424BA8C680A965210B7B,go,11.49,0.383,0.0,0.0,0.0,0.0,0.0,0.0,2,0,0,1,0,0,0
GO-5200308-41D8D453D8C54A3CA3E8789B6B569450,go,9.0,0.3,0.41,4.56,0.0,0.0,0.0,0.0,1,0,0,1,0,0,0
GO-5219704-72F84369291749D1BAE83FD9306BF357,go,63.78,1.2755,14.59,22.88,0.0,0.0,0.0,0.0,0,0,0,1,0,0,0
GO-5200175-8F14597A47AB4B7A8EC51502D5640C95,go,457.91,13.0832,22.41,4.89,0.0,0.0,0.0,0.0,1,0,0,1,0,0,0
GO-5210109-884F6925F2A3427A99E1B9E1C96C4942,go,4.15,0.1038,1.83,44.08,0.0,0.0,0.0,0.0,0,0,0,1,0,0,0
GO-5210109-1AC0E98BDFF9409ABBAEEF4FE50AA7CB,go,49.73,1.2431,0.0,0.0,0.0,0.0,0.0,0.0,2,0,0,1,0,0,0
GO-5219704-5664214567C244F297A7A11BDEE3E7C7,go,47.91,0.9582,1.92,4.01,0.0,0.0,0.0,0.0,1,0,0,1,0,0,0
GO-5209952-8694891476BE4742BC123AB5C6E82350,go,337.12,11.2372,0.03,0.01,0.0,0.0,0.0,0.0,1,0,0,1,0,0,0
GO-5207808-C4E195B4D7374D519447CD5B6AEF732B,go,396.87,13.2291,0.43,0.11,0.0,0.0,0.0,0.0,1,0,0,1,0,0,0
GO-5210109-448408B4B9BD4DB593F70BD55B198555,go,150.67,3.7668,0.2,0.13,0.0,0.0,0.0,0.0,1,0,0,1,0,0,0
GO-5210109-6C0CC68EDD864F2CB735AD3A186F196F,go,284.19,7.1047,46.33,16.3,0.0,0.0,0.0,0.0,1,0,0,1,0,0,0
GO-5207808-874B8415E04F4ADC896B7A5DE9AEFBC1,go,39.94,1.3313,0.0,0.0,0.0,0.0,0.0,0.0,2,0,0,1,0,0,0
GO-5210109-783BC1269C33466FB8E957AEDD2D7457,go,2064.74,51.6186,1681.75,81.45,0.0,0.0,0.0,0.0,0,0,0,1,0,0,0
GO-5200258-F0BED072C1DC4849BC616B1C9395811A,go,130.6,3.6854,0.49,0.38,0.0,0.0,0.0,0.0,1,0,0,1,0,0,0
GO-5210109-6EFF2E6B225049FFB99883F9E39F424B,go,614.88,15.372,7.84,1.28,0.0,0.0,0.0,0.0,1,0,0,1,0,0,0
GO-5204003-8B084E7E1E034D03AAA0871E88337823,go,96.8,2.1511,0.0,0.0,0.0,0.0,0.0,0.0,2,0,0,1,0,0,0
GO-5207808-5AC4B6ADFE5C4CDF80167A96ED882C74,go,9.01,0.3004,0.0,0.0,0.0,0.0,0.0,0.0,2,0,0,1,0,0,0
GO-5219605-9870A8381A0F470FA190FDA83BAF4B77,go,6087.05,121.7131,280.04,4.6,0.0,0.0,0.0,0.0,1,0,0,1,0,0,0
GO-5210109-BAC8657429E34B7F8C9B1036653429E7,go,68.57,1.7144,2.24,3.27,0.0,0.0,0.0,0.0,1,0,0,1,0,0,0
GO-5219704-15B00B840E9A44209FDE8A92DC0F977B,go,80.48,1.6096,11.43,14.2,0.0,0.0,0.0,0.0,1,0,0,1,0,0,0
GO-5200175-08151CA170D84E76ABAA70B83DFF47C6,go,56.59,1.6168,43.65,77.14,0.0,0.0,0.0,0.0,0,0,0,1,0,0,0
GO-5219704-315762288CCC4AE9BC964C12208D1478,go,8.94,0.1787,0.0,0.0,0.0,0.0,0.0,0.0,2,0,0,1,0,0,0
GO-5200175-8F101F4432E749CAAB52DDF4773A8096,go,15.67,0.4477,0.09,0.57,0.0,0.0,0.0,0.0,1,0,0,1,0,0,0
GO-5207808-700D6E2AB9F943B5918C60380C904920,go,103.8,3.46,0.43,0.41,0.0,0.0,0.0,0.0,1,0,0,1,0,0,0
GO-5207808-79646549B79B4B5BB91D73300671B00C,go,86.85,2.895,0.0,0.0,0.0,0.0,0.0,0.0,2,0,0,1,0,0,0
GO-5219704-56C391A93E964BDE9B445D84F241B15A,go,39.42,0.7884,3.62,9.18,0.0,0.0,0.0,0.0,1,0,0,1,0,0,0
GO-5209952-7AB4D5C7BF8E48DBAC6D5B4FBE67DDB3,go,71.65,2.3884,0.72,1.0,0.0,0.0,0.0,0.0,1,0,0,1,0,0,0
GO-5219704-4EDFAD84F1F949E182C289D80736E18D,go,134.39,2.6879,2.82,2.1,0.0,0.0,0.0,0.0,1,0,0,1,0,0,0
GO-5210109-F8B00E6B27264A408A922B125D810862,go,201.16,5.1067,36.28,18.04,0.0,0.0,0.0,0.0,1,0,0,1,0,0,0
GO-5200308-C63FF74FE3264164BB92F77B30A6FAEC,go,103.88,3.4627,0.34,0.33,0.0,0.0,0.0,0.0,1,0,0,1,0,0,0
GO-5210109-A3BAE0FAB8494794A045E1C65DF3E70D,go,1298.96,32.474,59.64,4.59,0.0,0.0,0.0,0.0,1,0,0,1,0,0,0
GO-5210109-D371C17ABE504078AABAAE77B1DE3FE0,go,296.0,7.4,3.65,1.23,0.0,0.0,0.0,0.0,1,0,0,1,0,0,0
GO-5200209-5FF242E1B8A94479A312C9AECFCE2A45,go,18.72,0.4159,0.0,0.0,0.0,0.0,0.0,0.0,2,0,0,1,0,0,0
GO-5200308-92BCA3F2466747478C05A3A1696529EF,go,92.27,3.0758,14.45,15.66,0.0,0.0,0.0,0.0,1,0,0,1,0,0,0
GO-5200258-EF49FBBBC13C457BB600C96B4967DAF4,go,17.09,0.4272,0.16,0.94,0.0,0.0,0.0,0.0,1,0,0,1,0,0,0
GO-5204003-5775F853FFF44726AE4AD0B036D8E69D,go,1534.56,34.1,13.65,0.89,0.0,0.0,0.0,0.0,1,0,0,1,0,0,0
GO-5203962-9A1D3108E99349DEBD81ECFBBE3061D3,go,1.7,0.0243,0.47,27.64,0.0,0.0,0.0,0.0,0,0,0,1,0,0,0
GO-5219704-5955B827A42D47CF83478202992FC8AE,go,814.94,1.0187,204.42,25.08,0.0,0.0,0.0,0.0,0,0,0,1,0,0,0
GO-5219704-A014BF25264547EE8763F736FF545E51,go,25.79,0.5159,0.29,1.12,0.0,0.0,0.0,0.0,1,0,0,1,0,0,0
GO-5200308-B75FA657BE8440558F658EA8D3711A7B,go,225.64,7.5212,0.09,0.04,0.0,0.0,0.0,0.0,1,0,0,1,0,0,0
GO-5207808-4FF1CCFD40CC427692C83F1993C53D8D,go,42.97,1.4323,0.0,0.0,0.0,0.0,0.0,0.0,2,0,0,1,0,0,0
GO-5219712-3EB7B1A2E7B144F594449C359DBBE712,go,82.35,2.75,0.0,0.0,0.0,0.0,0.0,0.0,2,0,0,1,0,0,0
GO-5210109-E965D6E4AE31447BBC614A3425250CE3,go,24.31,0.6077,0.0,0.0,0.0,0.0,0.0,0.0,2,0,0,1,0,0,0
GO-5210109-90303ECDA47B47C2A3D47E8141F8E0E4,go,6.03,0.1507,0.0,0.0,0.0,0.0,0.0,0.0,2,0,0,1,0,0,0
GO-5219704-CB0BEB28B85B4500AA9A60EB37DA4A79,go,187.8,3.7559,116.55,62.06,0.0,0.0,0.0,0.0,0,0,0,1,0,0,0
GO-5200258-FC5E0C6B942F49A2AB6FC1556C2A38B0,go,140.38,3.5094,0.52,0.37,0.0,0.0,0.0,0.0,1,0,0,1,0,0,0
GO-5210109-6476FEB904EC4F32910D3449881C7800,go,19.38,0.4846,9.66,49.83,0.0,0.0,0.0,0.0,0,0,0,1,0,0,0
GO-5200308-7A23C3259713444B9684FF08EF719B63,go,31.84,1.0612,0.03,0.09,0.0,0.0,0.0,0.0,1,0,0,1,0,0,0
GO-5200308-DDC24E8C62CE4D7885E5C96415E0F626,go,4.0,0.1335,0.0,0.0,0.0,0.0,0.0,0.0,2,0,0,1,0,0,0
GO-5200308-8FFC513F784F4D119101282F3932991A,go,124.08,4.1358,0.0,0.0,0.0,0.0,0.0,0.0,2,0,0,1,0,0,0
GO-5219712-1191CDBE61A54CBAB03C75877F93092D,go,495.96,16.5321,3.41,0.69,0.0,0.0,0.0,0.0,1,0,0,1,0,0,0
GO-5200308-F36434BF15FA463BB288B2CF3EAE3D61,go,0.67,0.0225,0.0,0.0,0.0,0.0,0.0,0.0,2,0,0,1,0,0,0
GO-5219704-ECF91FD1227A4F56917C8A56C247EB08,go,10.37,0.2074,0.14,1.35,0.0,0.0,0.0,0.0,1,0,0,1,0,0,0
GO-5210109-0FDA8FB3B1CD460595582BE9C00A95D5,go,236.91,5.9227,25.53,10.78,0.0,0.0,0.0,0.0,1,0,0,1,0,0,0
GO-5204003-ACC82AA2C1934922AE6C133C67FBEE78,go,11.51,0.2559,3.42,29.7,0.0,0.0,0.0,0.0,0,0,0,1,0,0,0
GO-5204003-A3EB2F96D7F54C07BC3C0B266DDE2226,go,158.52,3.5227,4.39,2.77,0.0,0.0,0.0,0.0,1,0,0,1,0,0,0
GO-5204003-FE98010A342D40BF99409C182364C552,go,63.39,1.3711,0.09,0.14,0.0,0.0,0.0,0.0,1,0,0,1,0,0,0
GO-5200258-0FE9B249087C4E568BA5CFCBEC7C43D0,go,106.8,2.6708,0.0,0.0,0.0,0.0,0.0,0.0,2,0,0,1,0,0,0
GO-5219704-12ACD5B9B8B4472BA2284A8F521FE3D7,go,12.23,0.24,0.0,0.0,0.0,0.0,0.0,0.0,2,0,0,1,0,0,0
GO-5209952-699DDB4B78A8420B857500E193025090,go,167.25,5.5749,7.34,4.39,0.0,0.0,0.0,0.0,1,0,0,1,0,0,0
GO-5210109-218A2C60A2924CDDA654C3F18AAE36F5,go,32.75,0.8188,3.0,9.16,0.0,0.0,0.0,0.0,1,0,0,1,0,0,0
GO-5200175-36C1B3F975AF43F9818A80EC46C9260B,go,100.92,2.7667,1.32,1.31,0.0,0.0,0.0,0.0,1,0,0,1,0,0,0
GO-5209952-8862ED0599664B1991AF55323C906740,go,3.28,0.11,0.0,0.0,0.0,0.0,0.0,0.0,2,0,0,1,0,0,0
GO-5219704-A3AF7A4473C541CDBA098D17850C889D,go,19.35,0.387,0.26,1.34,0.0,0.0,0.0,0.0,1,0,0,1,0,0,0
GO-5200308-2985C191419440C68F363C45B17AB0E8,go,13.21,0.4084,0.0,0.0,0.0,0.0,0.0,0.0,2,0,0,1,0,0,0
MS-5004908-B2138BF7C95C41CDB95BD89404068F84,ms,5.28,0.15,0.0,0.0,0.0,0.0,0.0,0.0,2,0,0,0,0,0,1
MS-5002001-EA903BB710844888993CE1634F93D865,ms,2.07,0.05,0.0,0.0,0.0,0.0,0.0,0.0,2,0,0,0,0,0,1
MS-5004700-151B1DF75A66413D91AA61B79486AB2D,ms,2.43,0.08,0.0,0.0,0.0,0.0,0.0,0.0,2,0,0,0,0,0,1
MS-5002001-FB1233A24B6249EE8CB85B98FBC2E8ED,ms,6.79,0.17,0.0,0.0,0.0,0.0,0.0,0.0,2,0,0,0,0,0,1
MS-5002001-C0D45074884C405FBA23FD68C27AD070,ms,193.76,4.84,0.25,0.13,0.0,0.0,0.0,0.0,1,0,0,0,0,0,1
MS-5004908-BD61D2C2831C43418F1AEF7CB89907D9,ms,7.01,0.2,0.0,0.0,0.0,0.0,0.0,0.0,2,0,0,0,0,0,1
MS-5004502-69BA1ABACA2043B3B7BBBB76A37D62FD,ms,29.53,0.98,0.0,0.0,0.0,0.0,0.0,0.0,2,0,0,0,0,0,1
MS-5004908-324FCFE900F9456FA100CCF0DC10B8C6,ms,5.03,0.14,0.0,0.0,0.0,0.0,0.0,0.0,2,0,0,0,0,0,1
MS-5004908-BFA556D514C343139B38BDC308A79886,ms,8.39,0.24,3.12,37.2,0.0,0.0,0.0,0.0,0,0,0,0,0,0,1
MS-5004502-4AAB4B34D56546B5A9870F193C7D596E,ms,24.98,0.83,0.0,0.0,0.0,0.0,0.0,0.0,2,0,0,0,0,0,1
MS-5004700-887B0574143E428A94E5587BA2042128,ms,2.42,0.08,0.24,9.9,0.0,0.0,0.0,0.0,1,0,0,0,0,0,1
MS-5003256-85033081674A4CE59C60DD3DACBCFFFC,ms,236.61,3.38,0.0,0.0,0.0,0.0,0.0,0.0,2,0,0,0,0,0,1
MS-5004908-3C044AFCE20B4D0CAF462F9FFA1D8619,ms,1007.66,28.73,1.26,0.13,0.0,0.0,0.0,0.0,1,0,0,0,0,0,1
MS-5004908-667E5C1B470445F7A5EA31BC66A3FA47,ms,6.54,0.19,0.0,0.0,0.0,0.0,0.0,0.0,2,0,0,0,0,0,1
MS-5002001-2293A64F02DC4BBD87F90310DD2C6F33,ms,32.44,0.81,0.0,0.0,0.0,0.0,0.0,0.0,2,0,0,0,0,0,1
MS-5004908-961524C22E1A4B0A936B971D5646A06B,ms,30.89,0.88,0.0,0.0,0.0,0.0,0.0,0.0,2,0,0,0,0,0,1
MS-5004502-6B3727375F8745BBBA65C4AB0978C156,ms,117.05,3.9,4.8,4.1,0.0,0.0,0.0,0.0,1,0,0,0,0,0,1
MS-5007406-2C7CF1709528471887E657D7EF59296C,ms,262.12,4.37,0.4,0.15,0.0,0.0,0.0,0.0,1,0,0,0,0,0,1
MS-5003256-15AD4354F864444F8428906974621FDA,ms,4.45,0.06,0.0,0.0,0.0,0.0,0.0,0.0,2,0,0,0,0,0,1
MS-5007208-358CBE66D7EC446FA2BFD2C1288718D8,ms,36.03,1.2,0.0,0.0,0.0,0.0,0.0,0.0,2,0,0,0,0,0,1
MS-5007406-257980D77FC442409AA6EA47E89494C1,ms,7.62,0.13,0.0,0.0,0.0,0.0,0.0,0.0,2,0,0,0,0,0,1
MS-5004700-5262454338F74C319B10BC53EF7DDDF4,ms,12.15,0.4,0.0,0.0,0.0,0.0,0.0,0.0,2,0,0,0,0,0,1
MS-5002001-DADDF85E48E347F3B136AE7B54A4B5DC,ms,7.19,0.18,0.0,0.0,0.0,0.0,0.0,0.0,2,0,0,0,0,0,1
MS-5007307-D251E2C73A6742D9BD617B072C096311,ms,159.47,3.99,0.0,0.0,0.0,0.0,0.0,0.0,2,0,0,0,0,0,1
MS-5004908-12413DFA1CE94ADDB90ED5FE7D8F3464,ms,12.62,0.36,0.0,0.0,0.0,0.0,0.0,0.0,2,0,0,0,0,0,1
MS-5007406-2AF8F9455EAD4C3CB0CF987A17A7D706,ms,997.22,16.53,61.32,6.15,0.0,0.0,0.0,0.0,1,0,0,0,0,0,1
MS-5004700-32AE8742C7214EA895BA4788749779F8,ms,12.03,0.4,0.0,0.0,0.0,0.0,0.0,0.0,2,0,0,0,0,0,1
MS-5007208-4E266216649346AB9982CBF9E3C3F9FB,ms,150.78,5.02,0.09,0.06,0.0,0.0,0.0,0.0,1,0,0,0,0,0,1
MS-5004908-DBDBE84149EC48DEAA896A5A8AF5D0CC,ms,3.75,0.11,0.0,0.0,0.0,0.0,0.0,0.0,2,0,0,0,0,0,1
MS-5007307-04274C524C03422BA8F027928CB08F63,ms,170.91,4.27,0.68,0.4,0.0,0.0,0.0,0.0,1,0,0,0,0,0,1
MS-5004502-38CAAF96F2F6418FAFD9727C2CFD658A,ms,25.25,0.84,0.0,0.0,0.0,0.0,0.0,0.0,2,0,0,0,0,0,1
MS-5004700-7FD90AD8E87D4EBCAD2190A656815E72,ms,14.75,0.49,0.0,0.0,0.0,0.0,0.0,0.0,2,0,0,0,0,0,1
MS-5002001-D7A0F2AB05B243488C75CA6F5356606E,ms,25.58,0.65,0.0,0.0,0.0,0.0,0.0,0.0,2,0,0,0,0,0,1
MS-5004908-12609B63197546FDB16C1AE862FF90C2,ms,5.91,0.17,4.05,68.56,0.0,0.0,0.0,0.0,0,0,0,0,0,0,1
MS-5007208-67947754EC7849409A87D6A62121D66C,ms,341.84,11.4,2.0,0.59,0.0,0.0,0.0,0.0,1,0,0,0,0,0,1
MS-5004700-CCE3B75C05974C32BE2D368FA495FB01,ms,7.25,0.24,0.0,0.0,0.0,0.0,0.0,0.0,2,0,0,0,0,0,1
MS-5004908-5E816767248E4E79A58B5FA3BE53E506,ms,7.97,0.23,1.19,14.93,0.0,0.0,0.0,0.0,1,0,0,0,0,0,1
MS-5004502-2AF4CE63E5284D20BAAB93EE9D88C555,ms,47.72,1.59,0.0,0.0,0.0,0.0,0.0,0.0,2,0,0,0,0,0,1
MS-5002001-1C7EAAB673B64FB9892063CF2383510B,ms,13.26,0.33,0.0,0.0,0.0,0.0,0.0,0.0,2,0,0,0,0,0,1
MS-5004908-E1D9B1DAC27B4D27A1972476B092EA1C,ms,5.83,0.17,0.21,3.6,0.0,0.0,0.0,0.0,1,0,0,0,0,0,1
MS-5004908-5A9D80366EB54CC9AA7FCE3A21145819,ms,3.43,0.1,0.0,0.0,0.0,0.0,0.0,0.0,2,0,0,0,0,0,1
MS-5004502-056C212A94DE4A60B7A6D7EDCAC427C9,ms,263.24,8.77,1.06,0.4,0.0,0.0,0.0,0.0,1,0,0,0,0,0,1
MS-5007208-712B1C073D3B420BB656E3404B15E977,ms,47.8,1.59,0.36,0.75,0.0,0.0,0.0,0.0,1,0,0,0,0,0,1
MS-5004700-01CBD5E024884E199A3088BFE4815424,ms,4.68,0.16,0.0,0.0,0.0,0.0,0.0,0.0,2,0,0,0,0,0,1
MS-5007307-9AD2235F02CD44EBA1D731B43D5A75DA,ms,33.37,0.83,0.0,0.0,0.0,0.0,0.0,0.0,2,0,0,0,0,0,1
MS-5004502-060FBB74FB634EED859AA3A28C770975,ms,20.05,0.67,0.0,0.0,0.0,0.0,0.0,0.0,2,0,0,0,0,0,1
MS-5004908-038C832D8AB94D5294176988AE68F306,ms,8.03,0.23,0.0,0.0,0.0,0.0,0.0,0.0,2,0,0,0,0,0,1
MS-5004700-DCA7890214B04F0ABE82756A16C509A7,ms,6.29,0.21,0.0,0.0,0.0,0.0,0.0,0.0,2,0,0,0,0,0,1
MS-5004700-1821FAA5277C4844B28AAF1F543D585E,ms,26.28,0.87,0.0,0.0,0.0,0.0,0.0,0.0,2,0,0,0,0,0,1
MS-5004700-57C4525C53244EE4A68CD91EC305991E,ms,25.31,0.84,0.0,0.0,0.0,0.0,0.0,0.0,2,0,0,0,0,0,1
MS-5004700-F9135C0E0C374367A435F89508E564EF,ms,19.33,0.64,0.0,0.0,0.0,0.0,0.0,0.0,2,0,0,0,0,0,1
MS-5007208-5BF3FE7E9C1B46989D28651EABFF84C8,ms,36.5,1.22,0.0,0.0,0.0,0.0,0.0,0.0,2,0,0,0,0,0,1
MS-5004908-17AC158D52C84B93B0FC3C39E59FA053,ms,11.03,0.31,4.2,38.07,0.0,0.0,0.0,0.0,0,0,0,0,0,0,1
MS-5007208-2F00A81A7B1240A3928C9FA4E2D11AA1,ms,48.22,1.61,1.24,2.57,0.0,0.0,0.0,0.0,1,0,0,0,0,0,1
MS-5004700-A7DB4EA27F60439A879C718C5A2EFB54,ms,8.51,0.28,0.06,0.71,0.0,0.0,0.0,0.0,1,0,0,0,0,0,1
MS-5003256-0E851841DDE94FD39020299249583C16,ms,103.76,1.48,0.51,0.49,0.0,0.0,0.0,0.0,1,0,0,0,0,0,1
MS-5004700-A902B01F107146208FEAAFB5BC110298,ms,14.69,0.49,0.0,0.0,0.0,0.0,0.0,0.0,2,0,0,0,0,0,1
MS-5007307-A8BEF35AB3E8488CA28B581848732C30,ms,34.1,0.85,4.61,13.52,0.0,0.0,0.0,0.0,1,0,0,0,0,0,1
MS-5004700-705575165C6A46DDAA162AF699091B12,ms,2.42,0.08,2.33,96.18,0.0,0.0,0.0,0.0,0,0,0,0,0,0,1
MS-5004700-75BEDC00134E480ABDB6E164EBC7127D,ms,2.42,0.08,0.0,0.0,0.0,0.0,0.0,0.0,2,0,0,0,0,0,1
MS-5004502-DE898834F5D049BCAFAD72F2BFC0CC45,ms,70.61,2.35,0.0,0.0,0.0,0.0,0.0,0.0,2,0,0,0,0,0,1
MS-5007208-01E4F73A3AFC41129A8B616BE330DEAF,ms,25.0,0.83,1.12,4.48,0.0,0.0,0.0,0.0,1,0,0,0,0,0,1
MS-5004908-9BC549E0EB674CAD93C85A28ABD99D8C,ms,17.4,0.5,0.08,0.46,0.0,0.0,0.0,0.0,1,0,0,0,0,0,1
MS-5004502-10AB1C11BB6D4D9FA6CD6F8A8687DD55,ms,13.05,0.43,0.08,0.61,0.0,0.0,0.0,0.0,1,0,0,0,0,0,1
MS-5004502-F3527C4E81D643D6BEF561DA94B29771,ms,286.14,9.54,0.08,0.03,0.0,0.0,0.0,0.0,1,0,0,0,0,0,1
MS-5007208-3C821F9F2C38468DAB192864E30B2790,ms,18.67,0.62,0.0,0.0,0.0,0.0,0.0,0.0,2,0,0,0,0,0,1
MS-5004700-88BFC7345C214C5E851081AB8C3B65FF,ms,58.78,1.96,0.0,0.0,0.0,0.0,0.0,0.0,2,0,0,0,0,0,1
MS-5007406-09F02CFD05274C03AFFA75AB366287D5,ms,2257.43,37.61,171.89,7.61,0.0,0.0,0.0,0.0,1,0,0,0,0,0,1
MS-5004908-AE89E643677B4D71B8C3EB2D05DC18C5,ms,4.0,0.11,0.0,0.0,0.0,0.0,0.0,0.0,2,0,0,0,0,0,1
MS-5004700-95E0AF6E6B2A4292A55449512C270037,ms,193.62,6.45,0.0,0.0,0.0,0.0,0.0,0.0,2,0,0,0,0,0,1
MS-5004908-41036C6B1395446FB6C852BF1EC0B3E3,ms,821.82,23.44,0.0,0.0,0.0,0.0,0.0,0.0,2,0,0,0,0,0,1
MS-5004502-9665B020072847A49A5578948EA912C5,ms,82.89,2.76,1.47,1.77,0.0,0.0,0.0,0.0,1,0,0,0,0,0,1
MS-5004700-E8C8BF526BF443DCAFFAAC5A1C72CF3F,ms,6.49,0.22,0.0,0.0,0.0,0.0,0.0,0.0,2,0,0,0,0,0,1
MS-5004700-97BCBAA69B1D454C89878D46604D4CD2,ms,47.98,1.6,0.0,0.0,0.0,0.0,0.0,0.0,2,0,0,0,0,0,1
MS-5004700-9B6F8E97463F423FB227832EEDA3983B,ms,73.72,2.46,0.08,0.11,0.0,0.0,0.0,0.0,1,0,0,0,0,0,1
MS-5007208-397E1C0CCB664FBAB7FC004806792D9A,ms,17.62,0.59,1.3,7.38,0.0,0.0,0.0,0.0,1,0,0,0,0,0,1
MS-5004502-B3EB83A8B7D840038CB92E3ACFE16E7F,ms,3.3,0.11,0.0,0.0,0.0,0.0,0.0,0.0,2,0,0,0,0,0,1
MS-5004908-E85216B5A7DB49BCB0D22A5DBC14B45B,ms,27.95,0.8,0.67,2.4,0.0,0.0,0.0,0.0,1,0,0,0,0,0,1
MS-5007208-B8C306240E4F43F8824B54138972988A,ms,326.61,10.89,10.63,3.25,0.0,0.0,0.0,0.0,1,0,0,0,0,0,1
MS-5004700-38170910412044B38DC91F04AE441A82,ms,24.84,0.83,0.0,0.0,0.0,0.0,0.0,0.0,2,0,0,0,0,0,1
MS-5007307-497F7066ECC94BBCB1E4C851E4E77630,ms,21.42,0.54,0.0,0.0,0.0,0.0,0.0,0.0,2,0,0,0,0,0,1
MS-5004502-B05A86BA669448A895F34E53E35FD939,ms,39.0,1.3,0.0,0.0,0.0,0.0,0.0,0.0,2,0,0,0,0,0,1
MS-5004908-45630C50C41B4C43BC9944F2A80A9373,ms,27.73,0.79,1.09,3.93,0.0,0.0,0.0,0.0,1,0,0,0,0,0,1
MS-5004700-CB7B848A6BD24DA2B09EE39D3A75D1C2,ms,13.49,0.45,0.0,0.0,0.0,0.0,0.0,0.0,2,0,0,0,0,0,1
MS-5004908-8090FD37EFDB4E4287FB59F0D6F42888,ms,2.87,0.08,0.0,0.0,0.0,0.0,0.0,0.0,2,0,0,0,0,0,1
MS-5004700-B5D58AAB81C746D584C6977CBF2BE575,ms,2.42,0.08,0.54,22.31,0.0,0.0,0.0,0.0,0,0,0,0,0,0,1
MS-5004700-C9CE3D9C9B254CAABC31E827BF6FC89B,ms,2.24,0.07,1.76,78.45,0.0,0.0,0.0,0.0,0,0,0,0,0,0,1
MS-5004700-A5566B2914B04DDE9ED0F72123E8737E,ms,9.71,0.32,0.0,0.0,0.0,0.0,0.0,0.0,2,0,0,0,0,0,1
MS-5007307-35E0226DAE334CD59A968264AB50FD10,ms,5.02,0.13,0.88,17.52,0.0,0.0,0.0,0.0,1,0,0,0,0,0,1
MS-5003256-D1B8E5778D1648328AF65CAAED38ADB3,ms,4.05,0.06,0.12,2.97,0.0,0.0,0.0,0.0,1,0,0,0,0,0,1
MS-5003256-7A06C762C7BA459A95A25F2FA93145E0,ms,8.05,0.11,0.0,0.0,0.0,0.0,0.0,0.0,2,0,0,0,0,0,1
MS-5003256-56A81D38674F4924BF67C2D60A6207A4,ms,43.3,0.62,2.7,6.24,0.0,0.0,0.0,0.0,1,0,0,0,0,0,1
MS-5007307-8089BE198DB6406596514A81E550B62B,ms,15.64,0.39,0.0,0.0,0.0,0.0,0.0,0.0,2,0,0,0,0,0,1
MS-5004502-C5C9BA3D31F54EB4BBA616B83CF45CB7,ms,14.08,0.47,0.0,0.0,0.0,0.0,0.0,0.0,2,0,0,0,0,0,1
MS-5004700-B7B222374D504D2EA10FF4554B311332,ms,7.34,0.24,0.0,0.0,0.0,0.0,0.0,0.0,2,0,0,0,0,0,1
MS-5004700-075D15D71AC545608D228BFB58E21B4E,ms,18.13,0.6,0.0,0.0,0.0,0.0,0.0,0.0,2,0,0,0,0,0,1
MS-5007307-70F64F5FA6564CE58D2B3E34E48F0E34,ms,9.92,0.25,0.0,0.0,0.0,0.0,0.0,0.0,2,0,0,0,0,0,1
MS-5003256-DDE9A953FE984A2DADC1106F5B2CF328,ms,14.81,0.21,0.0,0.0,0.0,0.0,0.0,0.0,2,0,0,0,0,0,1
MS-5003256-91D08D5C251842CF8B11C4967473C6C5,ms,201.07,2.87,0.22,0.11,0.0,0.0,0.0,0.0,1,0,0,0,0,0,1
MS-5003256-444CC20F31FF42AD917605C2252B4C38,ms,36.32,0.52,2.12,5.84,0.0,0.0,0.0,0.0,1,0,0,0,0,0,1
MS-5004502-906682D8A10043E28CD3262722222C2A,ms,5.06,0.17,0.0,0.0,0.0,0.0,0.0,0.0,2,0,0,0,0,0,1
MS-5004908-1AC4490B4F8E4346889F0EB4BC878717,ms,6.01,0.17,2.85,47.41,0.0,0.0,0.0,0.0,0,0,0,0,0,0,1
MS-5004908-0DFD5E3A36884C0E8D46FF6E314C9DA2,ms,6.38,0.18,0.23,3.61,0.0,0.0,0.0,0.0,1,0,0,0,0,0,1
MS-5007208-2498556C44F545D4A718E6C72CF2C4E2,ms,19.85,0.66,0.4,2.01,0.0,0.0,0.0,0.0,1,0,0,0,0,0,1
MS-5004908-F9F086ADA45A465983FE7A38F73C77A3,ms,6.2,0.18,0.06,0.97,0.0,0.0,0.0,0.0,1,0,0,0,0,0,1
MS-5004700-4A4209D9C27B4A74B60115F941F0C3CF,ms,5.4,0.18,0.0,0.0,0.0,0.0,0.0,0.0,2,0,0,0,0,0,1
MS-5004700-25900B9FD59249D5951206172D4E7D26,ms,45.52,1.52,0.3,0.66,0.0,0.0,0.0,0.0,1,0,0,0,0,0,1
MS-5003256-E5C76F50D91F422B832DFE634D956281,ms,332.33,4.75,38.78,11.67,0.0,0.0,0.0,0.0,1,0,0,0,0,0,1
MS-5007307-5B3C486319E2404BBF10A056093CDF51,ms,1208.43,30.21,11.9,0.98,0.0,0.0,0.0,0.0,1,0,0,0,0,0,1
MS-5004700-5B78DD02EF854343B7173EC04A846962,ms,4.75,0.16,0.0,0.0,0.0,0.0,0.0,0.0,2,0,0,0,0,0,1
MS-5004908-578ACE6A33E54AB9B37A7F1CC3450EFC,ms,21.64,0.62,0.01,0.05,0.0,0.0,0.0,0.0,1,0,0,0,0,0,1
MS-5004908-EEBF8686576F48BEB7010BFFA1ED2038,ms,6.16,0.18,0.0,0.0,0.0,0.0,0.0,0.0,2,0,0,0,0,0,1
MS-5002001-23BD9D7FFCF841108A8E983A30B0F455,ms,85.08,2.13,6.85,8.05,0.0,0.0,0.0,0.0,1,0,0,0,0,0,1
MS-5004502-D100A325BF634F608AED300071F5F4A1,ms,5.99,0.2,0.0,0.0,0.0,0.0,0.0,0.0,2,0,0,0,0,0,1
MS-5007208-E046C25281A94081BFDE9FDE1DBB42E7,ms,2326.62,77.49,3.0,0.13,0.0,0.0,0.0,0.0,1,0,0,0,0,0,1
MS-5002001-31881238469D41E685A2B1E965F157AB,ms,7.86,0.2,0.0,0.0,0.0,0.0,0.0,0.0,2,0,0,0,0,0,1
MS-5003256-B09DDCAF1EFC44E9A277EBAA4A1FCC0F,ms,60.16,0.86,0.73,1.21,0.0,0.0,0.0,0.0,1,0,0,0,0,0,1
MS-5004502-90786EB65A4B471DA5835762403B8317,ms,7.84,0.26,0.0,0.0,0.0,0.0,0.0,0.0,2,0,0,0,0,0,1
MS-5004700-5BB8A41351504F5196EF2605B0AF7CB4,ms,14.76,0.49,0.0,0.0,0.0,0.0,0.0,0.0,2,0,0,0,0,0,1
MS-5002001-377B76FD4E5045A994A40A93CD1D6A6A,ms,0.66,0.02,0.0,0.0,0.0,0.0,0.0,0.0,2,0,0,0,0,0,1
MS-5003256-407A490E5836401AB52057E257F00270,ms,2.18,0.03,0.0,0.0,0.0,0.0,0.0,0.0,2,0,0,0,0,0,1
MS-5002001-648495B7A0CE418DA80C6C003D26DB11,ms,125.0,3.13,0.0,0.0,0.0,0.0,0.0,0.0,2,0,0,0,0,0,1
MS-5003256-BAB38DD4BBEA48368A6749BD59FBB1FF,ms,13.13,0.19,0.0,0.0,0.0,0.0,0.0,0.0,2,0,0,0,0,0,1
MS-5004908-8DC1180406CC4F30BE0BFA64ABB7F96C,ms,7.25,0.21,0.02,0.28,0.0,0.0,0.0,0.0,1,0,0,0,0,0,1
MS-5004700-CE59CA6B4F454E868CD4EFA2321C3A04,ms,21.14,0.7,0.0,0.0,0.0,0.0,0.0,0.0,2,0,0,0,0,0,1
MS-5002001-ED85FAD0B0404436922D10C0DEF13025,ms,12.27,0.31,0.0,0.0,0.0,0.0,0.0,0.0,2,0,0,0,0,0,1
MS-5004700-D3B1AF169F5F4FC5878A684A17AB318E,ms,42.68,1.42,0.5,1.17,0.0,0.0,0.0,0.0,1,0,0,0,0,0,1
MS-5002001-3A5CB01682794A6B9ABC6CF58A0D04C6,ms,2.4,0.06,0.0,0.0,0.0,0.0,0.0,0.0,2,0,0,0,0,0,1
MS-5007307-657C68368BDC4EF0A6EAE00366072FBC,ms,234.2,5.85,15.73,6.72,0.0,0.0,0.0,0.0,1,0,0,0,0,0,1
MS-5004502-E3F2B8B2A63C4443B08ED1DE2DA19907,ms,799.09,26.64,0.5,0.06,0.0,0.0,0.0,0.0,1,0,0,0,0,0,1
MS-5004908-B713897B657A4B3D8ADA093C2F4088A0,ms,4.73,0.13,0.08,1.69,0.0,0.0,0.0,0.0,1,0,0,0,0,0,1
MS-5004700-B39B2F677ED747999A1B91D3222DFE28,ms,33.06,1.1,0.26,0.79,0.0,0.0,0.0,0.0,1,0,0,0,0,0,1
MS-5004502-5C9F5AD8F6E54712967D2E09E0D00DEA,ms,79.64,2.65,0.08,0.1,0.0,0.0,0.0,0.0,1,0,0,0,0,0,1
MS-5004908-7919DA6FE9F1400B89ABB58F37BF0CAC,ms,174.95,5.0,0.59,0.34,0.0,0.0,0.0,0.0,1,0,0,0,0,0,1
MS-5007208-3AE547AE4BB8454E88A300A812427F24,ms,954.8,31.83,4.54,0.48,0.0,0.0,0.0,0.0,1,0,0,0,0,0,1
MS-5007307-BBF4E9A6A6A046DE872EFB17BF77483C,ms,34.46,0.86,29.7,86.2,0.0,0.0,0.0,0.0,0,0,0,0,0,0,1
MS-5004502-0F18D21890904A019653635DF806CADF,ms,13.87,0.45,0.17,1.23,0.0,0.0,0.0,0.0,1,0,0,0,0,0,1
MS-5004908-E7C10708D39A40B2AE4BDF1AD6C48A6B,ms,74.06,2.12,2.57,3.47,0.0,0.0,0.0,0.0,1,0,0,0,0,0,1
MS-5004700-01CAF57179314FEBA690461615E11785,ms,2.42,0.08,2.21,91.27,0.0,0.0,0.0,0.0,0,0,0,0,0,0,1
MS-5007208-F84627F5C485480DB3CF42AA3E547E85,ms,164.61,5.48,0.0,0.0,0.0,0.0,0.0,0.0,2,0,0,0,0,0,1
MS-5004502-12A2C3A296824305A016F4B972E448ED,ms,33.57,1.12,0.0,0.0,0.0,0.0,0.0,0.0,2,0,0,0,0,0,1
MS-5003256-D681BBF0AF42447D8927F7E83B2831F0,ms,61.3,0.88,0.0,0.0,0.0,0.0,0.0,0.0,2,0,0,0,0,0,1
MS-5004908-D17C81E4257849B692E34BB340FA3633,ms,91.58,2.59,0.56,0.61,0.0,0.0,0.0,0.0,1,0,0,0,0,0,1
MS-5004502-04F5848470C640D38FADC55B3B228D25,ms,100.21,3.34,0.0,0.0,0.0,0.0,0.0,0.0,2,0,0,0,0,0,1
MS-5003256-EFFFC9C1E5E5461FB696B79E81270295,ms,28.68,0.41,15.69,54.71,0.0,0.0,0.0,0.0,0,0,0,0,0,0,1
MS-5004908-F869E9823DBD4A1FADFE3ED94F2FA276,ms,4.37,0.12,0.17,3.89,0.0,0.0,0.0,0.0,1,0,0,0,0,0,1
MS-5004908-4B631BBE11EF4360AC771B441BFECF6A,ms,105.98,3.02,0.02,0.02,0.0,0.0,0.0,0.0,1,0,0,0,0,0,1
MS-5004502-C7A8F78A5A13460DB3751E7B6B6F90E1,ms,12.56,0.42,0.0,0.0,0.0,0.0,0.0,0.0,2,0,0,0,0,0,1
MS-5004502-F99B55204EAF4867AAB1D642CE9B9B26,ms,10.01,0.33,0.7,6.99,0.0,0.0,0.0,0.0,1,0,0,0,0,0,1
MS-5002001-FC7419B7F9A44CEAAFE29EC3BD7896F6,ms,2.5,0.06,1.66,66.53,0.0,0.0,0.0,0.0,0,0,0,0,0,0,1
MS-5004908-92C39647E0E7425A94436A339B4ABAC7,ms,1.62,0.05,0.87,53.86,0.0,0.0,0.0,0.0,0,0,0,0,0,0,1
MS-5004908-96D304A7BD3C49F0A505D7A83F76AEA1,ms,112.39,3.21,0.46,0.41,0.0,0.0,0.0,0.0,1,0,0,0,0,0,1
MS-5004700-73A01A77FD5C4F00909E311CEA06244F,ms,113.79,3.79,0.0,0.0,0.0,0.0,0.0,0.0,2,0,0,0,0,0,1
MS-5007208-8AAC6EF0E3B94B078CD5BF38AA952DA2,ms,448.28,14.47,2.89,0.64,0.0,0.0,0.0,0.0,1,0,0,0,0,0,1
MS-5004908-3BC95CA360D149558F231898B11A2120,ms,12.51,0.36,0.07,0.56,0.0,0.0,0.0,0.0,1,0,0,0,0,0,1
MS-5004908-137A681F8ED44326958565170F0D5DF6,ms,4.0,0.11,0.0,0.0,0.0,0.0,0.0,0.0,2,0,0,0,0,0,1
MS-5004908-3FB086F6A5DD4FCD983D4A29B8C905AA,ms,13.53,0.39,0.0,0.0,0.0,0.0,0.0,0.0,2,0,0,0,0,0,1
MS-5004502-0416A2CFE092486EA7259E2EA6CB5D08,ms,244.85,8.16,0.0,0.0,0.0,0.0,0.0,0.0,2,0,0,0,0,0,1
MS-5004908-692CD3A88D9F42FE93C4E04AA29E6CE1,ms,5.12,0.15,0.0,0.0,0.0,0.0,0.0,0.0,2,0,0,0,0,0,1
MS-5002001-98C2394CEA854C4AA8EEF28A34949A9B,ms,108.07,2.7,0.0,0.0,0.0,0.0,0.0,0.0,2,0,0,0,0,0,1
MS-5004502-03FA3697D8EB4BCFA7F66044317CAC5B,ms,12.31,0.41,0.0,0.0,0.0,0.0,0.0,0.0,2,0,0,0,0,0,1
MS-5002001-5F2C77B24A634F8EA8D554DCA5B7393A,ms,169.4,4.23,3.39,2.0,0.0,0.0,0.0,0.0,1,0,0,0,0,0,1
MS-5003256-89F65A21DA8B48D4A70C23883A84A6F1,ms,31.7,0.45,0.24,0.76,0.0,0.0,0.0,0.0,1,0,0,0,0,0,1
MS-5004502-88C77EF6222348A88EE7BDD602EB2781,ms,2.48,0.08,0.0,0.0,0.0,0.0,0.0,0.0,2,0,0,0,0,0,1
MS-5004700-3D4B86A6F8974E71A55BF2D9F8EDA8B6,ms,2092.73,69.76,176.1,8.41,0.0,0.0,0.0,0.0,1,0,0,0,0,0,1
MS-5004502-1085DB65A8C04DE081EB67E8753511D5,ms,29.86,1.0,1.39,4.65,0.0,0.0,0.0,0.0,1,0,0,0,0,0,1
MS-5007307-65F94FA10CCB4FADA06D5ECA4F1FA071,ms,10.6,0.26,1.94,18.3,0.0,0.0,0.0,0.0,1,0,0,0,0,0,1
MS-5007307-17D8C7E740324EE6A8EB218B5E452B17,ms,196.51,4.91,20.34,10.35,0.0,0.0,0.0,0.0,1,0,0,0,0,0,1
MS-5007208-0F7C53F4F184405F9DBF6F77216C1054,ms,666.16,22.21,0.0,0.0,0.0,0.0,0.0,0.0,2,0,0,0,0,0,1
MS-5004700-507BC1C52C0A4B41B2FF6CFDBD5151BD,ms,22.06,0.74,0.62,2.81,0.0,0.0,0.0,0.0,1,0,0,0,0,0,1
MS-5004502-B901F207A3484844B35B0DDF97656BD8,ms,30.67,1.02,0.0,0.0,0.0,0.0,0.0,0.0,2,0,0,0,0,0,1
MS-5007307-BA9F294F0D324E5BB7ED4CC5506792A1,ms,9.43,0.24,0.0,0.0,0.0,0.0,0.0,0.0,2,0,0,0,0,0,1
MS-5003256-1695DDA99A5A41088343E6B2CF5A688A,ms,269.71,3.85,8.61,3.19,0.0,0.0,0.0,0.0,1,0,0,0,0,0,1
MS-5004908-F37F9BC2C7504F3E9E246F4A4F014EFF,ms,5.93,0.17,0.0,0.0,0.0,0.0,0.0,0.0,2,0,0,0,0,0,1
MS-5004502-3F3859593D5544CB8C67AC8BFC18C9EC,ms,20.19,0.67,0.0,0.0,0.0,0.0,0.0,0.0,2,0,0,0,0,0,1
MS-5004502-34F1D3C830144F9C900C67C60F39834A,ms,3.54,0.12,0.0,0.0,0.0,0.0,0.0,0.0,2,0,0,0,0,0,1
MS-5004700-7933E2B2CB0D4B2C91EC939C8A20E0FF,ms,10.13,0.34,0.0,0.0,0.0,0.0,0.0,0.0,2,0,0,0,0,0,1
MS-5007307-2C900DB50197431AAD4E32EC2E7B5D27,ms,532.51,13.31,76.78,14.42,0.0,0.0,0.0,0.0,1,0,0,0,0,0,1
MS-5002001-BF31B4985705492CAFCF5B352F8BC2C6,ms,56.7,1.42,0.0,0.0,0.0,0.0,0.0,0.0,2,0,0,0,0,0,1
MS-5004908-856C8A51A3104BDDA58D19839414FFDE,ms,5.99,0.17,0.0,0.0,0.0,0.0,0.0,0.0,2,0,0,0,0,0,1
MS-5007208-63B5EB4F08BD4471987BD276F7AC1EB5,ms,108.78,3.61,0.0,0.0,0.0,0.0,0.0,0.0,2,0,0,0,0,0,1
MS-5004700-B0E15216A4ED4993A99F95644B6C8B4A,ms,48.8,1.62,0.8,1.64,0.0,0.0,0.0,0.0,1,0,0,0,0,0,1
MS-5004908-6C3E76D3A5454F10B286D821A85E5FBC,ms,100.49,2.87,1.21,1.2,0.0,0.0,0.0,0.0,1,0,0,0,0,0,1
MS-5002001-0A35FB1C45124FC598CD883A8E3742F5,ms,5.82,0.15,0.0,0.0,0.0,0.0,0.0,0.0,2,0,0,0,0,0,1
MS-5004908-4E892214EB7943AC986D406C8EE17AE0,ms,26.64,0.76,0.0,0.0,0.0,0.0,0.0,0.0,2,0,0,0,0,0,1
MS-5003900-47E63BEB17904B72A6A3FFC89EE93EB8,ms,1560.73,22.26,4.99,0.32,0.0,0.0,0.0,0.0,1,0,0,0,0,0,1
MS-5004502-723843D3BA274225A94D18D1889EF9FB,ms,4.3,0.14,0.0,0.0,0.0,0.0,0.0,0.0,2,0,0,0,0,0,1
MS-5003256-45ADB1FAFD44404E95AA2001357D3B43,ms,11.97,0.17,1.08,9.02,0.0,0.0,0.0,0.0,1,0,0,0,0,0,1
MS-5004700-6BEE0924021442628B94E81158396B61,ms,113.79,3.79,0.0,0.0,0.0,0.0,0.0,0.0,2,0,0,0,0,0,1
MS-5004502-851E13BA0AB343EBB59A826A6F0073F8,ms,22.13,0.74,0.03,0.14,0.0,0.0,0.0,0.0,1,0,0,0,0,0,1
MS-5007208-7F2DC1BB0A9C4811BD6EA58FC0E4CCA1,ms,151.61,5.05,0.0,0.0,0.0,0.0,0.0,0.0,2,0,0,0,0,0,1
MS-5004700-933F31D87A7A427C807E58C939A459F6,ms,35.46,1.18,0.0,0.0,0.0,0.0,0.0,0.0,2,0,0,0,0,0,1
MS-5002001-73FD0C056E234728996B11A33BF9BC2E,ms,45.93,1.14,0.41,0.89,0.0,0.0,0.0,0.0,1,0,0,0,0,0,1
MS-5004700-99C656CD2DFB4385AEF35AED2531C0B5,ms,29.8,0.99,0.0,0.0,0.0,0.0,0.0,0.0,2,0,0,0,0,0,1
MS-5007208-20485CCFF3514293A0FB854E63140B83,ms,106.08,3.54,0.19,0.18,0.0,0.0,0.0,0.0,1,0,0,0,0,0,1
MS-5002001-C05F579353FF411EAAA0EA67E48B7C6E,ms,228.8,5.72,1.66,0.73,0.0,0.0,0.0,0.0,1,0,0,0,0,0,1
MS-5004502-EB8E6DCACA8045A6A346DD72695CEA99,ms,77.77,2.59,0.17,0.22,0.0,0.0,0.0,0.0,1,0,0,0,0,0,1
MS-5004700-B869DE71C6B64B8388943269049214AB,ms,374.94,12.5,0.0,0.0,0.0,0.0,0.0,0.0,2,0,0,0,0,0,1
MS-5004502-B3D8E6D268BC45A7AF660AE978495B99,ms,5.65,0.19,0.0,0.0,0.0,0.0,0.0,0.0,2,0,0,0,0,0,1
MS-5002001-0CDB18F6BECA4D34B4E7E863D4F3CA11,ms,29.82,0.75,0.0,0.0,0.0,0.0,0.0,0.0,2,0,0,0,0,0,1
MS-5004908-3212D64D882D44ADAC4065CF471B9669,ms,70.45,2.02,0.0,0.0,0.0,0.0,0.0,0.0,2,0,0,0,0,0,1
MS-5007307-041D6D2D15F84CCB87C591B1F76F16A2,ms,35.42,0.89,0.0,0.0,0.0,0.0,0.0,0.0,2,0,0,0,0,0,1
MS-5004502-2CA0566CB54D46F69C9CE959E4C4EB68,ms,43.53,1.45,0.0,0.0,0.0,0.0,0.0,0.0,2,0,0,0,0,0,1
MS-5004700-18BF020E6ACF403C9430A68743DA7811,ms,15478.97,515.3,428.5,2.77,0.0,0.0,0.0,0.0,1,0,0,0,0,0,1
MS-5007307-743800721AF949B59A51E85FC72703D5,ms,19.3,0.48,5.03,26.06,0.0,0.0,0.0,0.0,0,0,0,0,0,0,1
MS-5004502-57CE725E35D34B3E9C4E232BB5BC481E,ms,103.08,3.44,0.42,0.41,0.0,0.0,0.0,0.0,1,0,0,0,0,0,1
MS-5003256-F8492CEA44E04AA8BDAEDFD8BCA8719C,ms,7.18,0.1,0.0,0.0,0.0,0.0,0.0,0.0,2,0,0,0,0,0,1
MS-5004502-5D337534C7894E60BFA2AFD2A99A24EB,ms,16.64,0.55,0.08,0.48,0.0,0.0,0.0,0.0,1,0,0,0,0,0,1
MS-5007208-6B2A13AF71674A9695B43A4442EE20B0,ms,3918.36,130.61,33.9,0.87,0.0,0.0,0.0,0.0,1,0,0,0,0,0,1
MS-5004502-35CA7B90C0B5483882C052AF07EEF094,ms,34.81,1.16,0.0,0.0,0.0,0.0,0.0,0.0,2,0,0,0,0,0,1
MS-5004700-C040CB698FB74DDC922B3D99E0F37A0C,ms,24.16,0.8,0.32,1.32,0.0,0.0,0.0,0.0,1,0,0,0,0,0,1
MS-5003900-6B2D5B798F6347BC924596F17B4A4DB5,ms,1115.72,15.94,72.16,6.47,0.0,0.0,0.0,0.0,1,0,0,0,0,0,1
MS-5003256-7EC52741901E4A20BA7053A19ABF7479,ms,325.68,4.65,0.33,0.1,0.0,0.0,0.0,0.0,1,0,0,0,0,0,1
MS-5007406-0E97563777AB4906810D8C3941CA42E5,ms,607.45,10.09,56.85,9.36,0.0,0.0,0.0,0.0,1,0,0,0,0,0,1
MS-5004908-2F6B39BCD2984872AA62999CD9DF852F,ms,9.77,0.28,0.0,0.0,0.0,0.0,0.0,0.0,2,0,0,0,0,0,1
MS-5007208-1FA45BA3B18844B9B6AA22EBF9BD2234,ms,168.92,5.63,0.17,0.1,0.0,0.0,0.0,0.0,1,0,0,0,0,0,1
MS-5004908-CF9ECAB5866B4743A5EC90E38AC08C55,ms,55.88,1.6,0.66,1.18,0.0,0.0,0.0,0.0,1,0,0,0,0,0,1
MS-5004908-F38EA155AD734FE3B58EF07223BABA27,ms,902.24,25.7,0.25,0.03,0.0,0.0,0.0,0.0,1,0,0,0,0,0,1
MS-5003256-D2D9145006D4451D8AA7781573387784,ms,29.19,0.42,2.51,8.6,0.0,0.0,0.0,0.0,1,0,0,0,0,0,1
MS-5004700-87AAC28EA5964877AB58705EB171877C,ms,2.82,0.09,0.03,1.06,0.0,0.0,0.0,0.0,1,0,0,0,0,0,1
MS-5003256-E3A52E74DC37419CBE0015491EEAA5AC,ms,845.64,11.98,41.19,4.87,0.0,0.0,0.0,0.0,1,0,0,0,0,0,1
MS-5004908-B2CBDDB6A0B64232B06C21B5A50A32CF,ms,10.79,0.31,0.0,0.0,0.0,0.0,0.0,0.0,2,0,0,0,0,0,1
MS-5007208-41728DC7BC05499185F45ABC3681C366,ms,436.73,14.56,0.58,0.13,0.0,0.0,0.0,0.0,1,0,0,0,0,0,1
MS-5004502-E8C44C46D31D4B988B71A4172F70E0C7,ms,3.29,0.11,0.0,0.0,0.0,0.0,0.0,0.0,2,0,0,0,0,0,1
MS-5007307-A13000FBF0FC4F53950A9B478F856302,ms,76.56,1.91,2.01,2.63,0.0,0.0,0.0,0.0,1,0,0,0,0,0,1
MS-5002001-5DBDD44D0E1A4513BBB28D57D27B9DF2,ms,11.05,0.28,0.51,4.62,0.0,0.0,0.0,0.0,1,0,0,0,0,0,1
MS-5007208-09D21F050B5B437FBA6844FBFE692093,ms,421.35,14.05,5.41,1.28,0.0,0.0,0.0,0.0,1,0,0,0,0,0,1
MS-5003256-67A4B2FC9F04435CA1B82B2A75F27ED3,ms,72.16,1.03,17.9,24.81,0.0,0.0,0.0,0.0,0,0,0,0,0,0,1
MS-5004700-D837DC5B82744961B7936DEFD4824C0F,ms,51.56,1.72,0.25,0.48,0.0,0.0,0.0,0.0,1,0,0,0,0,0,1
MS-5004908-473358B20C504E57ACEFE879B8D97988,ms,10.29,0.29,0.0,0.0,0.0,0.0,0.0,0.0,2,0,0,0,0,0,1
MS-5004502-B1F05DE75E6046488C196EE33806A53D,ms,1.01,0.03,0.0,0.0,0.0,0.0,0.0,0.0,2,0,0,0,0,0,1
MS-5004502-47EF802F094440149124AB5078EADF33,ms,4.84,0.16,0.0,0.0,0.0,0.0,0.0,0.0,2,0,0,0,0,0,1
MS-5004908-70EB98EE0B7B45DF962079555C4A9F29,ms,45.7,1.31,0.0,0.0,0.0,0.0,0.0,0.0,2,0,0,0,0,0,1
MS-5004908-ECEAE2B11C97487AAF439E3F0F168535,ms,4.63,0.13,0.0,0.0,0.0,0.0,0.0,0.0,2,0,0,0,0,0,1
MS-5002001-970DFC3F73ED46BAA331657C35362E86,ms,31.82,0.8,0.17,0.53,0.0,0.0,0.0,0.0,1,0,0,0,0,0,1
MS-5004908-31534D15C04D4817BBDFB294041CCFD2,ms,4.03,0.12,0.0,0.0,0.0,0.0,0.0,0.0,2,0,0,0,0,0,1
MS-5004502-CF425BA2D04B45B9A69CEA136D712BD3,ms,28.38,0.95,0.0,0.0,0.0,0.0,0.0,0.0,2,0,0,0,0,0,1
MS-5004700-81FA236402F34F70A0E17B95EAEF328E,ms,15.63,0.52,0.0,0.0,0.0,0.0,0.0,0.0,2,0,0,0,0,0,1
MS-5004908-CC2F3CA76947466DA460A4C8CA49D748,ms,29.83,0.85,0.07,0.23,0.0,0.0,0.0,0.0,1,0,0,0,0,0,1
MS-5007901-EA25F3D651C04ABCB4F3CAC2EF534155,ms,3862.96,128.77,11.8,0.31,0.0,0.0,0.0,0.0,1,0,0,0,0,0,1
MS-5003256-D9BCD8E83FCC42B79B4B99A7C03CCD7E,ms,2198.07,31.4,64.09,2.92,0.0,0.0,0.0,0.0,1,0,0,0,0,0,1
MS-5004700-D5532A1092A246259BE57F6B83A59A10,ms,11.7,0.39,0.0,0.0,0.0,0.0,0.0,0.0,2,0,0,0,0,0,1
MS-5004502-0BC915067FB0477FBA836712CAF61889,ms,11.53,0.38,0.0,0.0,0.0,0.0,0.0,0.0,2,0,0,0,0,0,1
MS-5002001-D3AB249F41E447FAAE238F6AFE5F95CB,ms,48.4,1.21,0.08,0.17,0.0,0.0,0.0,0.0,1,0,0,0,0,0,1
MS-5004502-FFBB2B0DB44948369C27F8F9C1CDD9D4,ms,22.82,0.74,0.0,0.0,0.0,0.0,0.0,0.0,2,0,0,0,0,0,1
MS-5004700-01782F4788C84066947BF7EECD022ED3,ms,15.73,0.52,0.0,0.0,0.0,0.0,0.0,0.0,2,0,0,0,0,0,1
MS-5004908-C91AE1AEB2BD4AC3B8961A6DE28C8237,ms,100.22,2.86,13.85,13.82,0.0,0.0,0.0,0.0,1,0,0,0,0,0,1
MS-5004700-AD7B4CF8BECA47C49E59FB050D515D32,ms,6.53,0.22,0.0,0.0,0.0,0.0,0.0,0.0,2,0,0,0,0,0,1
MS-5004700-A62DC5613D434580A3A158AD35C70352,ms,38.46,1.28,0.0,0.0,0.0,0.0,0.0,0.0,2,0,0,0,0,0,1
MS-5004908-04816C440FDE4787A58ABBD7494F3B55,ms,6.84,0.2,0.0,0.0,0.0,0.0,0.0,0.0,2,0,0,0,0,0,1
MS-5003256-DC803456DDCC4C66A5B9F0749F97F48C,ms,156.42,2.23,5.11,3.27,0.0,0.0,0.0,0.0,1,0,0,0,0,0,1
MS-5004502-0EC1BB381BEA4E30ABEBF8EBDED6FB2E,ms,10.05,0.34,0.0,0.0,0.0,0.0,0.0,0.0,2,0,0,0,0,0,1
MS-5007307-BD1E7C66F18940AEBCA7EEED8B238298,ms,1352.01,33.8,38.3,2.83,0.0,0.0,0.0,0.0,1,0,0,0,0,0,1
MS-5004908-DD69237A179A4622A5BD82FFBFDD2B95,ms,8.45,0.24,0.0,0.0,0.0,0.0,0.0,0.0,2,0,0,0,0,0,1
MS-5002001-A69C78D3D90143C0B3E140ABD2D25587,ms,14.48,0.36,0.0,0.0,0.0,0.0,0.0,0.0,2,0,0,0,0,0,1
MS-5003256-A4CEC2118CC946E898352959DFA79206,ms,14.82,0.21,0.0,0.0,0.0,0.0,0.0,0.0,2,0,0,0,0,0,1
MS-5004700-A0E7809CBB60454380E10F7E85F0F05B,ms,2.92,0.1,0.0,0.0,0.0,0.0,0.0,0.0,2,0,0,0,0,0,1
MS-5007406-014085353CA44ECC8BDF57D1447C7849,ms,354.58,5.91,2.08,0.59,0.0,0.0,0.0,0.0,1,0,0,0,0,0,1
MS-5002001-851A6D3F37C34B78999E5F91753133A7,ms,830.65,20.77,1.08,0.13,0.0,0.0,0.0,0.0,1,0,0,0,0,0,1
MS-5004700-D27C02385BFE4CC8B8FC526EE4BB6848,ms,7.35,0.25,0.0,0.0,0.0,0.0,0.0,0.0,2,0,0,0,0,0,1
MS-5002001-FD5917B038F04D30832F75227D192128,ms,173.08,4.33,1.62,0.94,0.0,0.0,0.0,0.0,1,0,0,0,0,0,1
MS-5003256-43D7659FF7F641DD9A3CB62F6AC779AF,ms,1242.49,17.74,134.9,10.86,0.0,0.0,0.0,0.0,1,0,0,0,0,0,1
MS-5007307-70FEAF6DE488472D84AE6625F6DFE45F,ms,3440.72,85.57,104.73,3.04,0.0,0.0,0.0,0.0,1,0,0,0,0,0,1
MS-5004700-5E03558698184627AD1EF9031C7DB8AC,ms,57.01,1.9,0.0,0.0,0.0,0.0,0.0,0.0,2,0,0,0,0,0,1
MS-5004502-D78162376E304D4EA0F45CEDD61EECB9,ms,24.54,0.82,0.0,0.0,0.0,0.0,0.0,0.0,2,0,0,0,0,0,1
MS-5004908-6782A6618A32492D933BD1E2174B3A08,ms,7058.2,201.66,3871.47,54.85,0.0,0.0,0.0,0.0,0,0,0,0,0,0,1
MS-5007208-1F663E2C83294822BD142BEC1771AE9B,ms,1755.75,58.08,63.3,3.61,0.0,0.0,0.0,0.0,1,0,0,0,0,0,1
MS-5004908-11FAE715AC164CA6B4F6A93ACD6ADA32,ms,4.0,0.11,0.0,0.0,0.0,0.0,0.0,0.0,2,0,0,0,0,0,1
MS-5004700-F28F575F757E42B7BFD460A5CC12080E,ms,24.04,0.8,1.16,4.83,0.0,0.0,0.0,0.0,1,0,0,0,0,0,1
MS-5004700-07752894B6664DAB967B85AA327DFEAE,ms,2.76,0.09,0.0,0.0,0.0,0.0,0.0,0.0,2,0,0,0,0,0,1
MS-5002001-41774F3A2D2C45A58D72CE3AE5B27C2D,ms,301.53,7.54,2.07,0.69,0.0,0.0,0.0,0.0,1,0,0,0,0,0,1
MS-5007307-47E0C15B25EF4BEEA7FD38410C7B8E71,ms,20.0,0.5,6.13,30.65,0.0,0.0,0.0,0.0,0,0,0,0,0,0,1
MS-5007307-8B6A7ACA91B34D68A274BC47218BD048,ms,24.98,0.62,1.39,5.56,0.0,0.0,0.0,0.0,1,0,0,0,0,0,1
MS-5007208-ACF29A53596643239C0392419E0FC51E,ms,123.67,4.12,4.53,3.66,0.0,0.0,0.0,0.0,1,0,0,0,0,0,1
MS-5004502-9551B82862D543B7B4B6AE76659A92CF,ms,69.12,2.3,0.08,0.12,0.0,0.0,0.0,0.0,1,0,0,0,0,0,1
MS-5004908-7FFC18E9ECAF42A181BD008B3CD79D80,ms,4.86,0.14,0.02,0.41,0.0,0.0,0.0,0.0,1,0,0,0,0,0,1
MS-5003256-A92DB2C73FF341F19526FBFCB5AC6223,ms,43.31,0.62,0.17,0.39,0.0,0.0,0.0,0.0,1,0,0,0,0,0,1
MS-5004700-0A5B6B2E9C08497F938F74B3DA675167,ms,22.47,0.75,0.0,0.0,0.0,0.0,0.0,0.0,2,0,0,0,0,0,1
MS-5003256-7443E44E26284759BE0744887AFEEC59,ms,89.89,1.28,30.95,34.43,0.0,0.0,0.0,0.0,0,0,0,0,0,0,1
MS-5004908-3B609D89755F4284AFD5F96193E4F87B,ms,1.93,0.06,0.01,0.52,0.0,0.0,0.0,0.0,1,0,0,0,0,0,1
MS-5003256-2EA1315E28534345B443C6D6536106F4,ms,18.28,0.26,0.0,0.0,0.0,0.0,0.0,0.0,2,0,0,0,0,0,1
MS-5004502-0E612927FC3E4AC3A5CA4CAB4AF687A1,ms,2.91,0.1,0.0,0.0,0.0,0.0,0.0,0.0,2,0,0,0,0,0,1
MS-5007208-DC2EC63C7EFB40A78654F785DE9592E5,ms,760.04,25.33,7.0,0.92,0.0,0.0,0.0,0.0,1,0,0,0,0,0,1
MS-5007406-05B25B0AB6FD4FAF91A690C2D4A67827,ms,2.65,0.04,0.0,0.0,0.0,0.0,0.0,0.0,2,0,0,0,0,0,1
MS-5007307-C68E328777C5459EBF2316DC25620AE0,ms,232.45,5.79,0.57,0.25,0.0,0.0,0.0,0.0,1,0,0,0,0,0,1
MS-5004908-EFE89B9E3313403BB1F1DA3E410CB719,ms,2.02,0.06,0.0,0.0,0.0,0.0,0.0,0.0,2,0,0,0,0,0,1
MS-5004700-E0A9C30306CE4C01A57D9A66CD6AA9F8,ms,25.97,0.87,0.28,1.08,0.0,0.0,0.0,0.0,1,0,0,0,0,0,1
MS-5004700-508FDA72256844889D2249D42F1FCCFD,ms,18.5,0.62,0.17,0.92,0.0,0.0,0.0,0.0,1,0,0,0,0,0,1
MS-5004700-8D7CFB19DC4D463C832EEFAF1C069128,ms,47.58,1.58,0.02,0.04,0.0,0.0,0.0,0.0,1,0,0,0,0,0,1
MS-5002001-A1F4E130A04C46FDB14AC2DAB1DE946F,ms,3.02,0.08,0.0,0.0,0.0,0.0,0.0,0.0,2,0,0,0,0,0,1
MS-5004908-67583BFE11D14337B98468CEA2BEDC2C,ms,1.98,0.06,0.1,5.04,0.0,0.0,0.0,0.0,1,0,0,0,0,0,1
MS-5003256-334DA1EF601E4AE8B5CB4E40902B8AB4,ms,136.99,1.96,9.92,7.24,0.0,0.0,0.0,0.0,1,0,0,0,0,0,1
MS-5007208-69CF18A340454736B13DC2AD1B8B57DD,ms,12.33,0.41,0.0,0.0,0.0,0.0,0.0,0.0,2,0,0,0,0,0,1
MS-5004700-4856B135AF4348188825EB3DF89A644C,ms,394.76,13.14,0.0,0.0,0.0,0.0,0.0,0.0,2,0,0,0,0,0,1
MS-5007208-022EAB26374149FF81CE066E09A40F92,ms,46.85,1.56,0.0,0.0,0.0,0.0,0.0,0.0,2,0,0,0,0,0,1
MS-5004908-D632A1AC7A8F41528B7964F7DD1A0F6E,ms,755.75,21.42,108.59,14.37,0.0,0.0,0.0,0.0,1,0,0,0,0,0,1
MS-5003256-B1A6ABDFEE784FE888175F609A94DF16,ms,591.17,8.45,16.73,2.83,0.0,0.0,0.0,0.0,1,0,0,0,0,0,1
MS-5004908-A6D4745CC66B4E99A7FDFF9335DA7F25,ms,337.99,9.64,6.07,1.8,0.0,0.0,0.0,0.0,1,0,0,0,0,0,1
MS-5004502-FD8BB91FAE84446CB28A2B35E62F3EAE,ms,3.41,0.12,0.0,0.0,0.0,0.0,0.0,0.0,2,0,0,0,0,0,1
MS-5003256-BF087E1F997B420B9C66D3B77DD34A63,ms,3082.87,44.04,54.44,1.77,0.0,0.0,0.0,0.0,1,0,0,0,0,0,1
MS-5003256-1FA3F9DAB4D24B6CB17540B02DEC6F47,ms,81.15,1.17,0.0,0.0,0.0,0.0,0.0,0.0,2,0,0,0,0,0,1
MS-5004502-31DE71E433C74AB1BC76EBECF33D24B2,ms,14.11,0.47,0.0,0.0,0.0,0.0,0.0,0.0,2,0,0,0,0,0,1
MS-5004908-E88D26BF67F445BCB07B925A74E99D37,ms,5.37,0.15,0.0,0.0,0.0,0.0,0.0,0.0,2,0,0,0,0,0,1
MS-5004700-D3E02CDD1D2C4C928C9443098E24DCB9,ms,14.91,0.5,0.0,0.0,0.0,0.0,0.0,0.0,2,0,0,0,0,0,1
MS-5004502-10EAE680D3B140B4AAE8B24DD5FF2697,ms,12.28,0.41,0.29,2.36,0.0,0.0,0.0,0.0,1,0,0,0,0,0,1
MS-5004908-63C80DF95E3F4492B8B02DF2708269EE,ms,6.03,0.17,0.0,0.0,0.0,0.0,0.0,0.0,2,0,0,0,0,0,1
MS-5007208-958509C53E8C45A5AF580F61244C0E89,ms,3162.64,105.37,26.97,0.85,0.0,0.0,0.0,0.0,1,0,0,0,0,0,1
MS-5004908-DDE7A3EE7F9D4928A0A9AD84A46F3A96,ms,5.76,0.16,0.0,0.0,0.0,0.0,0.0,0.0,2,0,0,0,0,0,1
MS-5004502-CAF635E2B5B049A59714BD688000EE0A,ms,5.06,0.17,0.0,0.0,0.0,0.0,0.0,0.0,2,0,0,0,0,0,1
MS-5004908-5B5EDCC9EA69482B8C253ADF783D5259,ms,8.24,0.24,0.32,3.88,0.0,0.0,0.0,0.0,1,0,0,0,0,0,1
MS-5007307-B8CF5A91E21F48A7BDFF6209F65068D7,ms,29.04,0.73,0.32,1.1,0.0,0.0,0.0,0.0,1,0,0,0,0,0,1
MS-5007208-31D092AE57DB42D5BA9107013D15ECEC,ms,1534.84,51.13,0.7,0.05,0.0,0.0,0.0,0.0,1,0,0,0,0,0,1
MS-5007208-D0B2327F30CF49228EB2F66BDF91736B,ms,398.79,13.29,1.76,0.44,0.0,0.0,0.0,0.0,1,0,0,0,0,0,1
MS-5004908-DC83E34D709C4A2F85CCE06C6C1A8A5C,ms,43.5,1.24,0.12,0.28,0.0,0.0,0.0,0.0,1,0,0,0,0,0,1
MS-5004502-7257B40757424AC78B143B75C056946E,ms,49.16,1.64,0.0,0.0,0.0,0.0,0.0,0.0,2,0,0,0,0,0,1
MS-5004908-FE2CB79153714B4B997FAD66F1B386E3,ms,19.91,0.57,0.0,0.0,0.0,0.0,0.0,0.0,2,0,0,0,0,0,1
MS-5004908-02DAB3AA6AB4466593BECEA9254EE52C,ms,40.03,1.14,7.8,19.49,0.0,0.0,0.0,0.0,1,0,0,0,0,0,1
MS-5004908-D64BB47369AE4DC08D27A5235E4E6DC0,ms,8.63,0.24,0.0,0.0,0.0,0.0,0.0,0.0,2,0,0,0,0,0,1
MS-5003256-8F7044C0496F42C5B420E7EB623B02D9,ms,487.37,6.96,0.54,0.11,0.0,0.0,0.0,0.0,1,0,0,0,0,0,1
MS-5004908-791B022A44A549B3AC90BB0030669639,ms,8.55,0.24,1.09,12.75,0.0,0.0,0.0,0.0,1,0,0,0,0,0,1
MS-5003256-79DB23D3C6E84B45AAC90C781CC60348,ms,67.33,0.96,2.15,3.19,0.0,0.0,0.0,0.0,1,0,0,0,0,0,1
MS-5002001-64A09AAD09AF437A8825A1A5DA0AB4A1,ms,125.41,3.13,0.0,0.0,0.0,0.0,0.0,0.0,2,0,0,0,0,0,1
MS-5004908-88E354D2747340519859C5027C220B8D,ms,3.19,0.09,0.0,0.0,0.0,0.0,0.0,0.0,2,0,0,0,0,0,1
MS-5007208-9D6ED9CBA5B742D7B869642F23AF42DF,ms,16.62,0.55,0.14,0.84,0.0,0.0,0.0,0.0,1,0,0,0,0,0,1
MS-5004908-C707648A256443F2ADDC2986C0557CCC,ms,2.83,0.08,0.0,0.0,0.0,0.0,0.0,0.0,2,0,0,0,0,0,1
MS-5004908-F7F7A5C0CC4C4175AE20C720A474DD96,ms,107.81,3.08,1.31,1.22,0.0,0.0,0.0,0.0,1,0,0,0,0,0,1
MS-5002001-47DEA33FBA734F5BA5D2D84B9A477A6C,ms,12.31,0.31,0.0,0.0,0.0,0.0,0.0,0.0,2,0,0,0,0,0,1
MS-5003256-D816CFA17DF6492D8DEF7E0C0CB96306,ms,621.36,8.87,4.4,0.71,0.0,0.0,0.0,0.0,1,0,0,0,0,0,1
MS-5003256-CDFBB8C44F6045B0B4A5F0E5D91B5CDA,ms,172.46,2.46,0.16,0.09,0.0,0.0,0.0,0.0,1,0,0,0,0,0,1
MS-5002001-F4582E8A94AB40AFA88B3FA9B5294885,ms,1.7,0.04,0.0,0.0,0.0,0.0,0.0,0.0,2,0,0,0,0,0,1
MS-5004700-0E76C3279A274EAEB87897A37B04C18E,ms,4.46,0.15,0.0,0.0,0.0,0.0,0.0,0.0,2,0,0,0,0,0,1
MS-5002001-4C2A56FF47584A89BE94297AC6035EA3,ms,66.49,1.67,0.0,0.0,0.0,0.0,0.0,0.0,2,0,0,0,0,0,1
MS-5004700-0C36549778EF4965ADC1D7E9604BE9B4,ms,3.69,0.12,0.0,0.0,0.0,0.0,0.0,0.0,2,0,0,0,0,0,1
MS-5004700-388C37FCC68A45868A7E8807D098C2D5,ms,11.87,0.4,0.0,0.0,0.0,0.0,0.0,0.0,2,0,0,0,0,0,1
MS-5007208-A5649AA7248A4878BDC7DFB5C360C2EE,ms,129.36,4.31,0.75,0.58,0.0,0.0,0.0,0.0,1,0,0,0,0,0,1
MS-5002001-CAB47A93864C412DA9F41ED5437B164E,ms,12.43,0.31,0.0,0.0,0.0,0.0,0.0,0.0,2,0,0,0,0,0,1
MS-5002001-20F0AB5A2C6F468C825EAF44122882C4,ms,11.94,0.3,0.0,0.0,0.0,0.0,0.0,0.0,2,0,0,0,0,0,1
MS-5003256-673DC178C50142EF942AFFC2ECD9B7FB,ms,1612.41,23.06,159.19,9.87,0.0,0.0,0.0,0.0,1,0,0,0,0,0,1
MS-5004908-A5A36E0A85FD4E8B85C22C12F28BC5D6,ms,5.14,0.15,0.0,0.0,0.0,0.0,0.0,0.0,2,0,0,0,0,0,1
MS-5004908-0E84A6ECAEEA42398602DA25E24F10CE,ms,7.02,0.2,2.57,36.61,0.0,0.0,0.0,0.0,0,0,0,0,0,0,1
MS-5004908-1BE31814FEBB44B294FAD88B4FB7D4CB,ms,62.73,1.79,0.0,0.0,0.0,0.0,0.0,0.0,2,0,0,0,0,0,1
MS-5007208-52DCB619AA4347E6B88996CB566654B7,ms,2.02,0.07,0.0,0.0,0.0,0.0,0.0,0.0,2,0,0,0,0,0,1
MS-5002001-F70C31539C15469E9A4A3A842EBDDCE4,ms,286.84,7.17,0.08,0.03,0.0,0.0,0.0,0.0,1,0,0,0,0,0,1
MS-5003256-9594683045BF453AB8FA3040562618D2,ms,46.45,0.66,3.14,6.76,0.0,0.0,0.0,0.0,1,0,0,0,0,0,1
MS-5007208-30123881498D4B04B95E09CB420621A2,ms,19.89,0.66,0.0,0.0,0.0,0.0,0.0,0.0,2,0,0,0,0,0,1
MS-5004700-0B462E1C355B4C929E340FD286D1564E,ms,125.02,4.17,0.0,0.0,0.0,0.0,0.0,0.0,2,0,0,0,0,0,1
MS-5002001-41E9E548516F4EBB87C7D020CD9C354B,ms,13.62,0.34,0.0,0.0,0.0,0.0,0.0,0.0,2,0,0,0,0,0,1
MS-5007208-29242C52A755487697988DBE05785B6F,ms,1070.59,35.69,37.28,3.48,0.0,0.0,0.0,0.0,1,0,0,0,0,0,1
MS-5004908-F1B741DBBCF14240AFB450489FFE7388,ms,6.22,0.18,0.0,0.0,0.0,0.0,0.0,0.0,2,0,0,0,0,0,1
MS-5004908-92A9F86888AA4DBAB1967943AC37EEA0,ms,89.87,2.57,14.6,16.25,0.0,0.0,0.0,0.0,1,0,0,0,0,0,1
MS-5003256-C6A78115849048389893150EA16AF986,ms,14.75,0.21,2.35,15.94,0.0,0.0,0.0,0.0,1,0,0,0,0,0,1
MS-5004700-E51F4677C0C54F4690FB95EA8B161119,ms,2.42,0.08,0.0,0.0,0.0,0.0,0.0,0.0,2,0,0,0,0,0,1
MS-5004502-43101C1B3F59433B99371D0E995E3E0F,ms,11.85,0.39,0.0,0.0,0.0,0.0,0.0,0.0,2,0,0,0,0,0,1
MS-5004700-1C362C5102774DF580E4532662FE39DA,ms,36.16,1.21,0.0,0.0,0.0,0.0,0.0,0.0,2,0,0,0,0,0,1
MS-5007208-E5A99AC3B9AE499C8046E96FE5AFA7C1,ms,9.88,0.33,0.0,0.0,0.0,0.0,0.0,0.0,2,0,0,0,0,0,1
MS-5004908-0FC2D154188C4ABBB58FFA9A2663CA65,ms,74.62,2.13,0.08,0.11,0.0,0.0,0.0,0.0,1,0,0,0,0,0,1
MS-5004908-59389647B5714078AF6266B222BDEC16,ms,4.0,0.11,0.0,0.0,0.0,0.0,0.0,0.0,2,0,0,0,0,0,1
MS-5002001-010D55230E75497FAB4DEB8B09810CD4,ms,5.13,0.13,0.49,9.55,0.0,0.0,0.0,0.0,1,0,0,0,0,0,1
MS-5007307-0F632683000E47078F8FE43DE2783824,ms,2.0,0.05,0.0,0.0,0.0,0.0,0.0,0.0,2,0,0,0,0,0,1
MS-5004700-529A7D37946C4CDFB2CCFD7711BC6F85,ms,6.0,0.2,0.0,0.0,0.0,0.0,0.0,0.0,2,0,0,0,0,0,1
MS-5004700-D59804B9D5044598BF63BD151A58C5C0,ms,16.44,0.55,0.0,0.0,0.0,0.0,0.0,0.0,2,0,0,0,0,0,1
MS-5004908-5054D97519F94D6EB63EBF3242E89E9D,ms,4.64,0.13,0.0,0.0,0.0,0.0,0.0,0.0,2,0,0,0,0,0,1
MS-5004908-12F07A16A13743D4A726BE78FE950252,ms,742.3,21.17,0.18,0.02,0.0,0.0,0.0,0.0,1,0,0,0,0,0,1
MS-5003256-6D9364A09DA64C38BB9711F5000DDA9A,ms,845.88,12.08,4.22,0.5,0.0,0.0,0.0,0.0,1,0,0,0,0,0,1
MS-5004908-4A67F9610A784FF5BEEC54D637D7FD82,ms,381.06,10.89,73.58,19.31,0.0,0.0,0.0,0.0,1,0,0,0,0,0,1
MS-5003256-6E045E88C436451DB2B501861B05E51A,ms,36.37,0.52,0.37,1.02,0.0,0.0,0.0,0.0,1,0,0,0,0,0,1
MS-5003256-72578142A16D48F49E8B464D2E9E7A6B,ms,52.15,0.74,24.8,47.56,0.0,0.0,0.0,0.0,0,0,0,0,0,0,1
MS-5007307-542D06E642C3418981B75DA20A0766A3,ms,5.02,0.13,0.0,0.0,0.0,0.0,0.0,0.0,2,0,0,0,0,0,1
MS-5004908-0896A2AFBD2048C9AB66BB2F49F9156E,ms,101.47,2.89,1.6,1.58,0.0,0.0,0.0,0.0,1,0,0,0,0,0,1
MS-5004700-3851C4366F30489FA6953A689E8BC3D3,ms,2.43,0.08,1.54,63.5,0.0,0.0,0.0,0.0,0,0,0,0,0,0,1
MS-5004700-77E834C88F844CEC82B37A4395B95E7E,ms,5.54,0.18,0.03,0.54,0.0,0.0,0.0,0.0,1,0,0,0,0,0,1
MS-5003256-6AF2802B83FA4ECB98EDA29D0077D392,ms,8.67,0.12,0.17,1.96,0.0,0.0,0.0,0.0,1,0,0,0,0,0,1
MS-5004700-9B6EBAAF3D024FC395E0F78FE9B32CEE,ms,5.12,0.17,0.0,0.0,0.0,0.0,0.0,0.0,2,0,0,0,0,0,1
MS-5004502-D0F08C749F7244A2A3BA3F3284576132,ms,1.18,0.04,0.0,0.0,0.0,0.0,0.0,0.0,2,0,0,0,0,0,1
MS-5004700-9A3E7FA53FE94C80A5BA01B029364ED5,ms,71.53,2.38,0.06,0.08,0.0,0.0,0.0,0.0,1,0,0,0,0,0,1
MS-5007208-3330F7B8A9D44B2AAFACC5FF7C686647,ms,280.11,9.36,0.26,0.09,0.0,0.0,0.0,0.0,1,0,0,0,0,0,1
MS-5003256-69DC72BA06BC400CA90B6CA77ADA0C99,ms,191.0,2.73,44.36,23.23,0.0,0.0,0.0,0.0,0,0,0,0,0,0,1
MS-5004700-DEDBF9AA988A47D3A9F2D82EED1EBDCE,ms,12.58,0.42,0.0,0.0,0.0,0.0,0.0,0.0,2,0,0,0,0,0,1
MS-5004502-9552C4082164459AA6AF8A93C4B53461,ms,452.9,14.95,2.42,0.53,0.0,0.0,0.0,0.0,1,0,0,0,0,0,1
MS-5004700-088BAEACF767488089C70B91B9D045B1,ms,5.1,0.17,0.0,0.0,0.0,0.0,0.0,0.0,2,0,0,0,0,0,1
MS-5004908-A826EE5DD2764C0D85ABB18993A7210D,ms,6.16,0.18,0.07,1.14,0.0,0.0,0.0,0.0,1,0,0,0,0,0,1
MS-5004908-B31461C99B434E33A6C9F9F25E8FB016,ms,4.4,0.13,0.0,0.0,0.0,0.0,0.0,0.0,2,0,0,0,0,0,1
MS-5004700-6878F44E25014DA097497A7F88B01B83,ms,2.51,0.08,2.39,95.08,0.0,0.0,0.0,0.0,0,0,0,0,0,0,1
MS-5004700-CAAC08B991BF4F7EA467927D2029ACF1,ms,7.56,0.25,0.0,0.0,0.0,0.0,0.0,0.0,2,0,0,0,0,0,1
MS-5004502-E992B47F020D4872B608775E0DBFAB37,ms,21.81,0.73,0.0,0.0,0.0,0.0,0.0,0.0,2,0,0,0,0,0,1
MS-5004908-F8E8E22C50E548D6ABB35CC6B0702669,ms,117.05,3.34,12.83,10.96,0.0,0.0,0.0,0.0,1,0,0,0,0,0,1
MS-5007208-F94692BC8ECE472BB44932552F388D76,ms,1424.37,47.43,25.67,1.8,0.0,0.0,0.0,0.0,1,0,0,0,0,0,1
MS-5004700-ABB1E3423D7F45ED8CEAD5E032D15297,ms,51.31,1.71,0.0,0.0,0.0,0.0,0.0,0.0,2,0,0,0,0,0,1
MS-5002001-9A8CE834CEAB4794ABC5DC65976100B3,ms,108.29,2.71,0.0,0.0,0.0,0.0,0.0,0.0,2,0,0,0,0,0,1
MS-5004700-EAB051CD3E8F4B649B09149A49701DC4,ms,10.38,0.35,0.0,0.0,0.0,0.0,0.0,0.0,2,0,0,0,0,0,1
MS-5004908-E059742BDD9644A8A06F6D352BFF1E17,ms,2.14,0.06,0.0,0.0,0.0,0.0,0.0,0.0,2,0,0,0,0,0,1
MS-5007208-7844329387904992980264CC3D7A4726,ms,3.01,0.1,0.03,1.0,0.0,0.0,0.0,0.0,1,0,0,0,0,0,1
MS-5004700-44D4898F2042484BB9919EEC7D1293D4,ms,4.93,0.16,0.0,0.0,0.0,0.0,0.0,0.0,2,0,0,0,0,0,1
MS-5004700-C1A0E10E0E654616AE1FA9D6DDD148DF,ms,5.0,0.17,0.0,0.0,0.0,0.0,0.0,0.0,2,0,0,0,0,0,1
MS-5004908-493BCC046E0643E9A7B94150EEFA07A6,ms,0.95,0.03,0.0,0.0,0.0,0.0,0.0,0.0,2,0,0,0,0,0,1
MS-5004908-919D6C99FB344C66B69F21CDE6A81DBA,ms,283.79,8.11,4.29,1.51,0.0,0.0,0.0,0.0,1,0,0,0,0,0,1
MS-5004908-88A00DC5C5634D6BABC3D3548C33FBAE,ms,29.08,0.83,0.0,0.0,0.0,0.0,0.0,0.0,2,0,0,0,0,0,1
MS-5004700-3AF9CF871459472A880569901AB2EE7E,ms,836.48,27.86,1.24,0.15,0.0,0.0,0.0,0.0,1,0,0,0,0,0,1
MS-5004700-089D97C2964E46DC89C3FC715BA3C740,ms,22.61,0.75,3.04,13.44,0.0,0.0,0.0,0.0,1,0,0,0,0,0,1
MS-5004502-01AD8A2C2ED848778DCE01EBC80FE15C,ms,9.88,0.33,0.0,0.0,0.0,0.0,0.0,0.0,2,0,0,0,0,0,1
MS-5004700-7F36D38323A74D6DB6672E44F3F02D07,ms,839.9,27.97,1.43,0.17,0.0,0.0,0.0,0.0,1,0,0,0,0,0,1
MS-5003256-0D2B4116830C49CA88128164F92A5E52,ms,4920.09,70.29,46.44,0.94,0.0,0.0,0.0,0.0,1,0,0,0,0,0,1
MS-5007208-E320CD94F7314FED9E26C8DD1AB6FBB1,ms,24.02,0.8,2.14,8.91,0.0,0.0,0.0,0.0,1,0,0,0,0,0,1
MS-5007307-0545EA492A4B4DC5AF02C701A13D2079,ms,202.48,5.05,1.09,0.54,0.0,0.0,0.0,0.0,1,0,0,0,0,0,1
MS-5004908-02D8B11F42C140A4836EC09D2E41F6B7,ms,3.47,0.1,0.43,12.4,0.0,0.0,0.0,0.0,1,0,0,0,0,0,1
MS-5004502-CA0FD149540F407DACBEDD8EA11130CE,ms,34.82,1.16,0.0,0.0,0.0,0.0,0.0,0.0,2,0,0,0,0,0,1
MS-5004908-163A8C39901D431B96298B1EBBCEC965,ms,6.61,0.19,0.0,0.0,0.0,0.0,0.0,0.0,2,0,0,0,0,0,1
MS-5003256-309ABBC9632744758EA15A3F87DF05D7,ms,22.44,0.32,0.51,2.27,0.0,0.0,0.0,0.0,1,0,0,0,0,0,1
MS-5004700-96A5FDBD2A6B4CE7AF0ED61049FC18F2,ms,24.56,0.82,0.0,0.0,0.0,0.0,0.0,0.0,2,0,0,0,0,0,1
MS-5004502-3B29BAD4FA61486AA0B70396F31D6D80,ms,51.21,1.71,0.08,0.16,0.0,0.0,0.0,0.0,1,0,0,0,0,0,1
MS-5003256-3CB55A798F2D41B394E43DC51D424FF6,ms,138.42,1.98,0.17,0.12,0.0,0.0,0.0,0.0,1,0,0,0,0,0,1
MS-5002001-93621FDA3B514EDAAD2CAA2CFB035E56,ms,208.0,5.21,0.0,0.0,0.0,0.0,0.0,0.0,2,0,0,0,0,0,1
MS-5004700-AED905FC126544369942DA4FFEF3271A,ms,3.02,0.1,0.0,0.0,0.0,0.0,0.0,0.0,2,0,0,0,0,0,1
MS-5003256-3C05DFA014554FC4AF0AAB6BAF6B1777,ms,760.28,10.86,31.02,4.08,0.0,0.0,0.0,0.0,1,0,0,0,0,0,1
MS-5007406-283B7597190142E88A0959AE04F6207A,ms,7.67,0.13,0.0,0.0,0.0,0.0,0.0,0.0,2,0,0,0,0,0,1
MS-5007307-0C9A3DEF8C934C1B8C95C49EDFB8FD31,ms,25.45,0.63,0.11,0.43,0.0,0.0,0.0,0.0,1,0,0,0,0,0,1
MS-5004502-2CE098E3732E442BA908E146DBE8F8A4,ms,27.3,0.91,0.0,0.0,0.0,0.0,0.0,0.0,2,0,0,0,0,0,1
MS-5002001-892E67B89B074BABA24F780DD798BDA0,ms,101.06,2.53,0.0,0.0,0.0,0.0,0.0,0.0,2,0,0,0,0,0,1
MS-5007307-183A7E8A2595490EA8DCBAB3F87F9983,ms,145.37,3.61,0.93,0.64,0.0,0.0,0.0,0.0,1,0,0,0,0,0,1
MS-5007208-8AF03C981A664340B2F21BA4A6E03FEF,ms,254.42,8.48,0.41,0.16,0.0,0.0,0.0,0.0,1,0,0,0,0,0,1
MS-5004908-84B1E4B2DA6444BB8AC2F9BB816672AF,ms,53.67,1.53,1.35,2.52,0.0,0.0,0.0,0.0,1,0,0,0,0,0,1
MS-5004700-003B2BA3DCB643278855CF5551908021,ms,8.67,0.29,0.12,1.38,0.0,0.0,0.0,0.0,1,0,0,0,0,0,1
MS-5002001-5B3D35262AA9465485BC0BAB335C29F3,ms,25.11,0.63,7.78,30.98,0.0,0.0,0.0,0.0,0,0,0,0,0,0,1
MS-5003256-84E139D974F540D99B9E33D1691BDCF0,ms,500.06,7.14,4.23,0.85,0.0,0.0,0.0,0.0,1,0,0,0,0,0,1
MS-5007307-6556FDEA486C4466AFA57D14230BD23F,ms,5.02,0.13,0.0,0.0,0.0,0.0,0.0,0.0,2,0,0,0,0,0,1
MS-5007208-632C5373CFD54E77A1347458B4BD5E55,ms,15.17,0.51,0.08,0.53,0.0,0.0,0.0,0.0,1,0,0,0,0,0,1
MS-5003256-A079EE495E0846709C24952936D34AEB,ms,69.6,0.99,31.05,44.61,0.0,0.0,0.0,0.0,0,0,0,0,0,0,1
MS-5004502-5992A8B8CAE446319481845C2A3390BF,ms,50.92,1.7,0.33,0.65,0.0,0.0,0.0,0.0,1,0,0,0,0,0,1
MS-5007307-6778993450574282953969A8877B1410,ms,23.01,0.58,0.02,0.09,0.0,0.0,0.0,0.0,1,0,0,0,0,0,1
MS-5007307-BADAB77C23DE43398C5F29031FE4BE29,ms,5.46,0.14,0.0,0.0,0.0,0.0,0.0,0.0,2,0,0,0,0,0,1
MS-5004700-B07AC25FCEFD46859C6EEBAC48459570,ms,30.79,1.03,0.0,0.0,0.0,0.0,0.0,0.0,2,0,0,0,0,0,1
MS-5002001-D919F938E3B644DA8E9CB4C12B9B96D7,ms,56.47,1.41,0.0,0.0,0.0,0.0,0.0,0.0,2,0,0,0,0,0,1
MS-5004502-401E837671E947EF85CCB8322637F297,ms,42.05,1.4,0.0,0.0,0.0,0.0,0.0,0.0,2,0,0,0,0,0,1
MS-5002001-347D7BAA07AE4E419699038E083AC873,ms,481.37,12.03,10.47,2.18,0.0,0.0,0.0,0.0,1,0,0,0,0,0,1
MS-5007208-38A0BAC6F70043CB9F5CD6741033140A,ms,102.5,3.42,0.13,0.13,0.0,0.0,0.0,0.0,1,0,0,0,0,0,1
MS-5002001-D893B96368C6411D941E1933F15CB20C,ms,13.42,0.34,0.0,0.0,0.0,0.0,0.0,0.0,2,0,0,0,0,0,1
MS-5004908-9B49728320534E0199B00CEA8807E41C,ms,11.68,0.33,0.08,0.68,0.0,0.0,0.0,0.0,1,0,0,0,0,0,1
MS-5004700-7DA9B58BD6684804BB3C165ED85EFA8E,ms,1.21,0.04,0.0,0.0,0.0,0.0,0.0,0.0,2,0,0,0,0,0,1
MS-5004502-C06F5113F6184DA1B966E52F41868738,ms,14.31,0.48,1.38,9.64,0.0,0.0,0.0,0.0,1,0,0,0,0,0,1
MS-5004908-85681D1EDCA14766A37D3B4D159EC6E2,ms,15.92,0.45,0.0,0.0,0.0,0.0,0.0,0.0,2,0,0,0,0,0,1
MS-5004908-1EEEF524DFE949559AC907A8CD3B9762,ms,38.55,1.1,0.94,2.44,0.0,0.0,0.0,0.0,1,0,0,0,0,0,1
MS-5004908-BBDED93EBA8148B88EFC69EB2707029C,ms,240.06,6.86,0.95,0.4,0.0,0.0,0.0,0.0,1,0,0,0,0,0,1
MS-5007406-0635E2FCFF90445092DE8B73F0D5D963,ms,88.43,1.47,6.68,7.55,0.0,0.0,0.0,0.0,1,0,0,0,0,0,1
MS-5004700-117C1524B23F4FB9AADBC752A971AFD1,ms,5.95,0.2,0.0,0.0,0.0,0.0,0.0,0.0,2,0,0,0,0,0,1
MS-5004502-7DBEB1558777483E9550221D83F15362,ms,4.79,0.16,1.0,20.9,0.0,0.0,0.0,0.0,0,0,0,0,0,0,1
MS-5004908-5CED089E25BE4F3AB9B6B00E4B691898,ms,2.82,0.08,0.0,0.0,0.0,0.0,0.0,0.0,2,0,0,0,0,0,1
MS-5004908-752FAC1270D343E4ACFD887B83C7B0D6,ms,664.55,19.79,0.17,0.03,0.0,0.0,0.0,0.0,1,0,0,0,0,0,1
MS-5004908-2BCC19F4AF974FFAB154809D5ADA572B,ms,1782.15,50.92,2.01,0.11,0.0,0.0,0.0,0.0,1,0,0,0,0,0,1
MS-5004502-887A8D52996143FC9AD9AF633A6DD559,ms,15.54,0.52,0.0,0.0,0.0,0.0,0.0,0.0,2,0,0,0,0,0,1
MS-5004700-E348203168A0438A8D5DD660982D71C6,ms,4.61,0.15,0.0,0.0,0.0,0.0,0.0,0.0,2,0,0,0,0,0,1
MS-5004502-67FDBD49648346D9AF8081DF1E282004,ms,30.68,1.03,0.0,0.0,0.0,0.0,0.0,0.0,2,0,0,0,0,0,1
MS-5007307-7090D8BFF097437AA24326D5F793C9A5,ms,250.0,6.25,0.93,0.37,0.0,0.0,0.0,0.0,1,0,0,0,0,0,1
MS-5004700-9AF103F073BC4A5DB3E6204FF5E447B3,ms,2.42,0.08,0.72,29.75,0.0,0.0,0.0,0.0,0,0,0,0,0,0,1
MS-5003256-F9032602F99942F3BACFB36303A06AEF,ms,2839.3,40.56,31.48,1.11,0.0,0.0,0.0,0.0,1,0,0,0,0,0,1
MS-5004700-06E9C4A7728C44CDAD475F47E7CD8DA9,ms,13.21,0.44,0.01,0.08,0.0,0.0,0.0,0.0,1,0,0,0,0,0,1
MS-5004502-0FBE6E82C1364D448F248748CCBBA443,ms,51.77,1.72,0.0,0.0,0.0,0.0,0.0,0.0,2,0,0,0,0,0,1
MS-5004700-A5785BE7142C4736961C25C15AA32ADD,ms,36.24,1.21,0.0,0.0,0.0,0.0,0.0,0.0,2,0,0,0,0,0,1
MS-5003256-3BDBA46218604263A26064A376FC8D0D,ms,69.81,1.0,0.42,0.6,0.0,0.0,0.0,0.0,1,0,0,0,0,0,1
MS-5004502-34DF1E5D1DB3414CBFD54B36EA7658CE,ms,2.53,0.08,0.0,0.0,0.0,0.0,0.0,0.0,2,0,0,0,0,0,1
MS-5004502-0B71F687B3E447BC9A31ADCFB11E98CB,ms,544.41,18.15,0.44,0.08,0.0,0.0,0.0,0.0,1,0,0,0,0,0,1
MS-5004908-EFF479FE5C3E438594B3AD30D14037AD,ms,200.57,5.72,48.58,24.22,0.0,0.0,0.0,0.0,0,0,0,0,0,0,1
MS-5007208-C72DC4CCD2E948CBA4D8E81DD890F716,ms,1314.19,43.4,11.2,0.85,0.0,0.0,0.0,0.0,1,0,0,0,0,0,1
MS-5004502-E165630E289641ADB7EFC3054D7891E9,ms,17.48,0.58,0.0,0.0,0.0,0.0,0.0,0.0,2,0,0,0,0,0,1
MS-5003256-CBA2D2994E004C779904982881B31FBC,ms,199.07,2.84,0.25,0.13,0.0,0.0,0.0,0.0,1,0,0,0,0,0,1
MS-5007208-43CAEFFFAF584E6196C20FD7E425D136,ms,635.83,21.19,18.44,2.9,0.0,0.0,0.0,0.0,1,0,0,0,0,0,1
MS-5007307-2763FEF20A4D45E99EAE9B1EAC78CA75,ms,5.0,0.13,0.0,0.0,0.0,0.0,0.0,0.0,2,0,0,0,0,0,1
MS-5007208-829D3C32E6E14199911CE7C49848F1FC,ms,104.73,3.49,0.0,0.0,0.0,0.0,0.0,0.0,2,0,0,0,0,0,1
MS-5004700-1A202848377C4D8691FEA7338340547C,ms,2.45,0.08,0.07,2.86,0.0,0.0,0.0,0.0,1,0,0,0,0,0,1
MS-5004700-DDCD8A7AF1E44E8493BFA6F0A1A5104B,ms,24.0,0.8,0.0,0.0,0.0,0.0,0.0,0.0,2,0,0,0,0,0,1
MS-5004502-57753D45A78744079D27FA71352867B6,ms,11.85,0.39,0.0,0.0,0.0,0.0,0.0,0.0,2,0,0,0,0,0,1
MS-5004700-4CB193E3944540FFAF24A84E53E71840,ms,30.13,1.0,0.0,0.0,0.0,0.0,0.0,0.0,2,0,0,0,0,0,1
MS-5004502-3D4D1EA4E246449FA775979D8521F417,ms,38.33,1.28,0.0,0.0,0.0,0.0,0.0,0.0,2,0,0,0,0,0,1
MS-5004908-52EEC76C2CBD414184327FC28B796D22,ms,6.83,0.19,0.0,0.0,0.0,0.0,0.0,0.0,2,0,0,0,0,0,1
MS-5007208-7096D08D86CA4579A01F1E13865D9AF9,ms,39.85,1.33,0.0,0.0,0.0,0.0,0.0,0.0,2,0,0,0,0,0,1
MS-5004502-CD66CC86AF1A4509BFE8E5F3A59C2B8A,ms,23.73,0.79,9.89,41.68,0.0,0.0,0.0,0.0,0,0,0,0,0,0,1
MS-5004908-25B4C8770CC845C2AFC78A5D893E0959,ms,21.03,0.6,0.0,0.0,0.0,0.0,0.0,0.0,2,0,0,0,0,0,1
MS-5004908-F0FC9CD8496D461684902CAD1D3F3B96,ms,5.03,0.14,0.0,0.0,0.0,0.0,0.0,0.0,2,0,0,0,0,0,1
MS-5007208-DFE54245B7F34F1793F20F9901F6DD60,ms,17.36,0.58,0.17,0.98,0.0,0.0,0.0,0.0,1,0,0,0,0,0,1
MS-5004908-107CAFAF7F3E48A3AAFD39DEA42CD880,ms,4.13,0.12,0.0,0.0,0.0,0.0,0.0,0.0,2,0,0,0,0,0,1
MS-5004908-BBE7F512BF9244A88C135324CB0E69F5,ms,10.65,0.3,0.69,6.48,0.0,0.0,0.0,0.0,1,0,0,0,0,0,1
MS-5004700-77A05BB016D043C4A34617FADFA5B417,ms,5.94,0.2,0.0,0.0,0.0,0.0,0.0,0.0,2,0,0,0,0,0,1
MS-5003702-400244BC4B1A41689B5ED84E957E79E6,ms,439.42,14.65,0.95,0.22,0.0,0.0,0.0,0.0,1,0,0,0,0,0,1
MS-5004700-4F3419759A1E4505B6A91290A61CC05E,ms,7.66,0.26,0.0,0.0,0.0,0.0,0.0,0.0,2,0,0,0,0,0,1
MS-5004908-05268AA4606D4CCFB1468BF524F96123,ms,2.48,0.07,0.0,0.0,0.0,0.0,0.0,0.0,2,0,0,0,0,0,1
MS-5004502-A090EFF0641B4B13968C0A7EDE2BD759,ms,32.14,1.07,0.0,0.0,0.0,0.0,0.0,0.0,2,0,0,0,0,0,1
MS-5003256-02E6623A1A3842C7858324D3F6A7EB11,ms,14.1,0.18,0.03,0.21,0.0,0.0,0.0,0.0,1,0,0,0,0,0,1
MS-5004908-82C0DCF17A9844CDB85F574E002AE906,ms,4.42,0.13,0.0,0.0,0.0,0.0,0.0,0.0,2,0,0,0,0,0,1
MS-5004502-72C1E5F0EBCF42F7BF3FE1D330E3111A,ms,66.54,2.22,0.0,0.0,0.0,0.0,0.0,0.0,2,0,0,0,0,0,1
MS-5004502-32FF7E2286EB4CCAA9AF2920578DCE31,ms,5.31,0.17,0.0,0.0,0.0,0.0,0.0,0.0,2,0,0,0,0,0,1
MS-5004700-37E0CAF146BB45BDB76C4885018FFE1A,ms,3.41,0.11,0.01,0.29,0.0,0.0,0.0,0.0,1,0,0,0,0,0,1
MS-5004502-7CEF02AD59DF461A94749FC2F6AC9A30,ms,10.0,0.33,0.0,0.0,0.0,0.0,0.0,0.0,2,0,0,0,0,0,1
MS-5007307-2096AE15F3F64B3BAB65EF2ACECB84B5,ms,529.03,13.27,8.85,1.67,0.0,0.0,0.0,0.0,1,0,0,0,0,0,1
MS-5007208-5495DEBADE724E848D5DAF212FB416CA,ms,6.14,0.2,3.47,56.49,0.0,0.0,0.0,0.0,0,0,0,0,0,0,1
MS-5007406-00950E52C8D944C1AEA76E816A50A8D9,ms,18.39,0.31,0.72,3.92,0.0,0.0,0.0,0.0,1,0,0,0,0,0,1
MS-5004700-0D97A9FFFF3945169C2FDAAFB047EF63,ms,19.92,0.66,0.0,0.0,0.0,0.0,0.0,0.0,2,0,0,0,0,0,1
MS-5004908-2D9BBCF7F92F425EA0792A0717B12C67,ms,8.14,0.23,0.0,0.0,0.0,0.0,0.0,0.0,2,0,0,0,0,0,1
MS-5003256-3DD93676E3AB45C5BA21B921DEA7D8F3,ms,3.88,0.06,0.0,0.0,0.0,0.0,0.0,0.0,2,0,0,0,0,0,1
MS-5004700-6E55A9AEBB32470F88C448D9975E6CDB,ms,61.7,2.04,0.0,0.0,0.0,0.0,0.0,0.0,2,0,0,0,0,0,1
MS-5004700-4F5DFAF0DC9F401AA2FDEBFFAD265B85,ms,4.59,0.15,0.0,0.0,0.0,0.0,0.0,0.0,2,0,0,0,0,0,1
MS-5003256-01096A50B4784886A3B31EEF39A8BA39,ms,178.08,2.54,21.78,12.23,0.0,0.0,0.0,0.0,1,0,0,0,0,0,1
MS-5004908-CEB1BD750B514459A091E32C29564A3D,ms,11.46,0.33,0.0,0.0,0.0,0.0,0.0,0.0,2,0,0,0,0,0,1
MS-5004908-AC37104EB9D6487B9B036DC6BCA852E6,ms,30.69,0.88,0.0,0.0,0.0,0.0,0.0,0.0,2,0,0,0,0,0,1
MS-5003256-110A064419B6478FA18FE41DD8A40B76,ms,89.66,1.28,10.8,12.05,0.0,0.0,0.0,0.0,1,0,0,0,0,0,1
MS-5003256-75338FE0BA1D424192420880894A85C1,ms,70.33,1.0,0.0,0.0,0.0,0.0,0.0,0.0,2,0,0,0,0,0,1
MS-5004502-CE8D7DED108F4FC2B14410A924AA4627,ms,19.88,0.66,0.19,0.96,0.0,0.0,0.0,0.0,1,0,0,0,0,0,1
MS-5004502-4D51F89A0418488C8134C938FFFC7A9B,ms,202.32,6.76,0.51,0.25,0.0,0.0,0.0,0.0,1,0,0,0,0,0,1
MS-5004908-B6CA363965B0479EB691210BB27D4D33,ms,72.76,2.08,0.74,1.02,0.0,0.0,0.0,0.0,1,0,0,0,0,0,1
MS-5007406-30918F86A3BE4FBFB657FA70215A6C27,ms,3.83,0.06,0.0,0.0,0.0,0.0,0.0,0.0,2,0,0,0,0,0,1
MS-5004502-1498234934F14D9A985A203DC66A6A36,ms,52.67,1.76,0.17,0.32,0.0,0.0,0.0,0.0,1,0,0,0,0,0,1
MS-5004700-1B195024F0D6490F83A68857B7AB64CC,ms,7.26,0.24,0.0,0.0,0.0,0.0,0.0,0.0,2,0,0,0,0,0,1
MS-5004700-D4AA463C2DB14BDEB4DEB0D7A05ACE18,ms,5.23,0.17,0.0,0.0,0.0,0.0,0.0,0.0,2,0,0,0,0,0,1
MS-5004700-99A6610D32244FA2954229ADCABD1E06,ms,15.11,0.5,0.0,0.0,0.0,0.0,0.0,0.0,2,0,0,0,0,0,1
MS-5007208-610C495B93444D10A3CC2598494B3824,ms,90.58,3.02,0.25,0.28,0.0,0.0,0.0,0.0,1,0,0,0,0,0,1
MS-5003256-8600C23669A14E898F1A444C2B53AEE8,ms,235.83,3.37,0.0,0.0,0.0,0.0,0.0,0.0,2,0,0,0,0,0,1
MS-5004908-9EB12C76308948B08F0BD2BB872FB0D0,ms,314.4,8.98,62.67,19.93,0.0,0.0,0.0,0.0,1,0,0,0,0,0,1
MS-5002001-BC413C10FFC14185959518AE57E0BC04,ms,2.39,0.06,0.0,0.0,0.0,0.0,0.0,0.0,2,0,0,0,0,0,1
MS-5004908-1FCB053D13604444B2D5F5EDB051BFE2,ms,31.91,0.91,0.59,1.85,0.0,0.0,0.0,0.0,1,0,0,0,0,0,1
MS-5004908-32A76D2692A2406AA8A7825FEE3C9DFC,ms,6.0,0.17,4.93,82.22,0.0,0.0,0.0,0.0,0,0,0,0,0,0,1
MS-5002001-3A32E97B8C9D4E9597247950A025BE0C,ms,1418.41,35.46,0.08,0.01,0.0,0.0,0.0,0.0,1,0,0,0,0,0,1
MS-5004908-6E715CD96E73461D9BC0A74301A91DFF,ms,9.83,0.28,0.0,0.0,0.0,0.0,0.0,0.0,2,0,0,0,0,0,1
MS-5004908-F51A04060E0B4127ACC8CFFE5A3277E1,ms,6.37,0.18,0.05,0.79,0.0,0.0,0.0,0.0,1,0,0,0,0,0,1
MS-5004908-32A95158C31C4015B33111003E2F9EDF,ms,20.13,0.58,0.0,0.0,0.0,0.0,0.0,0.0,2,0,0,0,0,0,1
MS-5004502-615C722417174FA483FA9BC2959CB357,ms,25.76,0.86,0.83,3.22,0.0,0.0,0.0,0.0,1,0,0,0,0,0,1
MS-5004908-05B031BDF2EE471E913EF5F550DC23CD,ms,130.62,3.74,3.9,2.99,0.0,0.0,0.0,0.0,1,0,0,0,0,0,1
MS-5002001-2F582F5327C34048A845AA81C81BC3A8,ms,12.24,0.31,0.0,0.0,0.0,0.0,0.0,0.0,2,0,0,0,0,0,1
MS-5002001-3B4EBCD28FAC4339BFD39AEB01D86694,ms,22.59,0.56,0.0,0.0,0.0,0.0,0.0,0.0,2,0,0,0,0,0,1
MS-5004700-BD70A64FDAF647F98CEF94EF1268CE15,ms,26.56,0.88,0.0,0.0,0.0,0.0,0.0,0.0,2,0,0,0,0,0,1
MS-5003256-24DE03CEA0CA49CD9D2A0C2C24AC3B0A,ms,14.52,0.21,3.48,23.97,0.0,0.0,0.0,0.0,0,0,0,0,0,0,1
MS-5004502-3A40E509D9AB42C5BF9CB80D6FBB241F,ms,14.2,0.47,0.0,0.0,0.0,0.0,0.0,0.0,2,0,0,0,0,0,1
MS-5004908-1302EAF06AB1426C8E889FBBC42FA795,ms,5.19,0.15,0.0,0.0,0.0,0.0,0.0,0.0,2,0,0,0,0,0,1
MS-5004700-A8140CF71AC14F63A2F6DD1F7ED67078,ms,8.72,0.29,0.0,0.0,0.0,0.0,0.0,0.0,2,0,0,0,0,0,1
MS-5003256-BBA2A5C03DBB4F5B9318F33521584297,ms,23.71,0.34,0.45,1.9,0.0,0.0,0.0,0.0,1,0,0,0,0,0,1
MS-5004700-0AA4E9AA42B64AB19CED0E369C58353A,ms,2.39,0.08,0.0,0.0,0.0,0.0,0.0,0.0,2,0,0,0,0,0,1
MS-5007406-2AA3F093F30E4F97B8BC3A247944336C,ms,1521.25,25.36,0.0,0.0,0.0,0.0,0.0,0.0,2,0,0,0,0,0,1
MS-5004700-EAD6D89D7A50435EA8BD60D51C38CAC7,ms,15.03,0.5,0.0,0.0,0.0,0.0,0.0,0.0,2,0,0,0,0,0,1
MS-5007307-44B1895B10454173B4D4BAA74A31B681,ms,18.58,0.46,4.93,26.53,0.0,0.0,0.0,0.0,0,0,0,0,0,0,1
MS-5007208-09DB44CFD7A04C39A739C0A6D3DF1104,ms,1305.97,43.49,2.18,0.17,0.0,0.0,0.0,0.0,1,0,0,0,0,0,1
MS-5004502-6C239F4D7DD6445DB9C24E5334DD801F,ms,21.96,0.73,0.21,0.96,0.0,0.0,0.0,0.0,1,0,0,0,0,0,1
MS-5004502-77FE24C343AF45BDB462E2512A7BDA8F,ms,97.05,3.23,0.0,0.0,0.0,0.0,0.0,0.0,2,0,0,0,0,0,1
MS-5007307-544EB47DD6EF46389EB6F72184B35BCF,ms,10.65,0.27,0.14,1.31,0.0,0.0,0.0,0.0,1,0,0,0,0,0,1
MS-5007208-0D20F0B322BF4DB08A6E1CF323911779,ms,225.25,7.49,2.41,1.07,0.0,0.0,0.0,0.0,1,0,0,0,0,0,1
MS-5004700-FE9E0E196F42476988D3F1050300C402,ms,20.09,0.67,0.0,0.0,0.0,0.0,0.0,0.0,2,0,0,0,0,0,1
MS-5007307-44C2AD6B5DF049559DE5C93C41FE624F,ms,511.14,12.78,85.12,16.65,0.0,0.0,0.0,0.0,1,0,0,0,0,0,1
MS-5004908-22E967E18EBA493A8A8BFC7C5E8A6729,ms,64.26,1.83,2.09,3.25,0.0,0.0,0.0,0.0,1,0,0,0,0,0,1
MS-5003256-EEE554579C6440038208226F93F4EC96,ms,107.99,1.54,1.19,1.1,0.0,0.0,0.0,0.0,1,0,0,0,0,0,1
MS-5007307-A7BA24DCA02740018A318890D892945A,ms,5.96,0.15,0.0,0.0,0.0,0.0,0.0,0.0,2,0,0,0,0,0,1
MS-5002001-622106BA5D77403B8AECD49F0B898390,ms,61.67,1.55,0.0,0.0,0.0,0.0,0.0,0.0,2,0,0,0,0,0,1
MS-5003108-049AA687A42D474C84168220D7001CC8,ms,14.23,0.41,0.05,0.35,0.0,0.0,0.0,0.0,1,0,0,0,0,0,1
MS-5007208-DE7BA726067544028DCF6047FEA2B6BF,ms,146.17,4.87,0.08,0.05,0.0,0.0,0.0,0.0,1,0,0,0,0,0,1
MS-5004700-1C4F4229DEEF458990D3DD1CB2E807C1,ms,15.3,0.51,0.58,3.79,0.0,0.0,0.0,0.0,1,0,0,0,0,0,1
MS-5004700-75065D72CD014BBC843114FC0ECC8429,ms,2.86,0.1,0.0,0.0,0.0,0.0,0.0,0.0,2,0,0,0,0,0,1
MS-5007208-6DEE3DCC21D94E26A030D125988AFC8B,ms,0.15,0.01,0.0,0.0,0.0,0.0,0.0,0.0,2,0,0,0,0,0,1
MS-5004700-58897EFADBCB4E8DA677BCB8889752E2,ms,37.89,1.26,3.4,8.97,0.0,0.0,0.0,0.0,1,0,0,0,0,0,1
MS-5002001-5A368DB941BE49009065DDBEFC0AEB10,ms,3.63,0.09,0.0,0.0,0.0,0.0,0.0,0.0,2,0,0,0,0,0,1
MS-5007208-87B4168671094463BE4521E65DB3D2B5,ms,44.07,1.47,0.0,0.0,0.0,0.0,0.0,0.0,2,0,0,0,0,0,1
MS-5003256-19C635D8459C44138F7E3276F5EA25A0,ms,43.3,0.62,0.68,1.57,0.0,0.0,0.0,0.0,1,0,0,0,0,0,1
MS-5004908-3700CA4B5CDD4B158980EF9901E1FA83,ms,143.98,4.11,0.0,0.0,0.0,0.0,0.0,0.0,2,0,0,0,0,0,1
MS-5007208-E90373578B9C405986A30EF3772BEE63,ms,214.8,7.16,0.0,0.0,0.0,0.0,0.0,0.0,2,0,0,0,0,0,1
MS-5007208-D2F288174C4A4C58BA4807B58FBD86A2,ms,9.91,0.33,0.08,0.81,0.0,0.0,0.0,0.0,1,0,0,0,0,0,1
MS-5002001-1047784FDB3A4AA0B9A85B00455E982F,ms,21.78,0.54,0.0,0.0,0.0,0.0,0.0,0.0,2,0,0,0,0,0,1
MS-5007406-314188FF931442948A9BDD79811E3545,ms,699.96,11.66,323.44,46.21,0.0,0.0,0.0,0.0,0,0,0,0,0,0,1
MS-5003256-2E576B82682242EA9C5C61452BB03451,ms,58.36,0.83,0.34,0.58,0.0,0.0,0.0,0.0,1,0,0,0,0,0,1
MS-5004700-9A55915100A94C18BF8D1FB212FD82AF,ms,187.4,6.25,0.33,0.18,0.0,0.0,0.0,0.0,1,0,0,0,0,0,1
MS-5007406-20DDC56CBE674EE8BC3A7549927EBFA1,ms,9.72,0.16,2.64,27.16,0.0,0.0,0.0,0.0,0,0,0,0,0,0,1
MS-5007406-24E792EC6A2D41A290D290741716688F,ms,84.63,1.41,0.0,0.0,0.0,0.0,0.0,0.0,2,0,0,0,0,0,1
MS-5004700-3EC1205D322B4264B04FBFE7285EE9E6,ms,2.21,0.07,0.0,0.0,0.0,0.0,0.0,0.0,2,0,0,0,0,0,1
MS-5002001-7E5CA53470CA451C9D1BCA9EB6DE17C0,ms,3.89,0.1,0.0,0.0,0.0,0.0,0.0,0.0,2,0,0,0,0,0,1
MS-5004908-7C8D3A6543F741B3B368D858F5D6BB9E,ms,8.44,0.24,0.0,0.0,0.0,0.0,0.0,0.0,2,0,0,0,0,0,1
MS-5004700-487BB686580341C68A863EBD7867281C,ms,2.48,0.08,0.0,0.0,0.0,0.0,0.0,0.0,2,0,0,0,0,0,1
MS-5004502-16B84A380D5A449CA1B1BC97C86574FE,ms,137.49,4.58,0.05,0.04,0.0,0.0,0.0,0.0,1,0,0,0,0,0,1
MS-5004908-13C189D01D5F4288A010CAEA5DC9F85C,ms,103.67,2.97,0.0,0.0,0.0,0.0,0.0,0.0,2,0,0,0,0,0,1
MS-5007208-35E1DACB9EEE46A8B863446C1B2D1B46,ms,411.83,13.72,14.41,3.5,0.0,0.0,0.0,0.0,1,0,0,0,0,0,1
MS-5007307-413BDF15274F40F1B1A149BC791A4ADE,ms,101.4,2.53,4.98,4.91,0.0,0.0,0.0,0.0,1,0,0,0,0,0,1
MS-5002001-7DFE0766F22543C1991CA9539344B39C,ms,14.63,0.37,0.0,0.0,0.0,0.0,0.0,0.0,2,0,0,0,0,0,1
MS-5007307-24499C790D4649A0BF7207453590958C,ms,9.69,0.24,0.09,0.93,0.0,0.0,0.0,0.0,1,0,0,0,0,0,1
MS-5003256-CCC96BD47DC64E798F4DC5155A4AF725,ms,28.56,0.41,23.95,83.86,0.0,0.0,0.0,0.0,0,0,0,0,0,0,1
MS-5007406-18F51B992C6B498491CF3CB63516195E,ms,9.62,0.16,3.34,34.71,0.0,0.0,0.0,0.0,0,0,0,0,0,0,1
MS-5007307-797BF6D2B5F74EDD97F309B8C04AF907,ms,2497.57,62.44,35.21,1.41,0.0,0.0,0.0,0.0,1,0,0,0,0,0,1
MS-5004908-996D418BD4C84A4185C6799149378CDC,ms,2.19,0.06,0.0,0.0,0.0,0.0,0.0,0.0,2,0,0,0,0,0,1
MS-5007307-CF94CEBD5AC943BAB5353326B92AAEA7,ms,103.37,2.58,3.55,3.43,0.0,0.0,0.0,0.0,1,0,0,0,0,0,1
MS-5004908-C52D63FAE260467D9C809A39C88C94DC,ms,6.05,0.17,1.22,20.16,0.0,0.0,0.0,0.0,0,0,0,0,0,0,1
MS-5004700-CB39C57E2D0C4B00A1FE4DDFABE29D2E,ms,11.09,0.37,0.0,0.0,0.0,0.0,0.0,0.0,2,0,0,0,0,0,1
MS-5003256-80ED149A952D464DA8AB7A7A63833B47,ms,2440.97,34.87,346.84,14.21,0.0,0.0,0.0,0.0,1,0,0,0,0,0,1
MS-5004700-AC3D71ED5478487FB2B15C871EC1710B,ms,3.03,0.1,0.0,0.0,0.0,0.0,0.0,0.0,2,0,0,0,0,0,1
MS-5004502-FBCEDCF84B994FFE9813A228242DCEE1,ms,4.64,0.16,0.0,0.0,0.0,0.0,0.0,0.0,2,0,0,0,0,0,1
MS-5002001-BFAD357ACD954689BF815DCE0D474CB8,ms,229.77,5.74,0.08,0.03,0.0,0.0,0.0,0.0,1,0,0,0,0,0,1
MS-5004908-5588043BEE984FCA831C244983461426,ms,166.64,4.76,2.78,1.67,0.0,0.0,0.0,0.0,1,0,0,0,0,0,1
MS-5004908-38F71FD132FC44D1B9D4685B62BB57F4,ms,7.9,0.23,0.2,2.53,0.0,0.0,0.0,0.0,1,0,0,0,0,0,1
MS-5002001-BE5C2B51A4BF47C5802D4B820C0E0626,ms,32.04,0.8,0.0,0.0,0.0,0.0,0.0,0.0,2,0,0,0,0,0,1
MS-5004700-14E7ECBE788347B38B9AB37FE4BB5F35,ms,4.63,0.15,0.0,0.0,0.0,0.0,0.0,0.0,2,0,0,0,0,0,1
MS-5004700-17FFEFD8C84A444C9A4319F3D7FD7E22,ms,9.2,0.31,0.03,0.33,0.0,0.0,0.0,0.0,1,0,0,0,0,0,1
MS-5004908-E3F4E9C7F9D64218934A477F1049AF79,ms,3.02,0.09,0.0,0.0,0.0,0.0,0.0,0.0,2,0,0,0,0,0,1
MS-5004908-E33EB3BAFEBD4F3EB5627CF33CBA2E07,ms,5.98,0.17,1.54,25.74,0.0,0.0,0.0,0.0,0,0,0,0,0,0,1
MS-5007406-1EF83251C25A4B6CB3AD5AB9BB126D8F,ms,9.44,0.16,0.0,0.0,0.0,0.0,0.0,0.0,2,0,0,0,0,0,1
MS-5002001-4B8604F0E8D84C0CB5160C677A7815D1,ms,11.41,0.28,0.05,0.44,0.0,0.0,0.0,0.0,1,0,0,0,0,0,1
MS-5007307-B1D30B02DA094A879C83DC3E2997B8A0,ms,846.14,21.15,1.65,0.2,0.0,0.0,0.0,0.0,1,0,0,0,0,0,1
MS-5004908-288FEDEF0609483D8FD68E11DCB6629A,ms,656.53,18.76,0.0,0.0,0.0,0.0,0.0,0.0,2,0,0,0,0,0,1
MS-5003702-0C379DD24883490490D94000CFC36390,ms,3.89,0.13,0.0,0.0,0.0,0.0,0.0,0.0,2,0,0,0,0,0,1
MS-5004700-25BF698D192B4CFC86E01FBDF8558DF9,ms,28.88,0.96,0.0,0.0,0.0,0.0,0.0,0.0,2,0,0,0,0,0,1
MS-5004502-63EC3195F87E4E2BA29AB0E4346DAB29,ms,78.94,2.63,1.18,1.49,0.0,0.0,0.0,0.0,1,0,0,0,0,0,1
MS-5004502-3D84C7CDBAF84D1FB75F30D952EFC443,ms,13.2,0.44,0.0,0.0,0.0,0.0,0.0,0.0,2,0,0,0,0,0,1
MS-5004908-3377A8D387DE448FAC4BBA198B179215,ms,3.99,0.11,0.0,0.0,0.0,0.0,0.0,0.0,2,0,0,0,0,0,1
MS-5007406-0B29BCE12EC448E889B510903C2EEB95,ms,4.01,0.07,0.0,0.0,0.0,0.0,0.0,0.0,2,0,0,0,0,0,1
MS-5004700-6EA69438DC2A4D8B92BE55F8712A1CE7,ms,6.94,0.23,0.0,0.0,0.0,0.0,0.0,0.0,2,0,0,0,0,0,1
MS-5004700-DC29C55A3153409C9C6676781F154D52,ms,4.73,0.16,0.0,0.0,0.0,0.0,0.0,0.0,2,0,0,0,0,0,1
MS-5004502-507F6E874CB94476A88837E517E8B200,ms,52.03,1.73,0.59,1.13,0.0,0.0,0.0,0.0,1,0,0,0,0,0,1
MS-5004700-A7022AF0CEDB49A682E6490B10047B1D,ms,25.72,0.0,0.66,2.57,0.0,0.0,0.0,0.0,1,0,0,0,0,0,1
MS-5003256-4C48EE6B26714E78AFDA97052C9C654A,ms,50.77,0.73,6.97,13.73,0.0,0.0,0.0,0.0,1,0,0,0,0,0,1
MS-5007307-DB7D82033D244845BE352835651F0D9D,ms,5.18,0.13,0.27,5.21,0.0,0.0,0.0,0.0,1,0,0,0,0,0,1
MS-5003256-ECDD2EE56C434DEB95C3C37D21B6347F,ms,88.7,1.27,0.0,0.0,0.0,0.0,0.0,0.0,2,0,0,0,0,0,1
MS-5004908-E0CEF434F1DB4B7BB618EA6394CD09CE,ms,126.94,3.64,26.01,20.49,0.0,0.0,0.0,0.0,0,0,0,0,0,0,1
MS-5004700-6FAE78EFBD604C43B3F13C2F74068BC1,ms,3.98,0.13,0.0,0.0,0.0,0.0,0.0,0.0,2,0,0,0,0,0,1
MS-5004502-13E76AE3B02B4B2AB6296773DC8F2747,ms,2.41,0.08,0.18,7.46,0.0,0.0,0.0,0.0,1,0,0,0,0,0,1
MS-5004700-F713030BD80E4192B510ECF822781DCE,ms,90.01,3.0,0.0,0.0,0.0,0.0,0.0,0.0,2,0,0,0,0,0,1
MS-5004502-FF4A814325F2406C89FC0BBBE094A142,ms,8.03,0.27,0.0,0.0,0.0,0.0,0.0,0.0,2,0,0,0,0,0,1
MS-5004908-AAF8EE47025C48B0820DBADAE1FA6357,ms,5.33,0.15,0.0,0.0,0.0,0.0,0.0,0.0,2,0,0,0,0,0,1
MS-5004908-08C0372902B047C991036BA9BF0E956E,ms,42.27,1.21,0.05,0.12,0.0,0.0,0.0,0.0,1,0,0,0,0,0,1
MS-5002001-F191E308CA674D4B8D53AF501B05C4AC,ms,169.4,4.24,0.08,0.05,0.0,0.0,0.0,0.0,1,0,0,0,0,0,1
MS-5004908-5A4A5F4E52FE442ABD18D0C1F1BBC895,ms,77.43,2.22,0.48,0.62,0.0,0.0,0.0,0.0,1,0,0,0,0,0,1
MS-5004502-37CAA78D34F747BA9D802749ECEB81D6,ms,34.79,1.16,0.0,0.0,0.0,0.0,0.0,0.0,2,0,0,0,0,0,1
MS-5002001-4180E2FC525B4D5EB2733EB039BBA1E4,ms,1420.95,35.52,16.45,1.16,0.0,0.0,0.0,0.0,1,0,0,0,0,0,1
MS-5004502-7A727D4C57A84FB4ABE57954B4E8394E,ms,30.6,1.02,0.08,0.26,0.0,0.0,0.0,0.0,1,0,0,0,0,0,1
MS-5007208-31066CE719244DC4B5DA57AF818F38F9,ms,25.31,0.84,0.0,0.0,0.0,0.0,0.0,0.0,2,0,0,0,0,0,1
MS-5002001-3E69CB445AA74F92943D322EDA476BDE,ms,14.41,0.36,0.0,0.0,0.0,0.0,0.0,0.0,2,0,0,0,0,0,1
MS-5004502-6C886B6AF2654C0D9329689C8476CBCE,ms,150.47,5.01,0.0,0.0,0.0,0.0,0.0,0.0,2,0,0,0,0,0,1
MS-5007208-E004924CC6C646FA99F154E6C77E3FBF,ms,16.95,0.56,0.57,3.36,0.0,0.0,0.0,0.0,1,0,0,0,0,0,1
MS-5004700-B3C0863C2202443CBCB51C73CBD98B7D,ms,28.34,0.94,0.24,0.85,0.0,0.0,0.0,0.0,1,0,0,0,0,0,1
MS-5004700-AA225E6A240240C89783164BE4D183DA,ms,2.5,0.08,2.27,90.84,0.0,0.0,0.0,0.0,0,0,0,0,0,0,1
MS-5002001-0679028E162F4A009BD1EA76A52D138F,ms,68.74,1.72,0.08,0.12,0.0,0.0,0.0,0.0,1,0,0,0,0,0,1
MS-5004908-7052FF6F88BD47F49D52DCAD634BCE31,ms,5.87,0.17,1.19,20.29,0.0,0.0,0.0,0.0,0,0,0,0,0,0,1
MS-5004700-4C2A32EC500148518AF4C32A7DAC1117,ms,20.34,0.68,0.0,0.0,0.0,0.0,0.0,0.0,2,0,0,0,0,0,1
MS-5004700-47E073E18AEC476F8650D4B8896ED129,ms,14.72,0.49,0.09,0.61,0.0,0.0,0.0,0.0,1,0,0,0,0,0,1
MS-5003256-14673EB22E6B4F59B847601F6A48C993,ms,26.74,0.38,15.02,56.18,0.0,0.0,0.0,0.0,0,0,0,0,0,0,1
MS-5004700-B1DF694477D84028923CA5F48971D959,ms,2.07,0.07,0.32,15.44,0.0,0.0,0.0,0.0,1,0,0,0,0,0,1
MS-5007307-7ECFD783C5104A69A25D218E4864073B,ms,7.06,0.18,0.0,0.0,0.0,0.0,0.0,0.0,2,0,0,0,0,0,1
MS-5007307-53850D6A3A37490F8B4E5A4A56001538,ms,89.93,2.24,16.19,18.0,0.0,0.0,0.0,0.0,1,0,0,0,0,0,1
MS-5004700-8A52672162824BA99609552111B9A99E,ms,12.79,0.43,0.0,0.0,0.0,0.0,0.0,0.0,2,0,0,0,0,0,1
MS-5004908-351C8D2455244411B72F0D97F63F0578,ms,13.21,0.38,0.0,0.0,0.0,0.0,0.0,0.0,2,0,0,0,0,0,1
MS-5004908-7D9520E41FD54A3281EA9B0F2BE0C149,ms,2.2,0.06,0.02,0.91,0.0,0.0,0.0,0.0,1,0,0,0,0,0,1
MS-5004700-1524BC53E2DB430CA4AF2015216B0531,ms,2.42,0.08,0.0,0.0,0.0,0.0,0.0,0.0,2,0,0,0,0,0,1
MS-5004502-2D34A6DB802147B0A753BD00E8129F52,ms,5.4,0.18,0.15,2.78,0.0,0.0,0.0,0.0,1,0,0,0,0,0,1
MS-5004908-2B1C18D0F39C4D5599FF088F45C3254E,ms,5.68,0.16,0.0,0.0,0.0,0.0,0.0,0.0,2,0,0,0,0,0,1
MS-5007208-56383D93CAB24C69AECE04CD200C174F,ms,253.18,8.42,13.98,5.52,0.0,0.0,0.0,0.0,1,0,0,0,0,0,1
MS-5002001-13BE422503F4422995CEE9DAE185F3CE,ms,190.18,4.75,0.0,0.0,0.0,0.0,0.0,0.0,2,0,0,0,0,0,1
MS-5004502-8FC3229F54EB483F9A46A28C6289B7D8,ms,225.8,7.53,0.48,0.21,0.0,0.0,0.0,0.0,1,0,0,0,0,0,1
MS-5003256-417DFE0A17844334BBBFBE8F7CCDA86C,ms,257.16,3.66,24.12,9.38,0.0,0.0,0.0,0.0,1,0,0,0,0,0,1
MS-5007208-888E5F2577634EAF9E56DC9AC4261461,ms,97.09,3.23,9.85,10.15,0.0,0.0,0.0,0.0,1,0,0,0,0,0,1
MS-5004700-C34125A4AC0D4379ACB261EE9A194865,ms,12.54,0.42,0.0,0.0,0.0,0.0,0.0,0.0,2,0,0,0,0,0,1
MS-5002001-8935C45BE4A446AAA821EA2D3EFEDBC1,ms,358.94,8.97,2.07,0.58,0.0,0.0,0.0,0.0,1,0,0,0,0,0,1
MS-5002001-9213039B5C0647D2BC9142B92FAD7037,ms,103.84,2.6,0.66,0.64,0.0,0.0,0.0,0.0,1,0,0,0,0,0,1
MS-5004502-375FBC5F30984FF5A9D4D2E4B33A1E4B,ms,24.23,0.8,0.0,0.0,0.0,0.0,0.0,0.0,2,0,0,0,0,0,1
MS-5007208-1E07CCE111554502BCDAC7F641411101,ms,15.5,0.52,0.0,0.0,0.0,0.0,0.0,0.0,2,0,0,0,0,0,1
MS-5004700-23C4DE8EFD69400B8B1468405171636D,ms,3.12,0.1,0.0,0.0,0.0,0.0,0.0,0.0,2,0,0,0,0,0,1
MS-5004700-6AD865E73558477FBD94FEFB4ECE5241,ms,26.52,0.9,0.0,0.0,0.0,0.0,0.0,0.0,2,0,0,0,0,0,1
MS-5007406-210DF49D4CCD4FBC83C6333546FB9558,ms,1228.79,20.46,34.94,2.84,0.0,0.0,0.0,0.0,1,0,0,0,0,0,1
MS-5007307-F093F1187C014670966CE13D123CBAAA,ms,1390.92,34.77,630.14,45.3,0.0,0.0,0.0,0.0,0,0,0,0,0,0,1
MS-5004502-C8C26293A84344E3B76D841089E54D25,ms,25.3,0.84,0.33,1.3,0.0,0.0,0.0,0.0,1,0,0,0,0,0,1
MS-5007208-6F0E18A3D84F476DB1D656F8C5C3AA96,ms,388.21,12.94,0.08,0.02,0.0,0.0,0.0,0.0,1,0,0,0,0,0,1
MS-5003256-5D8B9F8F99D54DB3A407D0EAFE35343A,ms,32.51,0.46,2.04,6.28,0.0,0.0,0.0,0.0,1,0,0,0,0,0,1
MS-5004502-C7F5770819B843CF9C7B91CA6D4ADDA9,ms,1924.44,64.15,12.94,0.67,0.0,0.0,0.0,0.0,1,0,0,0,0,0,1
MS-5004502-0FE7AF1C667D4109864E2313BA276E92,ms,11.44,0.38,0.0,0.0,0.0,0.0,0.0,0.0,2,0,0,0,0,0,1
MS-5004908-721A6065D4C54B42BB38BD7F73AAA0AC,ms,3.98,0.11,0.06,1.51,0.0,0.0,0.0,0.0,1,0,0,0,0,0,1
MS-5004502-4200B8DEB45B499995FBBEEC906063F7,ms,47.58,1.59,0.34,0.71,0.0,0.0,0.0,0.0,1,0,0,0,0,0,1
MS-5004700-0F5969B885A344D68FE8A9BCFCADF126,ms,2.35,0.08,0.0,0.0,0.0,0.0,0.0,0.0,2,0,0,0,0,0,1
MS-5004908-3CFB2C647C094934943A8233620F9B37,ms,21.62,0.62,0.0,0.0,0.0,0.0,0.0,0.0,2,0,0,0,0,0,1
MS-5004502-D7921DF0B2F8419C9E57811A86294E70,ms,24.7,0.82,0.0,0.0,0.0,0.0,0.0,0.0,2,0,0,0,0,0,1
MS-5003256-2F5C3E8BB804499BB8F3CBC0D7B39D8E,ms,40.71,0.58,1.86,4.57,0.0,0.0,0.0,0.0,1,0,0,0,0,0,1
MS-5004700-0818118194A84CCC84338671C043D1FA,ms,19.26,0.64,0.0,0.0,0.0,0.0,0.0,0.0,2,0,0,0,0,0,1
MS-5004502-CA8AC3E4231A44E8B0E4138A076A8F90,ms,24.68,0.82,0.0,0.0,0.0,0.0,0.0,0.0,2,0,0,0,0,0,1
MS-5004908-9C3A812F1B674FB5B9AC34F3201DD378,ms,18.49,0.53,0.0,0.0,0.0,0.0,0.0,0.0,2,0,0,0,0,0,1
MS-5007208-D4131893B5C942179985CD4F71A8CBB0,ms,46.0,1.53,0.0,0.0,0.0,0.0,0.0,0.0,2,0,0,0,0,0,1
MS-5007208-6AD614693C0E4910BC3805E4E34ED9C6,ms,16.74,0.56,0.27,1.61,0.0,0.0,0.0,0.0,1,0,0,0,0,0,1
MS-5003256-DACA1D2958AE446C9B90BB2E769CA467,ms,3.57,0.05,0.0,0.0,0.0,0.0,0.0,0.0,2,0,0,0,0,0,1
MS-5004908-9C24D7710F384969A7A40AFABC6D4845,ms,27.06,0.77,0.0,0.0,0.0,0.0,0.0,0.0,2,0,0,0,0,0,1
MS-5007208-F3DD4F8E51C246599072367E6778818F,ms,337.88,11.26,1.46,0.43,0.0,0.0,0.0,0.0,1,0,0,0,0,0,1
MS-5007208-EE0229B8E12A481F92084649921D4EF6,ms,94.45,3.15,0.08,0.08,0.0,0.0,0.0,0.0,1,0,0,0,0,0,1
MS-5004700-1182882FDBC142D8B931667343D88FA1,ms,2.24,0.07,0.0,0.0,0.0,0.0,0.0,0.0,2,0,0,0,0,0,1
MS-5002001-F828A22323FA4012BC6504B122881766,ms,926.17,23.15,9.27,1.0,0.0,0.0,0.0,0.0,1,0,0,0,0,0,1
MS-5004700-D23CC7A4BE2A446B8050A40C98783655,ms,18.15,0.6,0.0,0.0,0.0,0.0,0.0,0.0,2,0,0,0,0,0,1
MS-5004700-F04013B2D9A341D1BC99D241CC7625C4,ms,94.37,3.12,0.08,0.08,0.0,0.0,0.0,0.0,1,0,0,0,0,0,1
MS-5004700-10D0D610D3704FDA8F4297C07A5CF23A,ms,6.78,0.23,0.0,0.0,0.0,0.0,0.0,0.0,2,0,0,0,0,0,1
MS-5004502-000F8DFED40943EFAF5B56A5F9D8807C,ms,19.93,0.66,0.0,0.0,0.0,0.0,0.0,0.0,2,0,0,0,0,0,1
MS-5004908-99D6FB881E8E425EA74F02FC70EA951E,ms,6.15,0.18,0.0,0.0,0.0,0.0,0.0,0.0,2,0,0,0,0,0,1
MS-5004908-D16A59293DB947799922DDBE07AC47EE,ms,5.95,0.17,2.6,43.73,0.0,0.0,0.0,0.0,0,0,0,0,0,0,1
MS-5002001-4504B5495E44407C83E5EEE6339471BB,ms,4309.76,107.74,21.94,0.51,0.0,0.0,0.0,0.0,1,0,0,0,0,0,1
MS-5007208-E4DD193213BA46E995F69BB97C59656A,ms,563.03,18.77,28.06,4.98,0.0,0.0,0.0,0.0,1,0,0,0,0,0,1
MS-5004908-9792D9F447954A7AA65D79536E07802F,ms,22.84,0.65,0.0,0.0,0.0,0.0,0.0,0.0,2,0,0,0,0,0,1
MS-5004502-67E8C0C2092D49C3BE18EF81DF1ED428,ms,103.5,3.45,0.0,0.0,0.0,0.0,0.0,0.0,2,0,0,0,0,0,1
MS-5007307-68BA92ABDEB04B1A96324D017B587C7B,ms,5.15,0.13,0.0,0.0,0.0,0.0,0.0,0.0,2,0,0,0,0,0,1
MS-5004700-1D69A2CEE7784706B930D229ED162AE6,ms,24.86,0.83,0.93,3.74,0.0,0.0,0.0,0.0,1,0,0,0,0,0,1
MS-5007208-9DAB74583C3A4996BB926F323B46349D,ms,6.26,0.21,0.0,0.0,0.0,0.0,0.0,0.0,2,0,0,0,0,0,1
MS-5004908-0DCA77819B7842D788C9E450C32C8701,ms,2.54,0.07,0.0,0.0,0.0,0.0,0.0,0.0,2,0,0,0,0,0,1
MS-5004700-0ABBFD4AE1E346EA898F47C6D6581BB9,ms,2.57,0.09,0.0,0.0,0.0,0.0,0.0,0.0,2,0,0,0,0,0,1
MS-5003900-5D22888E52E4468CB40B91B37ADC604C,ms,2885.41,41.18,89.88,3.11,0.0,0.0,0.0,0.0,1,0,0,0,0,0,1
MS-5007307-E71E1971292746848EB06CE6C89C138F,ms,110.58,2.76,0.34,0.31,0.0,0.0,0.0,0.0,1,0,0,0,0,0,1
MS-5004700-8F41DD8DDE3542019EC92C959E9ADC83,ms,4.67,0.16,0.0,0.0,0.0,0.0,0.0,0.0,2,0,0,0,0,0,1
MS-5004908-5143B529AA034AD68F05C951C76351BA,ms,25.19,0.71,0.0,0.0,0.0,0.0,0.0,0.0,2,0,0,0,0,0,1
MS-5004700-E3C0610657834DF391C1371CBF492A58,ms,119.04,3.96,0.0,0.0,0.0,0.0,0.0,0.0,2,0,0,0,0,0,1
MS-5007208-D78C1E541665444DB524E473B693B552,ms,200.16,6.67,191.6,95.72,0.0,0.0,0.0,0.0,0,0,0,0,0,0,1
MS-5004502-D917E6091A1C424F8C2911EA4B78B81F,ms,13.02,0.43,0.0,0.0,0.0,0.0,0.0,0.0,2,0,0,0,0,0,1
MS-5004908-D5346BD301024CB0A497FC7DBA9DF186,ms,4.58,0.13,0.0,0.0,0.0,0.0,0.0,0.0,2,0,0,0,0,0,1
MS-5007307-514D72EC2BBD43DCB5D2D80A0AD1FFD2,ms,10.91,0.27,0.0,0.0,0.0,0.0,0.0,0.0,2,0,0,0,0,0,1
MS-5003256-A9DFCC7095F04564BF98652D57F330AE,ms,208.24,2.99,10.28,4.94,0.0,0.0,0.0,0.0,1,0,0,0,0,0,1
MS-5007208-5E8D8236CFAE462DBF45838FD45F4107,ms,102.37,3.41,1.4,1.37,0.0,0.0,0.0,0.0,1,0,0,0,0,0,1
MS-5002001-C46C64F6F09C48B082CC6433EC9004D9,ms,11.58,0.29,0.0,0.0,0.0,0.0,0.0,0.0,2,0,0,0,0,0,1
MS-5007307-6022984B16A942FCA18FF46AF6A63884,ms,10.35,0.26,4.37,42.22,0.0,0.0,0.0,0.0,0,0,0,0,0,0,1
MS-5004908-CD866F088802468C874558B0886492F1,ms,24.65,0.7,0.0,0.0,0.0,0.0,0.0,0.0,2,0,0,0,0,0,1
MS-5004908-7D2A583671FE41C0BD5E372D58A9F7E0,ms,21.41,0.61,0.0,0.0,0.0,0.0,0.0,0.0,2,0,0,0,0,0,1
MS-5004502-DF1B74E2F5AE42EE842DEF205B946AE3,ms,7.63,0.25,0.0,0.0,0.0,0.0,0.0,0.0,2,0,0,0,0,0,1
MS-5003256-7B6358F8B9C7443F8255FDA2E4918CF9,ms,70.42,1.01,2.63,3.73,0.0,0.0,0.0,0.0,1,0,0,0,0,0,1
MS-5007208-A7241017E5E543B1BEB845985A208D25,ms,1907.77,63.57,17.53,0.92,0.0,0.0,0.0,0.0,1,0,0,0,0,0,1
MS-5004502-B2B9E1AD3F58425F902C91C22F661BED,ms,14.57,0.48,0.41,2.81,0.0,0.0,0.0,0.0,1,0,0,0,0,0,1
MS-5003256-7E29B47E99674ADF9848726B217A64BF,ms,741.56,11.38,44.49,6.0,0.0,0.0,0.0,0.0,1,0,0,0,0,0,1
MS-5004502-05CE750E398D446F850E346093D85E5F,ms,20.21,0.67,0.25,1.24,0.0,0.0,0.0,0.0,1,0,0,0,0,0,1
MS-5003256-8C04C9F7EC98407BB55E8CF440D34B0F,ms,88.09,1.26,0.34,0.39,0.0,0.0,0.0,0.0,1,0,0,0,0,0,1
MS-5003256-B2637C9A46A64514B2191961B21ADAB5,ms,1027.81,5.73,14.36,1.4,0.0,0.0,0.0,0.0,1,0,0,0,0,0,1
MS-5002001-A58C2833B49442FA820819AB3B93F773,ms,128.6,3.22,6.96,5.41,0.0,0.0,0.0,0.0,1,0,0,0,0,0,1
MS-5004908-A6ABC6E9A7E54C288BB80AD037A2C9DE,ms,3.0,0.09,0.0,0.0,0.0,0.0,0.0,0.0,2,0,0,0,0,0,1
MS-5003256-CBE0FF0F94FD46D199F7E5DE708BDC64,ms,6.01,0.09,0.0,0.0,0.0,0.0,0.0,0.0,2,0,0,0,0,0,1
MS-5007307-F6FF22FCD8BF40BEB5730FC0837E3C9F,ms,44.5,1.11,0.0,0.0,0.0,0.0,0.0,0.0,2,0,0,0,0,0,1
MS-5007208-2D304156E4104A42AC9EDE240210BA3E,ms,6.9,0.23,0.0,0.0,0.0,0.0,0.0,0.0,2,0,0,0,0,0,1
MS-5003256-00CB5DC8FDFF4EB5A276D393C0C1E015,ms,61.36,0.88,1.61,2.62,0.0,0.0,0.0,0.0,1,0,0,0,0,0,1
MS-5004908-6E48096D4D2D4C3798414152CB9DE5A1,ms,5.27,0.15,0.0,0.0,0.0,0.0,0.0,0.0,2,0,0,0,0,0,1
MS-5004502-6A0035CF3D934684B8C7BF6424413110,ms,1.77,0.06,0.0,0.0,0.0,0.0,0.0,0.0,2,0,0,0,0,0,1
MS-5007406-19D5383F1C61421EA50B89284EA07066,ms,191.52,3.19,0.61,0.32,0.0,0.0,0.0,0.0,1,0,0,0,0,0,1
MS-5002001-3F6C037DB08245C4A04EC6BCE3949FDF,ms,39.36,0.98,0.0,0.0,0.0,0.0,0.0,0.0,2,0,0,0,0,0,1
MS-5003256-B2B89407674449C881074DF8ABE38679,ms,267.73,3.81,2.71,1.01,0.0,0.0,0.0,0.0,1,0,0,0,0,0,1
MS-5002001-50F08C7385AD441981E0A9394062E6BB,ms,6.63,0.17,0.0,0.0,0.0,0.0,0.0,0.0,2,0,0,0,0,0,1
MS-5004700-B437F49C2ADE4D4DBEE538C1014D15EB,ms,3.31,0.11,0.0,0.0,0.0,0.0,0.0,0.0,2,0,0,0,0,0,1
MS-5004908-0CD867DF920B441FBFD5F395941246D9,ms,5.3,0.15,2.89,54.57,0.0,0.0,0.0,0.0,0,0,0,0,0,0,1
MS-5007406-31932CBC243C4C72A5D8D13DC58F1332,ms,89.24,1.49,57.52,64.45,0.0,0.0,0.0,0.0,0,0,0,0,0,0,1
MS-5003256-81F4F5AAD016439EB48CE337521EF35D,ms,955.85,13.66,145.08,15.18,0.0,0.0,0.0,0.0,1,0,0,0,0,0,1
MS-5004700-221BE421E93E4FE588AB4A9AB678F867,ms,153.25,5.11,0.0,0.0,0.0,0.0,0.0,0.0,2,0,0,0,0,0,1
MS-5007307-65460A29D40B459BBFE7D624D82D4397,ms,55.98,1.39,2.8,5.0,0.0,0.0,0.0,0.0,1,0,0,0,0,0,1
MS-5004908-0CE0D0D34A3C4259AF0A75DCF9586B02,ms,171.47,4.89,15.46,9.02,0.0,0.0,0.0,0.0,1,0,0,0,0,0,1
MS-5004700-55BE7449F3114A178688D3DBBEF121F3,ms,2.35,0.08,0.0,0.0,0.0,0.0,0.0,0.0,2,0,0,0,0,0,1
MS-5004502-F5E691B052444A8197AF9E48DCB7D5D6,ms,45.05,1.5,0.68,1.51,0.0,0.0,0.0,0.0,1,0,0,0,0,0,1
MS-5004700-8A68A72EB39742EF9D1246125F2DB4D8,ms,12.35,0.41,0.0,0.0,0.0,0.0,0.0,0.0,2,0,0,0,0,0,1
MS-5004700-F5A6FC0D817D4C91909CE829A2DF148F,ms,91.13,3.02,1.22,1.34,0.0,0.0,0.0,0.0,1,0,0,0,0,0,1
MS-5007208-5BDD846EB95A40DDA5060657E534C945,ms,4159.48,138.64,56.23,1.35,0.0,0.0,0.0,0.0,1,0,0,0,0,0,1
MS-5004908-86EEEE591B514EB796BD55DF6833BDDE,ms,282.84,8.08,30.24,10.69,0.0,0.0,0.0,0.0,1,0,0,0,0,0,1
MS-5004502-760160F3343642B8A8DF4A033B06122C,ms,90.29,3.01,0.0,0.0,0.0,0.0,0.0,0.0,2,0,0,0,0,0,1
MS-5004502-0712A600740F49E39A71E82D67AA6F67,ms,43.82,1.46,0.08,0.18,0.0,0.0,0.0,0.0,1,0,0,0,0,0,1
MS-5004700-76C6637423FB42AEA8D64BBD59DF515B,ms,6.14,0.2,0.0,0.0,0.0,0.0,0.0,0.0,2,0,0,0,0,0,1
MS-5004700-32E0C62A7EBB4D82A883AEE6D14B2E4F,ms,12.19,0.41,0.0,0.0,0.0,0.0,0.0,0.0,2,0,0,0,0,0,1
MS-5004700-4A97172DECCE477C90E7F14979FB4ECC,ms,265.07,8.84,1.57,0.59,0.0,0.0,0.0,0.0,1,0,0,0,0,0,1
MS-5004908-1EE78FE65D2A4AD6B28EC83B24C91E5A,ms,7.31,0.21,0.27,3.7,0.0,0.0,0.0,0.0,1,0,0,0,0,0,1
MS-5004700-CCA80B89071148E2B0FF52B2891BB85E,ms,8.32,0.28,0.0,0.0,0.0,0.0,0.0,0.0,2,0,0,0,0,0,1
MS-5004700-A6BA1D8A9BB441A5967C91E12502310F,ms,57.86,1.93,0.17,0.29,0.0,0.0,0.0,0.0,1,0,0,0,0,0,1
MS-5007208-F13B2282DFF94161B0BB8BE6D3509417,ms,4.55,0.15,0.0,0.0,0.0,0.0,0.0,0.0,2,0,0,0,0,0,1
MS-5007307-6D7E7EC90EDA4A9AA69124B7F7D3E584,ms,28.0,0.7,0.27,0.96,0.0,0.0,0.0,0.0,1,0,0,0,0,0,1
MS-5004502-FCE3F9C9080A429CB106AF91AAC62D19,ms,15.05,0.51,0.23,1.53,0.0,0.0,0.0,0.0,1,0,0,0,0,0,1
MS-5004908-7991A8722F7B4B06A6ED752030B452CB,ms,8.54,0.24,0.0,0.0,0.0,0.0,0.0,0.0,2,0,0,0,0,0,1
MS-5007307-B57069FE6EFE4E598F17F3F09BB0C080,ms,10.58,0.26,0.0,0.0,0.0,0.0,0.0,0.0,2,0,0,0,0,0,1
MS-5004700-C2B521C9535F4CC8AFFCBB2BF5BFB82F,ms,12.62,0.42,0.0,0.0,0.0,0.0,0.0,0.0,2,0,0,0,0,0,1
MS-5004908-B85C535A5DDD4B28BD6389218E5494AD,ms,39.22,1.12,0.0,0.0,0.0,0.0,0.0,0.0,2,0,0,0,0,0,1
MS-5004700-5281D0846F53455BB6C65B1AAE329A71,ms,4.54,0.15,0.0,0.0,0.0,0.0,0.0,0.0,2,0,0,0,0,0,1
MS-5004908-9569C7EA71754A1F999563CE31A39A5E,ms,2.69,0.08,0.02,0.74,0.0,0.0,0.0,0.0,1,0,0,0,0,0,1
MS-5004502-DD4E5B269F1246DFAEE88779EB30CC43,ms,801.17,26.7,1.13,0.14,0.0,0.0,0.0,0.0,1,0,0,0,0,0,1
MS-5007208-FC20DB6942874C1DABBF0DD8CD841C43,ms,4.86,0.16,0.08,1.65,0.0,0.0,0.0,0.0,1,0,0,0,0,0,1
MS-5004700-C6591E5327224A41B36C1A1BCF331963,ms,4.18,0.14,0.0,0.0,0.0,0.0,0.0,0.0,2,0,0,0,0,0,1
MS-5004700-A1561E62115841E4967F0FC8E3FEFE7D,ms,11.91,0.4,0.0,0.0,0.0,0.0,0.0,0.0,2,0,0,0,0,0,1
MS-5004700-D35FCBCC63B94350B1316855CB337DE4,ms,2.34,0.08,1.73,73.87,0.0,0.0,0.0,0.0,0,0,0,0,0,0,1
MS-5004908-B41D6E168559413CAB46E7CBADAAC6A9,ms,5.5,0.16,0.0,0.0,0.0,0.0,0.0,0.0,2,0,0,0,0,0,1
MS-5004502-B38BA495582D490EA472A445ECF2B46E,ms,47.75,1.59,0.41,0.86,0.0,0.0,0.0,0.0,1,0,0,0,0,0,1
MS-5007208-B88AAA9885384B2C82248135487962D1,ms,56.04,1.87,0.33,0.59,0.0,0.0,0.0,0.0,1,0,0,0,0,0,1
MS-5004502-8A813F5D78024ED3B97AD09CCFC3E46B,ms,111.47,3.7,0.0,0.0,0.0,0.0,0.0,0.0,2,0,0,0,0,0,1
MS-5003256-8B0B1A4E54BE4540A389FD0E45EE50DF,ms,40.0,0.57,0.09,0.22,0.0,0.0,0.0,0.0,1,0,0,0,0,0,1
MS-5004700-CAB7D1409D5645F1A47721CA58F9DEBE,ms,128.19,4.27,0.0,0.0,0.0,0.0,0.0,0.0,2,0,0,0,0,0,1
MS-5004908-0D80CC58F0134E2D9E40349CEF347346,ms,1675.11,47.8,40.76,2.43,0.0,0.0,0.0,0.0,1,0,0,0,0,0,1
MS-5007307-A2128A5F697E4042B56E6B434D24D094,ms,7.39,0.18,0.17,2.3,0.0,0.0,0.0,0.0,1,0,0,0,0,0,1
MS-5002001-E6617F4E61A24C28A74F71C0F2B907F1,ms,351.49,8.78,3.88,1.1,0.0,0.0,0.0,0.0,1,0,0,0,0,0,1
MS-5007208-C47944BC7600472EA3239BC2D09FD919,ms,249.18,8.31,0.08,0.03,0.0,0.0,0.0,0.0,1,0,0,0,0,0,1
MS-5004502-E34E003C2FD345CF8A405585890D9F09,ms,10.03,0.33,0.0,0.0,0.0,0.0,0.0,0.0,2,0,0,0,0,0,1
MS-5002001-9A6FEA75C9D446C3A73A4461CDE0EF67,ms,103.67,2.59,0.0,0.0,0.0,0.0,0.0,0.0,2,0,0,0,0,0,1
MS-5004908-9BE9FC4E98BF43E4BD6644AC303B00D5,ms,5.19,0.15,0.0,0.0,0.0,0.0,0.0,0.0,2,0,0,0,0,0,1
MS-5004700-77E68482B4514052B95280D56592E972,ms,36.42,1.21,0.0,0.0,0.0,0.0,0.0,0.0,2,0,0,0,0,0,1
MS-5004700-78A2E7AA65534DC8963D84421866DC1C,ms,33.93,1.13,29.74,87.64,0.0,0.0,0.0,0.0,0,0,0,0,0,0,1
MS-5007208-E163E04A559747698DBABC29F8F4EB29,ms,663.89,22.13,28.4,4.28,0.0,0.0,0.0,0.0,1,0,0,0,0,0,1
MS-5003256-51361FAB0CF64B74841746359A6E2B5F,ms,902.86,12.9,1.6,0.18,0.0,0.0,0.0,0.0,1,0,0,0,0,0,1
MS-5004700-D0DA6E8A228E4042B3D6F67C26EC6DC9,ms,49.52,1.65,0.0,0.0,0.0,0.0,0.0,0.0,2,0,0,0,0,0,1
MS-5003256-55A7365DA3E349BDA87EFEDCBC9F6CC3,ms,2074.21,29.55,7.09,0.34,0.0,0.0,0.0,0.0,1,0,0,0,0,0,1
MS-5007406-1DF87407EE7D4535A32B67F50E63EC31,ms,1747.85,29.13,113.58,6.5,0.0,0.0,0.0,0.0,1,0,0,0,0,0,1
MS-5004908-5FA1D584E3DB4261B21031D2BA843B72,ms,62.88,1.84,2.36,3.75,0.0,0.0,0.0,0.0,1,0,0,0,0,0,1
MS-5007406-14A169D7598E4069B3A7E229C0804CF2,ms,310.58,5.17,3.0,0.97,0.0,0.0,0.0,0.0,1,0,0,0,0,0,1
MS-5004908-780593F90DDF48DFA31EB5630AED3FE1,ms,262.4,7.48,7.98,3.04,0.0,0.0,0.0,0.0,1,0,0,0,0,0,1
MS-5007208-A63B5D69310C4D6A978ACAD9342C8CD9,ms,51.25,1.71,0.17,0.33,0.0,0.0,0.0,0.0,1,0,0,0,0,0,1
MS-5004908-FAF8480C2DBA484BAE6A14CD28E76541,ms,30.0,0.87,0.0,0.0,0.0,0.0,0.0,0.0,2,0,0,0,0,0,1
MS-5004700-022391223C0E464086111DC32D1BD222,ms,29.49,0.98,0.0,0.0,0.0,0.0,0.0,0.0,2,0,0,0,0,0,1
MS-5004908-258BA76F2F1943D38EB345C04D1A520A,ms,149.95,4.28,0.31,0.21,0.0,0.0,0.0,0.0,1,0,0,0,0,0,1
MS-5003256-AF7EC44F47714F1CA70BDBCBC8C2F53E,ms,21.46,0.31,0.18,0.84,0.0,0.0,0.0,0.0,1,0,0,0,0,0,1
MS-5007307-4FABE9D29AF04BF4A2A45207DAF011E5,ms,23.34,0.58,0.81,3.47,0.0,0.0,0.0,0.0,1,0,0,0,0,0,1
MS-5007208-104B4076C4564566A1BAD4A51EECDA16,ms,633.23,21.11,0.84,0.13,0.0,0.0,0.0,0.0,1,0,0,0,0,0,1
MS-5004700-61DD7512C28142B483DAB39A4012C7F2,ms,52.37,1.74,0.22,0.42,0.0,0.0,0.0,0.0,1,0,0,0,0,0,1
MS-5004502-6B9F2857FBC04A7490C992EE003E30C8,ms,25.24,0.84,0.03,0.12,0.0,0.0,0.0,0.0,1,0,0,0,0,0,1
MS-5004700-E3209B50B0A448DEA210CE6B942841BC,ms,99.35,3.31,0.0,0.0,0.0,0.0,0.0,0.0,2,0,0,0,0,0,1
MS-5003256-B4BB76585FBC47129FBF09A47CD88EF0,ms,191.28,2.73,1.29,0.67,0.0,0.0,0.0,0.0,1,0,0,0,0,0,1
MS-5007307-27692F795C734A2A84FEEACAF2C9B444,ms,6.19,0.15,0.77,12.44,0.0,0.0,0.0,0.0,1,0,0,0,0,0,1
MS-5004502-9F85DAB4B41946FDAF59D7CD29178707,ms,44.41,1.48,1.59,3.58,0.0,0.0,0.0,0.0,1,0,0,0,0,0,1
MS-5004502-3B381C1E0BED4508B070D6DE903F5DE9,ms,5.68,0.19,0.0,0.0,0.0,0.0,0.0,0.0,2,0,0,0,0,0,1
MS-5004908-E243B8AD43CA4623B907034B19A9A983,ms,21.19,0.61,0.0,0.0,0.0,0.0,0.0,0.0,2,0,0,0,0,0,1
MS-5007307-2E933C5C2B434ED6B9D4C826FB1B1920,ms,113.52,2.84,27.61,24.32,0.0,0.0,0.0,0.0,0,0,0,0,0,0,1
MS-5003256-8612CF19CA86436BB48A3420ED1680AB,ms,4651.64,65.88,17.26,0.37,0.0,0.0,0.0,0.0,1,0,0,0,0,0,1
MS-5004700-94B833F5CB404D309F5084F3BC24D7D7,ms,12.5,0.42,0.0,0.0,0.0,0.0,0.0,0.0,2,0,0,0,0,0,1
MS-5004908-0B29B020E19749F8BFE3B7003E3C3043,ms,142.67,4.08,0.0,0.0,0.0,0.0,0.0,0.0,2,0,0,0,0,0,1
MS-5004700-E62B65D7657D463A8A567C92704639E6,ms,158.38,5.28,0.0,0.0,0.0,0.0,0.0,0.0,2,0,0,0,0,0,1
MS-5004700-B6A724A23A1344E8A4ADE7C5912E7BE5,ms,3.6,0.12,0.0,0.0,0.0,0.0,0.0,0.0,2,0,0,0,0,0,1
MS-5003256-4C74C6D961934644A9543925E23767ED,ms,15.69,0.22,0.33,2.1,0.0,0.0,0.0,0.0,1,0,0,0,0,0,1
MS-5004908-7C9ECD78BE154E7C8C9F339C0C3A3C96,ms,3.9,0.11,0.0,0.0,0.0,0.0,0.0,0.0,2,0,0,0,0,0,1
MS-5004502-034B149598C24B49A71F99B78CB02EE5,ms,10.22,0.34,0.0,0.0,0.0,0.0,0.0,0.0,2,0,0,0,0,0,1
MS-5004502-8A415D8F930849F09D0D8780CE896504,ms,10.48,0.35,0.08,0.76,0.0,0.0,0.0,0.0,1,0,0,0,0,0,1
MS-5004700-10E021BAF7D246C6AC1E8A42DEF4386A,ms,19.2,0.64,0.08,0.42,0.0,0.0,0.0,0.0,1,0,0,0,0,0,1
MS-5004700-580EFC88BE344520BB1576A8D299752D,ms,5.96,0.2,0.42,7.05,0.0,0.0,0.0,0.0,1,0,0,0,0,0,1
MS-5007307-4B48C7C2E6B64E75B9779289CD3D0BF6,ms,21.77,0.55,0.0,0.0,0.0,0.0,0.0,0.0,2,0,0,0,0,0,1
MS-5007307-B6C2F1755C824C5D8B4C49037E28A4B3,ms,4.6,0.12,0.0,0.0,0.0,0.0,0.0,0.0,2,0,0,0,0,0,1
MS-5004502-421969613DF9403CA23D04934178573A,ms,4.23,0.14,0.62,14.66,0.0,0.0,0.0,0.0,1,0,0,0,0,0,1
MS-5004908-7BC65BC0CDC8481F8F305B08B3B8EDC5,ms,5.94,0.17,0.37,6.23,0.0,0.0,0.0,0.0,1,0,0,0,0,0,1
MS-5004908-5AE3705E8D03421BB4EA1C2978D13BE1,ms,10.93,0.31,0.0,0.0,0.0,0.0,0.0,0.0,2,0,0,0,0,0,1
MS-5007307-9841AA690FA04974B80B37F93BCDC561,ms,27.3,0.68,0.0,0.0,0.0,0.0,0.0,0.0,2,0,0,0,0,0,1
MS-5004700-0C37E97469B24168897C9B2BAE072793,ms,4.59,0.15,0.0,0.0,0.0,0.0,0.0,0.0,2,0,0,0,0,0,1
MS-5004502-94CEC4F8DF2A4EC4A3BCF4F35BEA89FA,ms,27.98,0.96,0.0,0.0,0.0,0.0,0.0,0.0,2,0,0,0,0,0,1
MS-5004908-8F864CE83D2B462FA4D76B5E99E65140,ms,7.0,0.2,0.0,0.0,0.0,0.0,0.0,0.0,2,0,0,0,0,0,1
MS-5007208-D3BE57C99C7D41B7A71F15FEFA7092B4,ms,39.75,1.32,0.0,0.0,0.0,0.0,0.0,0.0,2,0,0,0,0,0,1
MS-5002001-B010B03A92D54A8D806E43769A2F30B8,ms,12.86,0.32,0.08,0.62,0.0,0.0,0.0,0.0,1,0,0,0,0,0,1
MS-5004908-5FDA54A862E54197AC9CC23FBF6B8E2C,ms,13.59,0.39,0.0,0.0,0.0,0.0,0.0,0.0,2,0,0,0,0,0,1
MS-5007307-99C95A3C9A4A412C9A9B2A238805CA93,ms,5.02,0.13,0.0,0.0,0.0,0.0,0.0,0.0,2,0,0,0,0,0,1
MS-5004908-660CB037F203408B97A1F43C413837F1,ms,78.17,2.23,0.17,0.22,0.0,0.0,0.0,0.0,1,0,0,0,0,0,1
MS-5004908-ACEBE7446AB1443ABE7CB7A3EF456ADB,ms,9.01,0.26,0.0,0.0,0.0,0.0,0.0,0.0,2,0,0,0,0,0,1
MS-5004700-55BC8361C81E45FCA8B3EBC80F6EE819,ms,4.28,0.0,0.0,0.0,0.0,0.0,0.0,0.0,2,0,0,0,0,0,1
MS-5007406-34E59C9DEA434802A026535D02E79233,ms,939.46,15.66,51.06,5.44,0.0,0.0,0.0,0.0,1,0,0,0,0,0,1
MS-5003256-9DC43285BCCD456D89C004BDDB1DA675,ms,4.03,0.06,0.0,0.0,0.0,0.0,0.0,0.0,2,0,0,0,0,0,1
MS-5004502-DE28AA01AA9C4656957D1AF7DC18E0F3,ms,35.41,1.18,0.0,0.0,0.0,0.0,0.0,0.0,2,0,0,0,0,0,1
MS-5004908-920C19FA5192403DBFA6C527D3ECFC47,ms,4.58,0.13,0.08,1.75,0.0,0.0,0.0,0.0,1,0,0,0,0,0,1
MS-5004908-23F1491C5FA74EAF86880EF14F8A9159,ms,8.68,0.25,0.25,2.88,0.0,0.0,0.0,0.0,1,0,0,0,0,0,1
MS-5004700-6DB0EE487CD245DB99B0F09FCA8360F9,ms,2.41,0.08,0.0,0.0,0.0,0.0,0.0,0.0,2,0,0,0,0,0,1
MS-5002001-44A248C3F3B546CC8ABD29DE12A00A91,ms,12.36,0.31,0.0,0.0,0.0,0.0,0.0,0.0,2,0,0,0,0,0,1
MS-5004908-56E77A2D28C54121BB6273714955CC1B,ms,5.0,0.14,0.0,0.0,0.0,0.0,0.0,0.0,2,0,0,0,0,0,1
MS-5004908-62B3F76F9FC4466BB4435FBE837AA187,ms,48.92,1.39,0.0,0.0,0.0,0.0,0.0,0.0,2,0,0,0,0,0,1
MS-5007208-706594E637B048FB8230A60E101907F4,ms,313.92,10.46,0.92,0.29,0.0,0.0,0.0,0.0,1,0,0,0,0,0,1
MS-5004908-81792BEE27784E608A10C4279013175E,ms,5.43,0.16,0.0,0.0,0.0,0.0,0.0,0.0,2,0,0,0,0,0,1
MS-5007208-C2791EB8B01F44BB8576CBA97AFA0F14,ms,125.25,4.18,0.91,0.73,0.0,0.0,0.0,0.0,1,0,0,0,0,0,1
MS-5003256-C68C7979541145A59A0CDE208C953C85,ms,1283.68,18.34,35.58,2.77,0.0,0.0,0.0,0.0,1,0,0,0,0,0,1
MS-5004908-8DAC6CDDB8634D90875475AC3404D0EC,ms,4.6,0.13,0.0,0.0,0.0,0.0,0.0,0.0,2,0,0,0,0,0,1
MS-5004502-DDF9013E3BE74AE1B69077D5B8F53962,ms,4.87,0.16,0.0,0.0,0.0,0.0,0.0,0.0,2,0,0,0,0,0,1
MS-5007208-F0C56F5E89A541EA9D1C3EA4D475A09D,ms,19.53,0.65,0.08,0.41,0.0,0.0,0.0,0.0,1,0,0,0,0,0,1
MS-5007208-4B767A9A18094F4BB3D3DF122E37D775,ms,6.28,0.21,0.0,0.0,0.0,0.0,0.0,0.0,2,0,0,0,0,0,1
MS-5004700-8F0173357FEB4583ACE482C7885127B8,ms,2.42,0.08,0.33,13.64,0.0,0.0,0.0,0.0,1,0,0,0,0,0,1
MS-5007406-306E54621A35415795EBEA3AA99C8539,ms,1340.58,22.34,18.72,1.4,0.0,0.0,0.0,0.0,1,0,0,0,0,0,1
MS-5007208-DF48772FC9064786B2921C7885DCEF95,ms,99.29,3.31,0.06,0.06,0.0,0.0,0.0,0.0,1,0,0,0,0,0,1
MS-5004908-DE9E6EC0A10F44D2A5799BC7452E0034,ms,46.76,1.33,0.0,0.0,0.0,0.0,0.0,0.0,2,0,0,0,0,0,1
MS-5004700-8F0D7F82B9454241BB38CDC49211FE57,ms,86.7,2.89,0.25,0.29,0.0,0.0,0.0,0.0,1,0,0,0,0,0,1
MS-5003256-90EB00F346BF424A875047D9FF2DFF22,ms,165.69,2.37,0.85,0.51,0.0,0.0,0.0,0.0,1,0,0,0,0,0,1
MS-5004700-52E92AC4650647518DB004BB1EF6B621,ms,13.18,0.44,0.0,0.0,0.0,0.0,0.0,0.0,2,0,0,0,0,0,1
MS-5004700-51570318BF854DEA92499EE7523BCB8D,ms,15.58,0.52,0.0,0.0,0.0,0.0,0.0,0.0,2,0,0,0,0,0,1
MS-5004908-94E3723671404CE19D725BCCC664DDBA,ms,5.3,0.15,0.0,0.0,0.0,0.0,0.0,0.0,2,0,0,0,0,0,1
MS-5004502-935D4064D625419E9E104416E2D1A937,ms,161.26,5.37,0.25,0.16,0.0,0.0,0.0,0.0,1,0,0,0,0,0,1
MS-5004502-ACA85DDC7FF24CB19BE3391D80848708,ms,79.95,2.67,0.0,0.0,0.0,0.0,0.0,0.0,2,0,0,0,0,0,1
MS-5004908-AB0373C3112E4F969F29FCD615335043,ms,5.38,0.15,0.0,0.0,0.0,0.0,0.0,0.0,2,0,0,0,0,0,1
MS-5004700-64B0641214B94967ADD2E422CBC6AE6A,ms,2.41,0.08,0.0,0.0,0.0,0.0,0.0,0.0,2,0,0,0,0,0,1
MS-5003256-08282671A5FD4DAE93BA4EDFED8BD50D,ms,647.03,9.24,9.3,1.44,0.0,0.0,0.0,0.0,1,0,0,0,0,0,1
MS-5007307-58D590986EAD4B21A05E95B65251034E,ms,19.5,0.49,0.0,0.0,0.0,0.0,0.0,0.0,2,0,0,0,0,0,1
MS-5004502-D92D746B8E3345A0B8C25590135880DF,ms,49.57,1.65,0.0,0.0,0.0,0.0,0.0,0.0,2,0,0,0,0,0,1
MS-5007208-28129B5BB8B54321866B49F35D83802D,ms,43.36,1.44,0.36,0.83,0.0,0.0,0.0,0.0,1,0,0,0,0,0,1
MS-5004908-7AD002AA4B864A0895C0EBB184F12CFD,ms,300.25,8.56,0.09,0.03,0.0,0.0,0.0,0.0,1,0,0,0,0,0,1
MS-5004908-0B8E2B6DDC254BEFBC06D864BBFAC42D,ms,8.38,0.24,0.0,0.0,0.0,0.0,0.0,0.0,2,0,0,0,0,0,1
MS-5004700-CA1EB864765240A6A1D81C077F33A374,ms,2.6,0.09,0.0,0.0,0.0,0.0,0.0,0.0,2,0,0,0,0,0,1
MS-5007307-2B31BF5A4D52401A98E9C17C1CF09F94,ms,192.81,4.71,5.9,3.06,0.0,0.0,0.0,0.0,1,0,0,0,0,0,1
MS-5004700-12C087EFF807457E850164653FC8EA60,ms,3.72,0.12,0.56,15.07,0.0,0.0,0.0,0.0,1,0,0,0,0,0,1
MS-5004700-6B564DF55ECB46E78FB07E3BB62C5ED6,ms,10.46,0.36,0.0,0.0,0.0,0.0,0.0,0.0,2,0,0,0,0,0,1
MS-5004700-F7269D5A7F324527810FFD9EFB704856,ms,35.06,1.17,1.33,3.79,0.0,0.0,0.0,0.0,1,0,0,0,0,0,1
MS-5007208-58A6EBC3FBBF497FADF7EE37BFBB2844,ms,6.11,0.2,0.0,0.0,0.0,0.0,0.0,0.0,2,0,0,0,0,0,1
MS-5004502-32CDB8E91B38404CA0B06DF5FFBF18C4,ms,897.98,29.93,4.16,0.46,0.0,0.0,0.0,0.0,1,0,0,0,0,0,1
MS-5004700-0B4FDAC01C3A42E7B43FC96533DF1CE7,ms,8.19,0.27,0.03,0.37,0.0,0.0,0.0,0.0,1,0,0,0,0,0,1
MS-5004908-E1FE395B6AEE44EDB66FEC9828C486C3,ms,99.89,2.85,0.09,0.09,0.0,0.0,0.0,0.0,1,0,0,0,0,0,1
MS-5007208-59101B00598A49DD94A5F3E31E7146F4,ms,4.31,0.14,0.0,0.0,0.0,0.0,0.0,0.0,2,0,0,0,0,0,1
MS-5003256-599467B78F8A4D6CA6E903B2EA31F718,ms,163.43,2.33,0.1,0.06,0.0,0.0,0.0,0.0,1,0,0,0,0,0,1
MS-5004700-528DA4CA3CD34489BCC88015A8C6AB9B,ms,3.57,0.12,0.67,18.78,0.0,0.0,0.0,0.0,1,0,0,0,0,0,1
MS-5003256-727CE12FD2454FDB9FEAAC3B3048A01A,ms,169.96,2.43,0.02,0.01,0.0,0.0,0.0,0.0,1,0,0,0,0,0,1
MS-5007208-71ADFA5D3A7744FA9BE76DF0C5AB8AA3,ms,3.83,0.13,0.0,0.0,0.0,0.0,0.0,0.0,2,0,0,0,0,0,1
MS-5004700-29CF0FD11FD5493FA613FCA692829797,ms,2.42,0.08,0.48,19.81,0.0,0.0,0.0,0.0,1,0,0,0,0,0,1
MS-5004908-218108ADD96C478D81A205CF070F8EF9,ms,11.92,0.34,0.76,6.37,0.0,0.0,0.0,0.0,1,0,0,0,0,0,1
MS-5004908-A1163749E496424B83FBA6A1F4D40D57,ms,3.57,0.1,1.06,29.67,0.0,0.0,0.0,0.0,0,0,0,0,0,0,1
MS-5004502-66F87C912715433FB984B67BE3AB52F8,ms,13.58,0.43,0.0,0.0,0.0,0.0,0.0,0.0,2,0,0,0,0,0,1
MS-5004502-3300FC0AB6554759BBC84FBE3833B776,ms,10.27,0.34,0.0,0.0,0.0,0.0,0.0,0.0,2,0,0,0,0,0,1
MS-5002001-F24C5DB54C754078AFB7560BC823D6FF,ms,444.3,11.11,2.31,0.52,0.0,0.0,0.0,0.0,1,0,0,0,0,0,1
MS-5003256-C1EF3BDF66A5429DA07E2E9F13C39A17,ms,21.6,0.31,0.0,0.0,0.0,0.0,0.0,0.0,2,0,0,0,0,0,1
MS-5004908-BE8508900F7149F2BD162C288C1A3C7C,ms,531.34,15.18,4.21,0.79,0.0,0.0,0.0,0.0,1,0,0,0,0,0,1
MS-5004502-1AD9925B6494496DA7CE1DC96F2158EA,ms,99.73,3.33,0.25,0.25,0.0,0.0,0.0,0.0,1,0,0,0,0,0,1
MS-5004502-2E12D294C973411DA75A03B9DE2BA7AA,ms,5.61,0.19,0.0,0.0,0.0,0.0,0.0,0.0,2,0,0,0,0,0,1
MS-5002001-DA45F5A895F540589F98A62615F1AF6C,ms,14.66,0.37,0.0,0.0,0.0,0.0,0.0,0.0,2,0,0,0,0,0,1
MS-5003256-1BC2664290BC4C1A8CB2C01364748328,ms,102.6,1.47,4.71,4.59,0.0,0.0,0.0,0.0,1,0,0,0,0,0,1
MS-5004700-CEAF67F9C2EE4686A56E9952880163F0,ms,3.01,0.1,0.0,0.0,0.0,0.0,0.0,0.0,2,0,0,0,0,0,1
MS-5007208-59A6947AD176405484F9C76D0B502344,ms,19.0,0.63,0.0,0.0,0.0,0.0,0.0,0.0,2,0,0,0,0,0,1
MS-5004502-37022878E6A744C1B51BA5BE202D1596,ms,123.15,4.1,0.08,0.06,0.0,0.0,0.0,0.0,1,0,0,0,0,0,1
MS-5004908-ECFE92007A3844629F71F0005E24AD72,ms,15.31,0.43,0.0,0.0,0.0,0.0,0.0,0.0,2,0,0,0,0,0,1
MS-5007307-D4E947F415B14684B95C4FF5120ECFC9,ms,6.15,0.15,0.64,10.41,0.0,0.0,0.0,0.0,1,0,0,0,0,0,1
MS-5002001-36534A23DC2F431A89EC9AF2FEA5FBEC,ms,0.49,0.01,0.0,0.0,0.0,0.0,0.0,0.0,2,0,0,0,0,0,1
MS-5004502-28C41311718846379980607A4377E6AE,ms,14.89,0.5,2.7,18.13,0.0,0.0,0.0,0.0,1,0,0,0,0,0,1
MS-5004502-2B23C7F73F46459BA52D728F9C22FE1B,ms,83.22,2.8,0.0,0.0,0.0,0.0,0.0,0.0,2,0,0,0,0,0,1
MS-5004502-CEEC796D83494F1EA72EAD4D79926A0C,ms,39.74,1.32,0.0,0.0,0.0,0.0,0.0,0.0,2,0,0,0,0,0,1
MS-5004908-01152A8FE0C94CD78457F3A9904403F9,ms,100.34,2.87,5.45,5.43,0.0,0.0,0.0,0.0,1,0,0,0,0,0,1
MS-5004700-13580A7D935C4BC59292776E7F0AE608,ms,3.75,0.12,0.56,14.95,0.0,0.0,0.0,0.0,1,0,0,0,0,0,1
MS-5004502-07AC26F1E4484F7C8517BDCAAE62AC3A,ms,22.23,0.74,0.01,0.04,0.0,0.0,0.0,0.0,1,0,0,0,0,0,1
MS-5004700-222536DF48564860BA6694129822CDF9,ms,4.92,0.16,0.01,0.2,0.0,0.0,0.0,0.0,1,0,0,0,0,0,1
MS-5003256-F490C1730A854685867E5A7475FA38F3,ms,12.64,0.18,0.0,0.0,0.0,0.0,0.0,0.0,2,0,0,0,0,0,1
MS-5004700-D14E22AD6168460BA0A8AC147C6EB8BC,ms,27.07,0.9,0.0,0.0,0.0,0.0,0.0,0.0,2,0,0,0,0,0,1
MS-5004908-C531AD95A58D43429C797D5B0AB11D3B,ms,40.52,1.16,0.12,0.3,0.0,0.0,0.0,0.0,1,0,0,0,0,0,1
MS-5002001-82AD732274B843739DC70BAC54C45C3C,ms,90.63,2.27,0.0,0.0,0.0,0.0,0.0,0.0,2,0,0,0,0,0,1
MS-5004502-A283F8B7E2704A5482DBB093DE6ACF4F,ms,26.56,0.88,0.08,0.3,0.0,0.0,0.0,0.0,1,0,0,0,0,0,1
MS-5004502-E9FDD02C88114B88B850474CC1A0EF3F,ms,801.06,26.7,0.89,0.11,0.0,0.0,0.0,0.0,1,0,0,0,0,0,1
MS-5007307-13C90FDB57DE4C25933E621C49AAAADE,ms,5.04,0.13,0.0,0.0,0.0,0.0,0.0,0.0,2,0,0,0,0,0,1
MS-5004908-7FCA3D41B3254F01A0106F4E5537AC19,ms,1.93,0.05,0.0,0.0,0.0,0.0,0.0,0.0,2,0,0,0,0,0,1
MS-5004908-6C2B6B1698C94E93BD06D9452B033B3F,ms,543.15,15.52,4.62,0.85,0.0,0.0,0.0,0.0,1,0,0,0,0,0,1
MS-5007208-26A5B718A95149AEA95EF62CE38BEA22,ms,136.92,4.56,8.14,5.95,0.0,0.0,0.0,0.0,1,0,0,0,0,0,1
MS-5004700-419C2E5884DA44CC8B9A4F81EA8F0430,ms,5.52,0.18,0.24,4.35,0.0,0.0,0.0,0.0,1,0,0,0,0,0,1
MS-5004908-29E6015519DC4CA39DD126C42A4C70D2,ms,8.6,0.25,0.0,0.0,0.0,0.0,0.0,0.0,2,0,0,0,0,0,1
MS-5004502-29CFB0238BEC45F38FAA7B482B411315,ms,47.65,1.59,0.91,1.91,0.0,0.0,0.0,0.0,1,0,0,0,0,0,1
MS-5004908-D7F2AA09525D4CE484D96781149778E4,ms,69.46,1.98,0.0,0.0,0.0,0.0,0.0,0.0,2,0,0,0,0,0,1
MS-5004502-F82ED60A6A6743E8A062699C064E34B2,ms,43.98,1.47,5.51,12.53,0.0,0.0,0.0,0.0,1,0,0,0,0,0,1
MS-5003256-0D5BCF3B50344ACDA8737DF8DA98BCF3,ms,124.54,1.78,2.06,1.65,0.0,0.0,0.0,0.0,1,0,0,0,0,0,1
MS-5004700-43068CC80BF3454BA8BC9D1F92890138,ms,39.05,1.3,0.0,0.0,0.0,0.0,0.0,0.0,2,0,0,0,0,0,1
MS-5004700-081847D4E87D496FBB370904ED5477BE,ms,2.3,0.08,0.0,0.0,0.0,0.0,0.0,0.0,2,0,0,0,0,0,1
MS-5004700-14BD7531E3CF49E0835C3BEB2B76EBB9,ms,21.03,0.7,0.0,0.0,0.0,0.0,0.0,0.0,2,0,0,0,0,0,1
MS-5007208-78B0E2D4EFD54390BC2249AF9F32E7A5,ms,513.6,17.12,0.0,0.0,0.0,0.0,0.0,0.0,2,0,0,0,0,0,1
MS-5004908-B4B0BF1C4D7A4CA28C54597F0424507D,ms,28.13,0.8,0.3,1.07,0.0,0.0,0.0,0.0,1,0,0,0,0,0,1
MS-5002001-9A5DA6EE000E4BEDB1D2CB137471BF0B,ms,148.02,3.7,0.5,0.34,0.0,0.0,0.0,0.0,1,0,0,0,0,0,1
MS-5004700-653DEECB6B2047F780A0197A2DC4A986,ms,21.69,0.72,0.23,1.06,0.0,0.0,0.0,0.0,1,0,0,0,0,0,1
MS-5004700-A9FB4C62C7DA4F77AF997B23BBCC13AC,ms,2.43,0.08,0.41,16.9,0.0,0.0,0.0,0.0,1,0,0,0,0,0,1
MS-5004908-55623D8281A94195833D85A80DFE4954,ms,48.72,1.39,0.0,0.0,0.0,0.0,0.0,0.0,2,0,0,0,0,0,1
MS-5004700-F6FC7279EDA24A45B5587DC60EA34D90,ms,2.28,0.08,0.0,0.0,0.0,0.0,0.0,0.0,2,0,0,0,0,0,1
MS-5007208-3E0F6551B60043EDB882FA14F3C45FB3,ms,7.04,0.23,0.0,0.0,0.0,0.0,0.0,0.0,2,0,0,0,0,0,1
MS-5004908-41D67E8D5DCE41D3BD4FD2FE12F628C3,ms,11.82,0.34,0.06,0.51,0.0,0.0,0.0,0.0,1,0,0,0,0,0,1
MS-5007406-13EFE68A90234F308EEBF83F9BF9EA79,ms,43.23,0.72,0.94,2.17,0.0,0.0,0.0,0.0,1,0,0,0,0,0,1
MS-5004502-4CE8E389E6ED4DF587C7BF82AEBA438D,ms,5.47,0.18,0.0,0.0,0.0,0.0,0.0,0.0,2,0,0,0,0,0,1
MS-5003256-F3FD6CE0FBA24C3EAFCE60475CE696C0,ms,43.3,0.62,0.15,0.35,0.0,0.0,0.0,0.0,1,0,0,0,0,0,1
MS-5007208-E49E498DB2C8425E880AF2BD798F1DEB,ms,8.31,0.28,0.63,7.58,0.0,0.0,0.0,0.0,1,0,0,0,0,0,1
MS-5003256-DF23901196AA4BED96F17CD716365AD8,ms,221.49,3.16,6.29,2.84,0.0,0.0,0.0,0.0,1,0,0,0,0,0,1
MS-5004700-18A7220FE1F54A538CE5E7372197E7B7,ms,24.05,0.82,0.0,0.0,0.0,0.0,0.0,0.0,2,0,0,0,0,0,1
MS-5004908-F5D32CA1AB01493DB955237BDFC0B94D,ms,5.06,0.14,0.0,0.0,0.0,0.0,0.0,0.0,2,0,0,0,0,0,1
MS-5002001-EFFA35591F254001A17016524AC6C343,ms,2.07,0.05,0.0,0.0,0.0,0.0,0.0,0.0,2,0,0,0,0,0,1
MS-5002001-0069DA34209142038218D9779A2F68E1,ms,47.12,1.17,21.57,45.77,0.0,0.0,0.0,0.0,0,0,0,0,0,0,1
MS-5004700-0EF9939CA8FD49AE95724DE5EEBB0EEC,ms,12.12,0.4,0.0,0.0,0.0,0.0,0.0,0.0,2,0,0,0,0,0,1
MS-5004700-BB89834D66B24C59A1BC8B77D3573159,ms,10.96,0.36,0.25,2.28,0.0,0.0,0.0,0.0,1,0,0,0,0,0,1
MS-5004502-806A0C800F9C47AF9E489442ED8CAB10,ms,24.75,0.83,0.0,0.0,0.0,0.0,0.0,0.0,2,0,0,0,0,0,1
MS-5002001-57179A850EA545CE9D81D5B85B9DA5CD,ms,12.14,0.3,0.0,0.0,0.0,0.0,0.0,0.0,2,0,0,0,0,0,1
MS-5002001-B158A4BED22F4877880125B923AA460D,ms,6.02,0.15,0.05,0.83,0.0,0.0,0.0,0.0,1,0,0,0,0,0,1
MS-5004502-51B1915B005342CB810E1B12E8B521FB,ms,35.12,1.17,0.0,0.0,0.0,0.0,0.0,0.0,2,0,0,0,0,0,1
MS-5004908-750C9A54E09A4591A7316C72FC5A6F27,ms,10.49,0.3,0.0,0.0,0.0,0.0,0.0,0.0,2,0,0,0,0,0,1
MS-5003256-8E1A31FC15774E5E9FFBC3E27183A4AE,ms,184.73,2.64,0.76,0.41,0.0,0.0,0.0,0.0,1,0,0,0,0,0,1
MS-5002001-BAF87A8544924BE1873C7D2C07F1525F,ms,121.0,3.02,0.0,0.0,0.0,0.0,0.0,0.0,2,0,0,0,0,0,1
MS-5007406-0285E27112DD40EEA0C0AC4EB12E158A,ms,1258.53,20.98,315.52,25.07,0.0,0.0,0.0,0.0,0,0,0,0,0,0,1
MS-5004502-386525E5B9594703AEA786B28F32ED1E,ms,8.48,0.28,0.08,0.94,0.0,0.0,0.0,0.0,1,0,0,0,0,0,1
MS-5004502-D6C545CAB02442349B8EEDD2341F5C5E,ms,20.09,0.67,0.2,1.0,0.0,0.0,0.0,0.0,1,0,0,0,0,0,1
MS-5004908-25075AE61671494D9D10D49486AE5596,ms,564.89,16.14,0.08,0.01,0.0,0.0,0.0,0.0,1,0,0,0,0,0,1
MS-5004502-1B8930B90DCD47D0B5E603B18759DB36,ms,7.48,0.25,0.0,0.0,0.0,0.0,0.0,0.0,2,0,0,0,0,0,1
MS-5004908-E0ABC55EE83C40408D359C13AE42D52A,ms,2.87,0.08,0.0,0.0,0.0,0.0,0.0,0.0,2,0,0,0,0,0,1
MS-5004700-00A29BDD43D34A0D86B98B5A23B7D791,ms,4.97,0.17,0.0,0.0,0.0,0.0,0.0,0.0,2,0,0,0,0,0,1
MS-5004908-C514BA5AC6A947CC9D38D579E45F89FB,ms,3.47,0.1,0.08,2.31,0.0,0.0,0.0,0.0,1,0,0,0,0,0,1
MS-5004502-4165153C94C343C18CED4627C8CABF3A,ms,23.9,0.8,0.08,0.33,0.0,0.0,0.0,0.0,1,0,0,0,0,0,1
MS-5004502-475781F3BC934F5A935E74101A50E86E,ms,60.88,2.02,0.23,0.38,0.0,0.0,0.0,0.0,1,0,0,0,0,0,1
MS-5004700-0F8A045CFF5B4F02B78D9A95EC443B03,ms,56.74,1.89,0.07,0.12,0.0,0.0,0.0,0.0,1,0,0,0,0,0,1
MS-5004700-B6D1296B00B04C66A8C0F1F57DCABDB8,ms,2.45,0.08,0.0,0.0,0.0,0.0,0.0,0.0,2,0,0,0,0,0,1
MS-5004700-0CE7F9DECEF2496C91A105722C383937,ms,2.45,0.08,0.0,0.0,0.0,0.0,0.0,0.0,2,0,0,0,0,0,1
MS-5004908-60A954D9AC5543449E2F6BE23036A44F,ms,18.81,0.54,0.0,0.0,0.0,0.0,0.0,0.0,2,0,0,0,0,0,1
MS-5007208-AA7C30C585F4436CABB1E0F932BE7795,ms,53.24,1.78,0.0,0.0,0.0,0.0,0.0,0.0,2,0,0,0,0,0,1
MS-5004908-7AB90591C3984E228BA154C641FE694F,ms,4.88,0.14,0.0,0.0,0.0,0.0,0.0,0.0,2,0,0,0,0,0,1
MS-5004908-3EE81EAA37BD4BE8A6A23928E0EA064A,ms,6.3,0.18,0.0,0.0,0.0,0.0,0.0,0.0,2,0,0,0,0,0,1
MS-5003256-1DEEDCE19BCD431192D6CC5B7F732D60,ms,330.74,4.72,2.4,0.73,0.0,0.0,0.0,0.0,1,0,0,0,0,0,1
MS-5007307-19706F3AC43741A7B5EEDC102A5AE40F,ms,369.35,9.23,20.73,5.61,0.0,0.0,0.0,0.0,1,0,0,0,0,0,1
MS-5003256-850CE3F9360F4CB08130A44AC0A858A8,ms,229.07,3.27,0.5,0.22,0.0,0.0,0.0,0.0,1,0,0,0,0,0,1
MS-5007695-1C2F66E9180C4609BC3CEE9C81685E72,ms,268.45,6.71,1.94,0.72,0.0,0.0,0.0,0.0,1,0,0,0,0,0,1
MS-5007307-7AD589C08071468590340548B6B5E073,ms,6.73,0.17,0.68,10.11,0.0,0.0,0.0,0.0,1,0,0,0,0,0,1
MS-5004700-10501CF04A3B467893F9F7B3D5E16F4A,ms,58.39,1.94,0.0,0.0,0.0,0.0,0.0,0.0,2,0,0,0,0,0,1
MS-5004700-5DC55D3FA6DE4A8786CFC2F82301D6E0,ms,2.44,0.08,0.0,0.0,0.0,0.0,0.0,0.0,2,0,0,0,0,0,1
MS-5007208-8F77F4375D644A6F852E5A4C55CD99F4,ms,709.47,23.65,1.94,0.27,0.0,0.0,0.0,0.0,1,0,0,0,0,0,1
MS-5004502-2F64993316CD4CBFBA010D1B21AA07F4,ms,8.73,0.29,0.08,0.92,0.0,0.0,0.0,0.0,1,0,0,0,0,0,1
MS-5004700-69DDB1B3C2934D92A2E3F9CCD5C84ADF,ms,4.82,0.16,0.0,0.0,0.0,0.0,0.0,0.0,2,0,0,0,0,0,1
MS-5004908-53FA820E24C744DAA3D77C99F49A1589,ms,303.14,8.66,14.09,4.65,0.0,0.0,0.0,0.0,1,0,0,0,0,0,1
MS-5002001-33F4FDE6185E4D33BE1B6007EEB7F32B,ms,294.45,7.36,1.9,0.65,0.0,0.0,0.0,0.0,1,0,0,0,0,0,1
MS-5004700-42DEAE58A3E749DAA58DFE81DB474F5F,ms,751.44,25.05,0.03,0.0,0.0,0.0,0.0,0.0,2,0,0,0,0,0,1
MS-5003256-8767CA8857A44360AF95A3E6A17C0E35,ms,20.0,0.29,0.0,0.0,0.0,0.0,0.0,0.0,2,0,0,0,0,0,1
MS-5002001-9E55E11D0D334769BEDB152832A67E3B,ms,173.09,4.21,0.91,0.53,0.0,0.0,0.0,0.0,1,0,0,0,0,0,1
MS-5007208-312B46BF816141248BE6513C99605252,ms,1329.29,44.31,3.38,0.25,0.0,0.0,0.0,0.0,1,0,0,0,0,0,1
MS-5007208-D02416A80D8843548478D16BC4472C01,ms,206.43,6.88,0.33,0.16,0.0,0.0,0.0,0.0,1,0,0,0,0,0,1
MS-5007208-4C54637C0B3C49DD8F6FF0B086AE14F0,ms,3.95,0.13,0.0,0.0,0.0,0.0,0.0,0.0,2,0,0,0,0,0,1
MS-5004700-650D12F9114846EB9F0E559B8DA9565D,ms,3.18,0.11,0.0,0.0,0.0,0.0,0.0,0.0,2,0,0,0,0,0,1
MS-5007208-F2A894E38ABE41A2B9551FD31C525DBB,ms,4175.36,139.13,16.66,0.4,0.0,0.0,0.0,0.0,1,0,0,0,0,0,1
MS-5004700-50D82CC98AB74807A5ED205D469A5ED8,ms,4.77,0.16,0.0,0.0,0.0,0.0,0.0,0.0,2,0,0,0,0,0,1
MS-5004700-FE1BD10EB2AC4121A3775C22DEDF1BA7,ms,21.47,0.72,0.05,0.23,0.0,0.0,0.0,0.0,1,0,0,0,0,0,1
MS-5007406-10238C62098A42948EAA6F287D0E065D,ms,29.83,0.5,0.0,0.0,0.0,0.0,0.0,0.0,2,0,0,0,0,0,1
MS-5007406-342A3D4815AD43D595D5FA07E6F63467,ms,260.96,4.35,0.53,0.2,0.0,0.0,0.0,0.0,1,0,0,0,0,0,1
MS-5007406-3087283AB52947FE85DD1DD4EA7828C8,ms,1069.86,17.81,72.41,6.77,0.0,0.0,0.0,0.0,1,0,0,0,0,0,1
MS-5003256-5BC9C792896649988A7D8E425009E9E3,ms,23.89,0.34,0.0,0.0,0.0,0.0,0.0,0.0,2,0,0,0,0,0,1
MS-5004502-0CB632EAD9E94876A81A4AB3919D33CE,ms,7.15,0.24,0.0,0.0,0.0,0.0,0.0,0.0,2,0,0,0,0,0,1
MS-5004700-B1267DEE26B8409DAB6C4A846CB09CC6,ms,25.0,0.83,0.0,0.0,0.0,0.0,0.0,0.0,2,0,0,0,0,0,1
MS-5002001-0F71C7FBE7A1438AA92B84737CEC26E7,ms,3.96,0.1,0.0,0.0,0.0,0.0,0.0,0.0,2,0,0,0,0,0,1
MS-5004908-E830DC234D5F4803AC9576E201B12B5E,ms,39.54,1.12,0.29,0.73,0.0,0.0,0.0,0.0,1,0,0,0,0,0,1
MS-5004700-BC7767567228431288F1E80993AFBC61,ms,24.53,0.82,0.0,0.0,0.0,0.0,0.0,0.0,2,0,0,0,0,0,1
MS-5004700-2F900CC5DDA143B095E23C637D0EE819,ms,43.9,1.47,0.0,0.0,0.0,0.0,0.0,0.0,2,0,0,0,0,0,1
MS-5003256-C292BF0F95644C9FB1C5B8595F090F8F,ms,10.21,0.14,0.0,0.0,0.0,0.0,0.0,0.0,2,0,0,0,0,0,1
PA-1508357-68C320DF2C1F4B95A2BE2B11ECE2CBF5,pa,62.54,0.8339,20.78,33.23,0.0,0.0,0.0,0.0,0,1,0,0,0,0,0
PA-1505403-18C33E96EADE41D1B92AC59B43B6554A,pa,6.21,0.1129,0.67,10.79,0.0,0.0,0.0,0.0,1,1,0,0,0,0,0
PA-1506807-936067EEBEA14627BD93F5E6DC5E9730,pa,57.34,0.7645,28.91,50.42,0.0,0.0,0.0,0.0,0,1,0,0,0,0,0
PA-1505403-428813B291094BDD9A0778918C185FE4,pa,5.97,0.1085,3.78,63.36,0.0,0.0,0.0,0.0,0,1,0,0,0,0,0
PA-1506906-E55C2E94D51844358E312EBDE2E5A989,pa,28.14,0.5117,11.88,42.21,0.0,0.0,0.0,0.0,0,1,0,0,0,0,0
PA-1508357-77274E04BA5345A6A03129884193DB9D,pa,42.09,0.5613,18.17,43.16,0.0,0.0,0.0,0.0,0,1,0,0,0,0,0
PA-1506807-31E84E1175B74975ACA59026590BC2F5,pa,40.15,0.5354,26.05,64.88,0.0,0.0,0.0,0.0,0,1,0,0,0,0,0
PA-1505403-3B757DE626D2416C869A370CB28D8E22,pa,1.18,0.0215,0.16,13.55,0.0,0.0,0.0,0.0,1,1,0,0,0,0,0
PA-1508357-7A7FBCE7D3A04BD0B4B139B8950AA539,pa,2158.94,28.7859,260.78,12.08,0.0,0.0,0.0,0.0,1,1,0,0,0,0,0
PA-1506807-28396F32E0AF4957B38F55AFFAE29FDE,pa,82.53,1.1004,14.06,17.04,0.0,0.0,0.0,0.0,1,1,0,0,0,0,0
PA-1506807-E6901C07D2F0409E9AF71B40AA08D6CE,pa,3.47,0.0463,1.09,31.38,0.0,0.0,0.0,0.0,0,1,0,0,0,0,0
PA-1505403-576E0AE926534FC89EEC4D8243F96768,pa,25.31,0.4186,7.9,31.21,0.0,0.0,0.0,0.0,0,1,0,0,0,0,0
PA-1508357-058A120E4B5849F28287EDADB1152850,pa,70.09,0.9346,23.02,32.84,0.0,0.0,0.0,0.0,0,1,0,0,0,0,0
PA-1506807-CB51C7CFC058450381BAB3A5834C2850,pa,8.08,0.1077,5.66,70.06,0.0,0.0,0.0,0.0,0,1,0,0,0,0,0
PA-1508357-40EC06B39522497BBB8E2ADCC283FABF,pa,294.6,3.928,36.9,12.53,0.0,0.0,0.0,0.0,1,1,0,0,0,0,0
PA-1506807-323CBC9163A24D1FA945A6CA06434E27,pa,18.59,0.2479,8.94,48.09,0.0,0.0,0.0,0.0,0,1,0,0,0,0,0
PA-1500859-0FFA59D50D4048D78A5CC373B2DE1B9E,pa,189.35,2.705,138.8,73.3,0.0,0.0,0.0,0.0,0,1,0,0,0,0,0
PA-1508357-F0241F7F83B746A081F0BF758A2217E9,pa,24.93,0.3324,5.99,24.03,0.0,0.0,0.0,0.0,0,1,0,0,0,0,0
PA-1508407-76E0ECDB47E94FC298E8CD7D09859604,pa,33.78,0.4503,0.19,0.56,0.0,0.0,0.0,0.0,1,1,0,0,0,0,0
PA-1500859-0DD11625F01C4C5186CDA88BDDADBE5E,pa,49.2,0.7029,15.25,30.99,0.0,0.0,0.0,0.0,0,1,0,0,0,0,0
PA-1506807-BE49A52635A5430DB0529EFCB545B8D8,pa,8.04,0.1072,3.28,40.81,0.0,0.0,0.0,0.0,0,1,0,0,0,0,0
PA-1506906-FF2342D1AC82452BBC94A6D690E4BFED,pa,19.82,0.3604,16.65,83.99,0.0,0.0,0.0,0.0,0,1,0,0,0,0,0
PA-1508407-B72E72ADE4C9445B870B238587E2AEBD,pa,109.19,1.4558,1.42,1.3,0.0,0.0,0.0,0.0,1,1,0,0,0,0,0
PA-1505403-B36F93653B5D4E70BF466E23695AD270,pa,7.36,0.1339,0.64,8.69,0.0,0.0,0.0,0.0,1,1,0,0,0,0,0
PA-1500859-0F3453AF82E248AFA4C8B191838A8433,pa,57.06,0.8151,43.86,76.87,0.0,0.0,0.0,0.0,0,1,0,0,0,0,0
PA-1506807-A74E28998E1A49D393F500A24D4C97E2,pa,0.28,0.0038,0.13,46.16,0.0,0.0,0.0,0.0,0,1,0,0,0,0,0
PA-1508407-8622BDE0DD7E4A309DC36E1576464BA8,pa,56.2,0.7493,0.2,0.36,0.0,0.0,0.0,0.0,1,1,0,0,0,0,0
PA-1508357-9FDB887EB16544D79E367823438F4A3D,pa,69.62,0.9283,65.83,94.55,0.0,0.0,0.0,0.0,0,1,0,0,0,0,0
PA-1508407-F3DEE1CA19D7473FB0775E305F13ED72,pa,24.63,0.3284,0.21,0.85,0.0,0.0,0.0,0.0,1,1,0,0,0,0,0
PA-1506807-1D08C0BBD4A44CDC9991794ADA070420,pa,73.53,0.9804,51.3,69.77,0.0,0.0,0.0,0.0,0,1,0,0,0,0,0
PA-1506807-E094D0C85B834F53A4050DB80FB6B552,pa,195.29,2.6039,163.02,83.48,0.0,0.0,0.0,0.0,0,1,0,0,0,0,0
PA-1506906-D30509D7AE9F4DC7B02600D4335C35F2,pa,56.29,1.0235,22.57,40.09,0.0,0.0,0.0,0.0,0,1,0,0,0,0,0
PA-1505403-B4394857916443B6867132AACC7DDB23,pa,27.5,0.5,12.17,44.25,0.0,0.0,0.0,0.0,0,1,0,0,0,0,0
PA-1508407-97A7DD7C37154B1BA842CED7D6AAECE0,pa,36.55,0.4873,1.8,4.92,0.0,0.0,0.0,0.0,1,1,0,0,0,0,0
PA-1506807-3F19F4BC4E104669A73E2CD0F5CBCBB7,pa,0.78,0.0104,0.0,0.0,0.0,0.0,0.0,0.0,2,1,0,0,0,0,0
PA-1505403-F5452381C69243A5BF189DC41F499533,pa,12.05,0.2191,7.07,58.68,0.0,0.0,0.0,0.0,0,1,0,0,0,0,0
PA-1506807-16AF45BDFC2346B59C14E3CE7B8235EC,pa,47.28,0.6304,34.7,73.4,0.0,0.0,0.0,0.0,0,1,0,0,0,0,0
PA-1506807-C528095CB7284D15AF861DA7E813B64A,pa,85.82,1.1442,6.94,8.09,0.0,0.0,0.0,0.0,1,1,0,0,0,0,0
PA-1508357-A5C7F6BC42F04F1A9989DC0BADB2630B,pa,1.37,0.0183,0.48,35.05,0.0,0.0,0.0,0.0,0,1,0,0,0,0,0
PA-1505403-E0343CFBD9604DDC87DCB712F4E2526C,pa,19.96,0.363,1.58,7.91,0.0,0.0,0.0,0.0,1,1,0,0,0,0,0
PA-1506807-0319D6BD8F7D4461834E63C86FF9F254,pa,527.12,7.0282,46.24,8.77,0.0,0.0,0.0,0.0,1,1,0,0,0,0,0
PA-1508407-9C359E72588F4250837FEA8AABC084EA,pa,140.25,1.87,12.85,9.16,0.0,0.0,0.0,0.0,1,1,0,0,0,0,0
PA-1506807-8234A4CA421C429E9F69CBC7E2F68C04,pa,13.94,0.1859,0.0,0.0,0.0,0.0,0.0,0.0,2,1,0,0,0,0,0
PA-1508407-82351F32D4CC4EE89B935C3D54ADE127,pa,121.07,1.6142,7.14,5.9,0.0,0.0,0.0,0.0,1,1,0,0,0,0,0
PA-1506807-0344AA416F3748888DC61646ACF5906F,pa,33.25,0.4433,9.97,29.99,0.0,0.0,0.0,0.0,0,1,0,0,0,0,0
PA-1505403-7202EDC00EAF40E5A9B7F3E4731C97AF,pa,6.54,0.1189,2.43,37.15,0.0,0.0,0.0,0.0,0,1,0,0,0,0,0
PA-1506807-56C1AAA497434547BB8DA81783DEB3EB,pa,55.59,0.7413,38.73,69.66,0.0,0.0,0.0,0.0,0,1,0,0,0,0,0
PA-1506807-96149C850C7C4D3786F58353CE7B59E3,pa,29.42,0.3923,3.05,10.37,0.0,0.0,0.0,0.0,1,1,0,0,0,0,0
PA-1506807-C1AB906C5E1A4C2892C5D0BC07A07823,pa,62.25,0.8299,29.12,46.78,0.0,0.0,0.0,0.0,0,1,0,0,0,0,0
PA-1506807-8DBF507F8D5E42798056E8515CA6E84C,pa,572.95,7.6393,71.94,12.56,0.0,0.0,0.0,0.0,1,1,0,0,0,0,0
PA-1508407-8F9B7060ADB14DB59C5575EDD136EE2A,pa,29.46,0.3928,0.0,0.0,0.0,0.0,0.0,0.0,2,1,0,0,0,0,0
PA-1505403-CE7FEB14983F498F9F2948405D0A53AA,pa,15.04,0.2734,4.79,31.86,0.0,0.0,0.0,0.0,0,1,0,0,0,0,0
PA-1508407-7270021F75744E389A6DD2247A78FDA1,pa,30.22,0.403,15.82,52.34,0.0,0.0,0.0,0.0,0,1,0,0,0,0,0
PA-1506807-FEF8C9059B2A4B95B6375C4412CF3202,pa,6.97,0.093,0.25,3.59,0.0,0.0,0.0,0.0,1,1,0,0,0,0,0
PA-1508407-4BAFB719E81B4DEBA2A3734F28927625,pa,9.08,0.121,0.0,0.0,0.0,0.0,0.0,0.0,2,1,0,0,0,0,0
PA-1506807-FF53B74DBA72435EAFE9C5B083BD8AF2,pa,36.56,0.4874,0.09,0.25,0.0,0.0,0.0,0.0,1,1,0,0,0,0,0
PA-1508407-EDDAD47185AA467EA734BF681393172A,pa,103.35,1.378,14.33,13.87,0.0,0.0,0.0,0.0,1,1,0,0,0,0,0
PA-1506807-D5D1F338DBAE41E18CC09BC9BF96299F,pa,14.11,0.1881,10.12,71.72,0.0,0.0,0.0,0.0,0,1,0,0,0,0,0
PA-1506807-D985BD2A3DB24656B939300632DC6AEB,pa,8.63,0.1151,5.01,58.03,0.0,0.0,0.0,0.0,0,1,0,0,0,0,0
PA-1506807-66C75FFC45064320887893238D19A7AC,pa,0.18,0.0024,0.18,101.93,0.0,0.0,0.0,0.0,0,1,0,0,0,0,0
PA-1508407-51962504A1B7479095A92E74475B1FAD,pa,95.31,1.2708,0.18,0.19,0.0,0.0,0.0,0.0,1,1,0,0,0,0,0
PA-1508357-49D1E34577A846DABBE2D0C9E755629F,pa,211.63,2.8218,104.23,49.25,0.0,0.0,0.0,0.0,0,1,0,0,0,0,0
PA-1506807-0972AD8E3A2C48FAA8877FDC92054A9B,pa,35.96,0.4795,2.52,7.01,0.0,0.0,0.0,0.0,1,1,0,0,0,0,0
PA-1506807-738E025D9D114C1BB060B1DACAC8BEA7,pa,11.23,0.1497,2.11,18.79,0.0,0.0,0.0,0.0,1,1,0,0,0,0,0
PA-1508407-7C1D12F5217A496F89485596BC801B2B,pa,36.26,0.4835,12.15,33.5,0.0,0.0,0.0,0.0,0,1,0,0,0,0,0
PA-1506807-E6CFC5E90CB146C59FAE533922FC3CAE,pa,12.6,0.168,9.91,78.67,0.0,0.0,0.0,0.0,0,1,0,0,0,0,0
PA-1500859-01CDC347270149C1AF82937361034C30,pa,5.52,0.0789,5.2,94.12,0.0,0.0,0.0,0.0,0,1,0,0,0,0,0
PA-1508357-63CC8A13956D47F89995212F05C904F1,pa,111.61,1.4882,86.46,77.46,0.0,0.0,0.0,0.0,0,1,0,0,0,0,0
PA-1506807-F17AE42E9A7B4715A26379D835A3C811,pa,54.34,0.7245,45.84,84.36,0.0,0.0,0.0,0.0,0,1,0,0,0,0,0
PA-1505403-6FC33B9A7B514170A1720C04634CB575,pa,0.82,0.015,0.0,0.0,0.0,0.0,0.0,0.0,2,1,0,0,0,0,0
PA-1506807-46A29DC5565C4917BED493D03E7BB992,pa,2.14,0.0285,0.41,19.17,0.0,0.0,0.0,0.0,1,1,0,0,0,0,0
PA-1506807-6B0CDF52934A4DE8BD3CD6B2349F4722,pa,1.78,0.0237,0.02,1.13,0.0,0.0,0.0,0.0,1,1,0,0,0,0,0
PA-1506807-F340A1869F9A47A39D334C7C7E42F724,pa,55.03,0.7338,49.59,90.11,0.0,0.0,0.0,0.0,0,1,0,0,0,0,0
PA-1506807-F6B1FE52C8654E0DA6F9BAC8650C108E,pa,19.64,0.2619,2.26,11.51,0.0,0.0,0.0,0.0,1,1,0,0,0,0,0
PA-1508407-7B3581D357D9443C93482D5CC5C245E6,pa,37.03,0.4938,3.52,9.51,0.0,0.0,0.0,0.0,1,1,0,0,0,0,0
PA-1506807-5491D931313F456C957F701D5062504F,pa,79.46,1.0595,28.47,35.83,0.0,0.0,0.0,0.0,0,1,0,0,0,0,0
PA-1508357-AE73E3C71BD547079010F521319FB689,pa,75.83,1.0111,10.92,14.4,0.0,0.0,0.0,0.0,1,1,0,0,0,0,0
PA-1508407-C149E4DE930448DD9A74AEF701D028BB,pa,72.37,0.9649,1.42,1.96,0.0,0.0,0.0,0.0,1,1,0,0,0,0,0
PA-1506807-ACCED84464D6430EA4CFAB9DB68960A6,pa,11.31,0.1508,0.53,4.69,0.0,0.0,0.0,0.0,1,1,0,0,0,0,0
PA-1506807-53624B060B904BC8ABD780F8021C0496,pa,35.5,0.4734,18.93,53.32,0.0,0.0,0.0,0.0,0,1,0,0,0,0,0
PA-1505403-7C1D75553AF4471D92278B441595D47F,pa,3.13,0.057,1.24,39.56,0.0,0.0,0.0,0.0,0,1,0,0,0,0,0
PA-1506807-AB026DE4C6DE4F8389AB23F0BCA65C42,pa,1438.94,19.1859,6.65,0.46,0.0,0.0,0.0,0.0,1,1,0,0,0,0,0
PA-1508357-2933CA21800940DD8EA5F5049EECDAAF,pa,102.17,1.3623,37.46,36.66,0.0,0.0,0.0,0.0,0,1,0,0,0,0,0
PA-1506807-164BA5F9C227407A88D56ED4BE8E7F47,pa,242.86,3.2382,215.55,88.75,0.0,0.0,0.0,0.0,0,1,0,0,0,0,0
PA-1506807-38842D81EA914B34AD142E0876DA2241,pa,72.87,0.9716,49.11,67.4,0.0,0.0,0.0,0.0,0,1,0,0,0,0,0
PA-1506807-FD257F01DDDB4DD7AAD79721D7FB02D2,pa,79.22,1.0563,10.53,13.29,0.0,0.0,0.0,0.0,1,1,0,0,0,0,0
PA-1508407-1E4D46C73A3F45628680B13BF752EE33,pa,0.13,0.0017,0.0,0.0,0.0,0.0,0.0,0.0,2,1,0,0,0,0,0
PA-1508407-2EAE7A62B1A745AD89BA7397198AB62E,pa,2142.96,28.5728,360.93,16.84,0.0,0.0,0.0,0.0,1,1,0,0,0,0,0
PA-1508357-C80B6E2CF1BB4344B8C418DDC39CA708,pa,1133.66,15.1154,436.52,38.51,0.0,0.0,0.0,0.0,0,1,0,0,0,0,0
PA-1508407-4C8C9AA41CCF4F98BDB78D9D8DC15400,pa,40.81,0.5442,1.77,4.34,0.0,0.0,0.0,0.0,1,1,0,0,0,0,0
PA-1508407-6E43E1ED008D496486A31FD35455ECDB,pa,87.29,1.1638,26.56,30.43,0.0,0.0,0.0,0.0,0,1,0,0,0,0,0
PA-1506807-5B877D861FE14BBD91FCEC647B06B360,pa,47.9,0.6387,26.94,56.24,0.0,0.0,0.0,0.0,0,1,0,0,0,0,0
PA-1506807-18A8CE297FF346148A7B2AEAAB8C71C2,pa,7.47,0.0996,3.57,47.8,0.0,0.0,0.0,0.0,0,1,0,0,0,0,0
PA-1508407-5E38FF9B539A42058E14B5406EC6F265,pa,22.36,0.2981,0.0,0.0,0.0,0.0,0.0,0.0,2,1,0,0,0,0,0
PA-1508407-3931284F1C2C4B0EA8601CF702EF6CF8,pa,40.59,0.5411,4.55,11.21,0.0,0.0,0.0,0.0,1,1,0,0,0,0,0
PA-1508407-03237ED46E894F8AA12E005B304A7FC9,pa,24.44,0.3259,9.22,37.72,0.0,0.0,0.0,0.0,0,1,0,0,0,0,0
PA-1508357-3978DA6AB732412E9AB5602C8C8635AD,pa,99.51,1.3269,35.17,35.34,0.0,0.0,0.0,0.0,0,1,0,0,0,0,0
PA-1506807-431CCE62DCE34C0DB09BADC9B6883871,pa,3.28,0.0438,0.34,10.36,0.0,0.0,0.0,0.0,1,1,0,0,0,0,0
PA-1505403-DD1BA7C241A84844846DE2497CC8C03E,pa,32.73,0.5951,14.54,44.42,0.0,0.0,0.0,0.0,0,1,0,0,0,0,0
PA-1505403-9CC413A87F5A4D839EF2A631EC9E2424,pa,0.28,0.0052,0.1,35.15,0.0,0.0,0.0,0.0,0,1,0,0,0,0,0
PA-1508407-69C1C713FEA445DE803EB516C02A9275,pa,81.56,1.0874,0.51,0.63,0.0,0.0,0.0,0.0,1,1,0,0,0,0,0
PA-1508357-C950ED0002A140F59E09F4E6D1B8E034,pa,11.12,0.1483,3.8,34.16,0.0,0.0,0.0,0.0,0,1,0,0,0,0,0
PA-1506807-B7C47DC5067B4D149118F536D18F2B99,pa,47.97,0.6396,18.78,39.15,0.0,0.0,0.0,0.0,0,1,0,0,0,0,0
PA-1506807-9E95BF2127834E70BDD046D6F10460FC,pa,2.0,0.0266,0.38,19.04,0.0,0.0,0.0,0.0,1,1,0,0,0,0,0
PA-1508407-3D59385F28F842B8983F02C3AA58D763,pa,25.41,0.3388,9.65,37.98,0.0,0.0,0.0,0.0,0,1,0,0,0,0,0
PA-1508407-471D8CFAADB64E22ADB25FD1E9C0E221,pa,111.72,1.4896,11.54,10.33,0.0,0.0,0.0,0.0,1,1,0,0,0,0,0
PA-1506807-C5071A414FB34F6FBE780E5DCDE9C6DF,pa,1.52,0.0203,0.69,45.36,0.0,0.0,0.0,0.0,0,1,0,0,0,0,0
PA-1505403-D29B348D03ED4B88949048149B658297,pa,214.05,3.8918,97.4,45.5,0.0,0.0,0.0,0.0,0,1,0,0,0,0,0
PA-1508357-B90DB3A60E0F450399AA8ADB22F57D39,pa,7.49,0.0998,4.22,56.36,0.0,0.0,0.0,0.0,0,1,0,0,0,0,0
PA-1506807-CC2E88A4236F44728B619D08D11FB801,pa,47.11,0.6281,15.76,33.46,0.0,0.0,0.0,0.0,0,1,0,0,0,0,0
PA-1506807-61891AB9F9BF43979AAEEE6F969EF706,pa,4.5,0.06,1.47,32.69,0.0,0.0,0.0,0.0,0,1,0,0,0,0,0
PA-1508407-D9F256D4A04946D59FF64682CF656B7C,pa,41.21,0.5495,0.0,0.0,0.0,0.0,0.0,0.0,2,1,0,0,0,0,0
PA-1506807-D51070F5CF004ADD8FBD1C75D5AB4E85,pa,81.43,1.0857,4.88,5.99,0.0,0.0,0.0,0.0,1,1,0,0,0,0,0
PA-1508407-15C98B55ED084F079CE39340BD6D9885,pa,4.78,0.0637,0.34,7.12,0.0,0.0,0.0,0.0,1,1,0,0,0,0,0
PA-1506807-4349497BF5444E469CEF0191143123A5,pa,19.22,0.2562,1.28,6.66,0.0,0.0,0.0,0.0,1,1,0,0,0,0,0
PA-1506807-C55A4C617C5147F589FC3E8E2DEA052A,pa,30.08,0.401,9.29,30.89,0.0,0.0,0.0,0.0,0,1,0,0,0,0,0
PA-1506807-D8CF71C7A4E8470397001B939279E608,pa,13.46,0.1794,8.24,61.22,0.0,0.0,0.0,0.0,0,1,0,0,0,0,0
PA-1508357-2EC4CD157179493C9DF6F0A7E7DEA811,pa,294.45,3.9259,190.32,64.64,0.0,0.0,0.0,0.0,0,1,0,0,0,0,0
PA-1506807-F52AFAC5F5954B5D9E55B3714DE58F97,pa,24.09,0.3212,7.48,31.05,0.0,0.0,0.0,0.0,0,1,0,0,0,0,0
PA-1508407-4ECA94A49469403AABCAAF32154D15EF,pa,62.07,0.8276,2.97,4.79,0.0,0.0,0.0,0.0,1,1,0,0,0,0,0
PA-1508357-38BFD32E0E4649C8A2D09DD52611BDD6,pa,96.02,1.2802,49.8,51.87,0.0,0.0,0.0,0.0,0,1,0,0,0,0,0
PA-1506807-41A670B28DC542E9873445B6FB38FF90,pa,71.49,0.9778,51.03,71.38,0.0,0.0,0.0,0.0,0,1,0,0,0,0,0
PA-1505403-1D1313B16AE640D4892508E1A52B2DB7,pa,0.25,0.0045,0.0,0.0,0.0,0.0,0.0,0.0,2,1,0,0,0,0,0
PA-1506807-4AC2D1C0683B4DF48253E4A5313B6A3E,pa,6.68,0.0891,3.61,54.03,0.0,0.0,0.0,0.0,0,1,0,0,0,0,0
PA-1506807-DB32AEC99B3248408FC6EDDCDA4B3F09,pa,102.58,1.3678,18.89,18.41,0.0,0.0,0.0,0.0,1,1,0,0,0,0,0
PA-1508407-52DCE7E661084DBEB9BE3D9B477195EF,pa,53.96,0.7195,0.0,0.0,0.0,0.0,0.0,0.0,2,1,0,0,0,0,0
PA-1506807-6A2A5DD236F14DBFB58C2A7DFEE68D1D,pa,3.75,0.05,1.15,30.64,0.0,0.0,0.0,0.0,0,1,0,0,0,0,0
PA-1508357-6F2D1D21B6D049CCBC049620EFDF4E8F,pa,72.52,0.9669,14.68,20.24,0.0,0.0,0.0,0.0,0,1,0,0,0,0,0
PA-1506807-129C509CB7304799959EE2AA1D0B73C8,pa,3.6,0.048,0.93,25.85,0.0,0.0,0.0,0.0,0,1,0,0,0,0,0
PA-1506807-2C9FE672E7CD4371AD5A2466F9A576E6,pa,330.04,4.4005,33.31,10.09,0.0,0.0,0.0,0.0,1,1,0,0,0,0,0
PA-1508357-1CDE2175771348BB8EFA12B13FFCF119,pa,18.87,0.2516,12.99,68.83,0.0,0.0,0.0,0.0,0,1,0,0,0,0,0
PA-1508407-7BA6C7DF11C14F16A767B66EBF046411,pa,14.19,0.1892,3.76,26.5,0.0,0.0,0.0,0.0,0,1,0,0,0,0,0
PA-1508407-A2B320C62E9C4790869FF575F29E5B13,pa,3630.11,48.4015,1517.47,41.8,0.0,0.0,0.0,0.0,0,1,0,0,0,0,0
PA-1506807-08810AD650D34FE9AD698E9E2D354860,pa,41.38,0.5517,21.17,51.16,0.0,0.0,0.0,0.0,0,1,0,0,0,0,0
PA-1508357-AD9BA295A90044ACB925A202A60A59A0,pa,38.58,0.5144,35.4,91.75,0.0,0.0,0.0,0.0,0,1,0,0,0,0,0
PA-1506807-81EF7F25C606470D8AD4EEA1CE5A14E5,pa,57.78,0.7704,40.19,69.55,0.0,0.0,0.0,0.0,0,1,0,0,0,0,0
PA-1508407-EA136EEC08404275BFB2AEB0877A000C,pa,96.35,1.2846,25.45,26.42,0.0,0.0,0.0,0.0,0,1,0,0,0,0,0
PA-1506807-0B3B3F1502764369B2AA6024211C2A31,pa,98.39,1.3119,32.41,32.94,0.0,0.0,0.0,0.0,0,1,0,0,0,0,0
PA-1508407-330259037B4F46729B6A08CE173E7F0B,pa,15.01,0.2002,1.79,11.92,0.0,0.0,0.0,0.0,1,1,0,0,0,0,0
PA-1508357-93CC6F61D52940D19FE5EC8AABD0FEF6,pa,109.12,1.4549,48.91,44.82,0.0,0.0,0.0,0.0,0,1,0,0,0,0,0
PA-1506807-02FBC1EBE17A4CCB83C2135FB313D2D9,pa,59.47,0.7929,24.86,41.8,0.0,0.0,0.0,0.0,0,1,0,0,0,0,0
PA-1508407-431A957363C442BA977A2D5E6E0BC578,pa,138.96,1.8529,9.94,7.15,0.0,0.0,0.0,0.0,1,1,0,0,0,0,0
PA-1508357-C79E56D7162440CF9FF90C76AA15A2D5,pa,27.94,0.3725,5.7,20.4,0.0,0.0,0.0,0.0,0,1,0,0,0,0,0
PA-1505403-9815D936C34E4B3D8B92F3FAD0B2EED2,pa,3.58,0.0651,2.29,63.96,0.0,0.0,0.0,0.0,0,1,0,0,0,0,0
PA-1506807-5C808209319845D8920FD419BA3F4124,pa,23.79,0.3173,4.94,20.76,0.0,0.0,0.0,0.0,0,1,0,0,0,0,0
PA-1506807-762B124BD79A45BF9A409F928542A472,pa,15.87,0.2116,0.09,0.57,0.0,0.0,0.0,0.0,1,1,0,0,0,0,0
PA-1505403-4477438206EA44DBA26F96039C41FE3F,pa,2.03,0.0369,0.0,0.0,0.0,0.0,0.0,0.0,2,1,0,0,0,0,0
PA-1508357-3E1E466D0AAD490AABBDACBE9405F2B1,pa,85.51,1.1402,10.6,12.4,0.0,0.0,0.0,0.0,1,1,0,0,0,0,0
PA-1508357-41E6C5FF27DE4AB1AD0A78AF9F7EAE0C,pa,94.49,1.2599,49.64,52.53,0.0,0.0,0.0,0.0,0,1,0,0,0,0,0
PA-1506807-A271512A969C4D5FB913087E47A2AE28,pa,8.82,0.1176,0.98,11.12,0.0,0.0,0.0,0.0,1,1,0,0,0,0,0
PA-1508407-AC3A67C1F77B499DB73B296C6ACBBDC1,pa,247.15,3.2954,64.45,26.08,0.0,0.0,0.0,0.0,0,1,0,0,0,0,0
PA-1505403-5602F700ED7A4758A05730EEE81C5A52,pa,0.35,0.0063,0.29,83.86,0.0,0.0,0.0,0.0,0,1,0,0,0,0,0
PA-1508357-D3C98ED195A04BC9BAC7428ACDEBED22,pa,0.49,0.0066,0.49,99.59,0.0,0.0,0.0,0.0,0,1,0,0,0,0,0
PA-1505403-69A4CFBAD64A44DFAE456980DA333B30,pa,9.95,0.1809,7.88,79.19,0.0,0.0,0.0,0.0,0,1,0,0,0,0,0
PA-1506807-02DF0B8E00354E2F9C18C04655EE6F6A,pa,38.04,0.5072,13.18,34.65,0.0,0.0,0.0,0.0,0,1,0,0,0,0,0
PA-1508357-094D3E323B2343EB927A81B412A667A5,pa,17.09,0.2279,2.23,13.05,0.0,0.0,0.0,0.0,1,1,0,0,0,0,0
PA-1506906-5DBE7477B44249909245B31F4718AAAD,pa,4.72,0.0859,3.59,75.99,0.0,0.0,0.0,0.0,0,1,0,0,0,0,0
PA-1506807-02CE61F177F84A2C8B9069F66C6FE479,pa,10.24,0.1365,7.02,68.55,0.0,0.0,0.0,0.0,0,1,0,0,0,0,0
PA-1506807-F24BB0E8A71C4828999B705D9A25820D,pa,94.03,1.2537,23.78,25.29,0.0,0.0,0.0,0.0,0,1,0,0,0,0,0
PA-1508357-F6044C53A4C0416EB683924DF2F670DC,pa,14.62,0.1949,0.0,0.0,0.0,0.0,0.0,0.0,2,1,0,0,0,0,0
PA-1506807-41410155B9D34603AA96805B75F91B1E,pa,61.67,0.8223,50.5,81.88,0.0,0.0,0.0,0.0,0,1,0,0,0,0,0
PA-1506807-B074C3A9394A49D59A3A3E82B19680D3,pa,65.11,0.8681,31.98,49.12,0.0,0.0,0.0,0.0,0,1,0,0,0,0,0
PA-1506807-0945C5FBA1C64E14BC0B22E1B917524C,pa,88.94,1.1859,18.44,20.73,0.0,0.0,0.0,0.0,0,1,0,0,0,0,0
PA-1508407-EB51C9D5225E4D6CBA2C460085BDF625,pa,38.99,0.5199,7.63,19.57,0.0,0.0,0.0,0.0,1,1,0,0,0,0,0
PA-1508407-FAE07971716A4203B707318D8FFAAC92,pa,34.51,0.4602,2.84,8.23,0.0,0.0,0.0,0.0,1,1,0,0,0,0,0
PA-1508407-5D63A7FE3666456A9C02F445C24FF9F8,pa,41.75,0.5567,27.53,65.94,0.0,0.0,0.0,0.0,0,1,0,0,0,0,0
PA-1506807-BD31631681F4464BB35C06A355AA3FF0,pa,42.53,0.567,9.21,21.66,0.0,0.0,0.0,0.0,0,1,0,0,0,0,0
PA-1506807-5650CFD215464728B5CDB125DF80CBD1,pa,809.7,10.8267,612.5,75.64,0.0,0.0,0.0,0.0,0,1,0,0,0,0,0
PA-1508407-A1232DF065A1423B934D3E84307D1ED0,pa,2043.57,27.2476,305.02,14.93,0.0,0.0,0.0,0.0,1,1,0,0,0,0,0
PA-1508357-F12457B0FBA34951B73ED837AF15CF03,pa,60.2,0.8026,16.58,27.54,0.0,0.0,0.0,0.0,0,1,0,0,0,0,0
PA-1508357-C149E1C298C74C06A3F64D50A53AD551,pa,101.19,1.3493,15.27,15.09,0.0,0.0,0.0,0.0,1,1,0,0,0,0,0
PA-1506807-2097478CE69444099BDFEA91413886B5,pa,107.77,1.4369,2.88,2.67,0.0,0.0,0.0,0.0,1,1,0,0,0,0,0
PA-1506807-1B71663B2AEF4A2FB47152D125FF9882,pa,1.59,0.0212,0.0,0.0,0.0,0.0,0.0,0.0,2,1,0,0,0,0,0
PA-1506807-DC2F762A87C24CA58176538568F990CD,pa,3190.59,42.5412,291.77,9.14,0.0,0.0,0.0,0.0,1,1,0,0,0,0,0
PA-1508407-1430C81D3CB448A69F57E43E97CBD3F4,pa,39.11,0.5215,10.81,27.64,0.0,0.0,0.0,0.0,0,1,0,0,0,0,0
PA-1506906-DF8F42AF9F84488B9A1D5B0D4A581A11,pa,30.28,0.5506,18.0,59.44,0.0,0.0,0.0,0.0,0,1,0,0,0,0,0
PA-1508357-2F57D94C89EB441DBA904E39382656EE,pa,38.87,0.5183,26.75,68.82,0.0,0.0,0.0,0.0,0,1,0,0,0,0,0
PA-1508407-94153827507744AD81FEEAE99778B13D,pa,40.5,0.54,17.26,42.62,0.0,0.0,0.0,0.0,0,1,0,0,0,0,0
PA-1506807-0CC7F0DA6CED4FE5A1CC790CFC06A70B,pa,11.0,0.1466,10.43,94.84,0.0,0.0,0.0,0.0,0,1,0,0,0,0,0
PA-1508357-0F180B3A1E0345E7A060EC24FD8E452A,pa,386.28,5.1504,165.35,42.81,0.0,0.0,0.0,0.0,0,1,0,0,0,0,0
PA-1506807-B64A72EEF96B483B8CE33936698B51FD,pa,6.95,0.0927,6.17,88.76,0.0,0.0,0.0,0.0,0,1,0,0,0,0,0
PA-1505403-A2317505230C44C5A8026A0A245940AC,pa,44.7,0.8127,3.12,6.98,0.0,0.0,0.0,0.0,1,1,0,0,0,0,0
PA-1508407-4A6362C1EF7242F785E228831D39D7CA,pa,80.89,1.0786,0.71,0.88,0.0,0.0,0.0,0.0,1,1,0,0,0,0,0
PA-1506807-35B1CF3C947249AFA8C1CB6F24BE748A,pa,11.7,0.1559,0.34,2.91,0.0,0.0,0.0,0.0,1,1,0,0,0,0,0
PA-1508357-3AE564EDB6274912931B1665B7D13361,pa,74.94,0.9992,30.74,41.02,0.0,0.0,0.0,0.0,0,1,0,0,0,0,0
PA-1506807-D1F81294A18C47938354F4B694E7C771,pa,15.68,0.2091,9.71,61.92,0.0,0.0,0.0,0.0,0,1,0,0,0,0,0
PA-1506807-3F2E5511255F41A2B35AAB47DACA7A47,pa,34.81,0.4641,18.91,54.33,0.0,0.0,0.0,0.0,0,1,0,0,0,0,0
PA-1508407-A4B09167A5824F6D9CCE717CC306576C,pa,76.94,1.0258,0.4,0.52,0.0,0.0,0.0,0.0,1,1,0,0,0,0,0
PA-1506807-EFA1A5C3C287493688F1D9D3E66E520A,pa,62.99,0.8399,19.0,30.16,0.0,0.0,0.0,0.0,0,1,0,0,0,0,0
PA-1506807-FE4D925E3888420CB8F0A4E62ED5A3CF,pa,38.57,0.5143,21.39,55.45,0.0,0.0,0.0,0.0,0,1,0,0,0,0,0
PA-1506807-F4D4351D17B44FB0A148DE9E99AEF9A4,pa,44.37,0.5917,13.81,31.12,0.0,0.0,0.0,0.0,0,1,0,0,0,0,0
PA-1508407-678D017AB5114B158BADABAF28C7C678,pa,280.33,3.7377,148.99,53.15,0.0,0.0,0.0,0.0,0,1,0,0,0,0,0
PA-1506906-E1C3822EE38E4C8E908BC9C59EA4A3AE,pa,0.48,0.0086,0.0,0.0,0.0,0.0,0.0,0.0,2,1,0,0,0,0,0
PA-1506807-6EBA471CFD0C445488353DEF67BDED94,pa,290.8,3.8773,162.07,55.73,0.0,0.0,0.0,0.0,0,1,0,0,0,0,0
PA-1506807-19782023F55D4D8B8F5030ACF081638E,pa,0.99,0.0132,0.45,45.3,0.0,0.0,0.0,0.0,0,1,0,0,0,0,0
PA-1506807-5462FF1BDCBD46899474EA2405C6A23E,pa,8.87,0.1183,5.62,63.33,0.0,0.0,0.0,0.0,0,1,0,0,0,0,0
PA-1506807-B9585C6ADF6B41F6973D1B2871974852,pa,78.32,1.0443,45.09,57.57,0.0,0.0,0.0,0.0,0,1,0,0,0,0,0
PA-1505403-39D4CEC509C346C890F625ADD273A94C,pa,9.43,0.1715,4.09,43.37,0.0,0.0,0.0,0.0,0,1,0,0,0,0,0
PA-1508407-F3AE984753114F96AB964221DBA3D7D9,pa,36.97,0.4929,0.04,0.11,0.0,0.0,0.0,0.0,1,1,0,0,0,0,0
PA-1506807-177E244ED6FA4CA59D11FC3418BD873C,pa,17.63,0.2351,9.46,53.65,0.0,0.0,0.0,0.0,0,1,0,0,0,0,0
PA-1506807-9CF2824D936A48149D93DA5A019CA3EE,pa,2.13,0.0284,1.68,78.98,0.0,0.0,0.0,0.0,0,1,0,0,0,0,0
PA-1508407-629911FD11C240D086C0B06068F58264,pa,35.62,0.475,13.52,37.95,0.0,0.0,0.0,0.0,0,1,0,0,0,0,0
PA-1506807-2B306F38CDA84C38BA5A3BDEFB04732B,pa,7.73,0.1031,1.83,23.67,0.0,0.0,0.0,0.0,0,1,0,0,0,0,0
PA-1508407-46B1657776CF4603918A2EE81282DEB9,pa,35.5,0.4734,16.75,47.18,0.0,0.0,0.0,0.0,0,1,0,0,0,0,0
PA-1506807-2CDB070AF5D04669A9E18BF700036915,pa,15.96,0.2128,5.47,34.28,0.0,0.0,0.0,0.0,0,1,0,0,0,0,0
PA-1508407-98F54FCCE5954C53AC762D1E22D23FA1,pa,553.83,7.3844,72.4,13.07,0.0,0.0,0.0,0.0,1,1,0,0,0,0,0
PA-1506807-1C1DFDDE59CB4F1ABC47B2FBD575B372,pa,8.35,0.1113,0.99,11.86,0.0,0.0,0.0,0.0,1,1,0,0,0,0,0
PA-1506807-28000D0CBC274AE1906E59F6FE90E214,pa,18.63,0.2484,9.85,52.87,0.0,0.0,0.0,0.0,0,1,0,0,0,0,0
PA-1508407-4AAAA86732684FF9824A019CEDEF58DC,pa,437.72,5.8363,68.1,15.56,0.0,0.0,0.0,0.0,1,1,0,0,0,0,0
PA-1508357-CFD1DCC9A29044FE8C5C3B67D9911060,pa,49.4,0.6586,26.54,53.73,0.0,0.0,0.0,0.0,0,1,0,0,0,0,0
PA-1500859-04D88B7AA4844F3AB8CE78AE8233AC1C,pa,969.44,13.8492,86.45,8.92,0.0,0.0,0.0,0.0,1,1,0,0,0,0,0
PA-1505403-352377A2500041B89672E1059D7D7938,pa,5.08,0.0923,0.99,19.5,0.0,0.0,0.0,0.0,1,1,0,0,0,0,0
PA-1508407-670BAF34854043D7957B97F39054C16F,pa,42.29,0.5638,18.47,43.68,0.0,0.0,0.0,0.0,0,1,0,0,0,0,0
PA-1508357-920BB42CE0C045DD9107AC89BCD89399,pa,99.5,1.3267,22.09,22.2,0.0,0.0,0.0,0.0,0,1,0,0,0,0,0
PA-1508357-C16B310201A941BAB6C2F60C8D49EA4F,pa,105.42,1.4056,50.18,47.6,0.0,0.0,0.0,0.0,0,1,0,0,0,0,0
PA-1508407-2EBC480DA62A45B48EF6F745687F3FA5,pa,48.3,0.644,0.8,1.66,0.0,0.0,0.0,0.0,1,1,0,0,0,0,0
PA-1506807-E581DAF24E1A46599C3EB5962304D1E3,pa,7.69,0.1025,0.38,4.94,0.0,0.0,0.0,0.0,1,1,0,0,0,0,0
PA-1508407-3C3A820743C845F1A771873943EE1EE8,pa,64.65,0.862,16.43,25.41,0.0,0.0,0.0,0.0,0,1,0,0,0,0,0
PA-1508357-6AB4BDBF0F36479BADAACC8974883070,pa,168.16,2.2422,54.83,32.61,0.0,0.0,0.0,0.0,0,1,0,0,0,0,0
PA-1508407-7F1ADB26C46A44AE8DE3507AC5DBF25B,pa,35.67,0.4756,1.69,4.74,0.0,0.0,0.0,0.0,1,1,0,0,0,0,0
PA-1506807-6D0E5471EA20436CB4BC2F142A78CE6E,pa,1.52,0.0202,0.57,37.58,0.0,0.0,0.0,0.0,0,1,0,0,0,0,0
PA-1508407-887490A3D8D54814BAC77AEF9DA6AD0C,pa,47.09,0.6278,21.71,46.11,0.0,0.0,0.0,0.0,0,1,0,0,0,0,0
PA-1506807-F07626A3C4D94375ABA193478654B7BA,pa,1.1,0.0147,0.0,0.0,0.0,0.0,0.0,0.0,2,1,0,0,0,0,0
PA-1508407-5813F8C88EE14864B7358C8F77D036E9,pa,148.27,1.9769,44.42,29.96,0.0,0.0,0.0,0.0,0,1,0,0,0,0,0
PA-1508357-A211B610ADA34195808880188A01CC9C,pa,75.44,1.0059,35.27,46.75,0.0,0.0,0.0,0.0,0,1,0,0,0,0,0
PA-1506807-51CA96E202084627A88F891B1A263C66,pa,25.88,0.3451,14.18,54.79,0.0,0.0,0.0,0.0,0,1,0,0,0,0,0
PA-1505403-869D4A3271B94F61A61C0AAD1216C9B3,pa,15.93,0.2897,7.92,49.71,0.0,0.0,0.0,0.0,0,1,0,0,0,0,0
PA-1506807-53804E7819E34BBC9FCA4DB9A796814E,pa,69.79,0.9306,20.62,29.54,0.0,0.0,0.0,0.0,0,1,0,0,0,0,0
PA-1506807-2602D60DC53849C2BB36BACA9010FD5E,pa,19.59,0.2612,12.81,65.39,0.0,0.0,0.0,0.0,0,1,0,0,0,0,0
PA-1508357-15AC21061B074866A19BCDFDDF7010D1,pa,145.15,1.9353,8.38,5.77,0.0,0.0,0.0,0.0,1,1,0,0,0,0,0
PA-1508357-B5A955EDC40E47D78E959E40D30708A3,pa,0.39,0.0052,0.39,99.06,0.0,0.0,0.0,0.0,0,1,0,0,0,0,0
PA-1506906-55B943BC152A4F03A6C619B92E5DB39F,pa,17.5,0.3181,6.04,34.52,0.0,0.0,0.0,0.0,0,1,0,0,0,0,0
PA-1505403-395214CF4695483A89F04CB00B154E2C,pa,15.24,0.2771,9.33,61.21,0.0,0.0,0.0,0.0,0,1,0,0,0,0,0
PA-1506807-606C6666F0AC48E19674C0775357E1FB,pa,4.11,0.0548,0.05,1.22,0.0,0.0,0.0,0.0,1,1,0,0,0,0,0
PA-1506807-E10880447D834BF7B0BEE8A0D30EECE3,pa,22871.83,1.2375,4174.3,18.25,0.0,0.0,0.0,0.0,1,1,0,0,0,0,0
PA-1508357-8D22EDAD345A4D0191E075307CD39619,pa,68.49,0.9147,40.04,58.46,0.0,0.0,0.0,0.0,0,1,0,0,0,0,0
PA-1508407-ED872CDF3BF2491C8E845A26968D2252,pa,95.87,1.2783,0.0,0.0,0.0,0.0,0.0,0.0,2,1,0,0,0,0,0
PA-1508407-35FADFD5C62D40EA841078D1F4577012,pa,80.79,1.0772,46.74,57.85,0.0,0.0,0.0,0.0,0,1,0,0,0,0,0
PA-1506807-4CD6A02D56ED4A5B9A908E66A54603F4,pa,24.84,0.3312,16.94,68.2,0.0,0.0,0.0,0.0,0,1,0,0,0,0,0
PA-1506807-06C29DE7B1354B5B9A5BA44EB8E76EDC,pa,10.14,0.1352,4.0,39.45,0.0,0.0,0.0,0.0,0,1,0,0,0,0,0
PA-1506906-AB124EDB7BB9437A90BFE0E86DBE7C97,pa,21.19,0.3852,3.96,18.69,0.0,0.0,0.0,0.0,1,1,0,0,0,0,0
PA-1506807-7808C537F2A94A85984AE9BB254591F8,pa,0.13,0.0017,0.0,0.0,0.0,0.0,0.0,0.0,2,1,0,0,0,0,0
PA-1506807-81426752679E48A889252C5C3A547595,pa,48.14,0.6419,13.64,28.33,0.0,0.0,0.0,0.0,0,1,0,0,0,0,0
PA-1508357-88DB54D1EC934486B5F9BEA71A0C6606,pa,73.4,0.9786,1.98,2.7,0.0,0.0,0.0,0.0,1,1,0,0,0,0,0
PA-1506807-0560AF02773A4F9C8DB4147C29807943,pa,36.19,0.4825,14.09,38.94,0.0,0.0,0.0,0.0,0,1,0,0,0,0,0
PA-1506807-FD8AC1F7BD0A4744BB6135BA983C4F23,pa,146.65,1.9553,61.5,41.94,0.0,0.0,0.0,0.0,0,1,0,0,0,0,0
PA-1505403-73811C56B0144F4EA8FCEBC2B13B730F,pa,35.89,0.6525,19.95,55.59,0.0,0.0,0.0,0.0,0,1,0,0,0,0,0
PA-1508407-38A7EF58B9964754B9229975569049C1,pa,44.68,0.5957,0.0,0.0,0.0,0.0,0.0,0.0,2,1,0,0,0,0,0
PA-1506807-08072EEB7DA342479C7DAF4344651895,pa,89.77,1.1969,22.28,24.82,0.0,0.0,0.0,0.0,0,1,0,0,0,0,0
PA-1508407-A399CA268A3A4515B7EE969650314FE7,pa,56.0,0.7467,42.91,76.63,0.0,0.0,0.0,0.0,0,1,0,0,0,0,0
PA-1508357-A06EF55DC6EC4DB88D3DD5C835585E1E,pa,59.86,0.7982,13.01,21.73,0.0,0.0,0.0,0.0,0,1,0,0,0,0,0
PA-1506906-947854DA04FB47C5A6E49937DCA03D80,pa,100.54,1.828,58.9,58.58,0.0,0.0,0.0,0.0,0,1,0,0,0,0,0
PA-1508407-0CB0FC5561324ED682B2AB7137EF0C80,pa,2.34,0.0312,0.0,0.0,0.0,0.0,0.0,0.0,2,1,0,0,0,0,0
PA-1506807-A6287463331F4872B2869B91A3CABA97,pa,61.01,0.8135,15.44,25.31,0.0,0.0,0.0,0.0,0,1,0,0,0,0,0
PA-1508407-FA67704CE1674574827A448E47A3569B,pa,484.43,6.4591,98.04,20.24,0.0,0.0,0.0,0.0,0,1,0,0,0,0,0
PA-1506906-1ADB6D794A0342EBBA42F1686BF737A2,pa,64.11,1.1657,16.32,25.46,0.0,0.0,0.0,0.0,0,1,0,0,0,0,0
PA-1506807-4A093BBD2B6045529CA32E00A83FB159,pa,496.07,6.6143,2.86,0.58,0.0,0.0,0.0,0.0,1,1,0,0,0,0,0
PA-1505403-4814A0D4E89D4CA0B21176BC0E45DE1C,pa,13.39,0.2435,1.27,9.48,0.0,0.0,0.0,0.0,1,1,0,0,0,0,0
PA-1508357-36A814D1A72140BF88FEF5973123C170,pa,11.81,0.1574,4.87,41.25,0.0,0.0,0.0,0.0,0,1,0,0,0,0,0
PA-1508407-5E58AA80A6E54195B6EB7968157A8508,pa,43.18,0.5758,0.09,0.21,0.0,0.0,0.0,0.0,1,1,0,0,0,0,0
PA-1506807-C5CE6B75515F4F17821EBE03584129FB,pa,31.2,0.4161,4.52,14.49,0.0,0.0,0.0,0.0,1,1,0,0,0,0,0
PA-1506807-637C4E83BFCF4581AE7870234306362E,pa,1.02,0.0136,0.37,36.15,0.0,0.0,0.0,0.0,0,1,0,0,0,0,0
PA-1508357-07A5C7A3B5304D00A83FD6EC6E7B6BBB,pa,140.05,1.8673,45.42,32.43,0.0,0.0,0.0,0.0,0,1,0,0,0,0,0
PA-1508407-66C5A961434046C5B37D6FFCCBEF6F13,pa,2.65,0.0353,0.0,0.0,0.0,0.0,0.0,0.0,2,1,0,0,0,0,0
PA-1505403-B02C484173D84C959961D4C3AB62CE91,pa,993.16,18.0574,230.51,23.21,0.0,0.0,0.0,0.0,0,1,0,0,0,0,0
PA-1506807-7E40F07F9227467399D1843EA4C9361A,pa,24.11,0.3214,20.97,86.99,0.0,0.0,0.0,0.0,0,1,0,0,0,0,0
PA-1506807-8706D5FCE8084387893B7C62670B4F09,pa,16.0,0.2134,10.64,66.48,0.0,0.0,0.0,0.0,0,1,0,0,0,0,0
PA-1506807-E0838123EBFE481D809C6C2645B9A838,pa,47.34,0.6312,11.33,23.93,0.0,0.0,0.0,0.0,0,1,0,0,0,0,0
PA-1508407-2E118CF5741C433EA5E4D1ABC7816195,pa,63.87,0.8516,0.35,0.55,0.0,0.0,0.0,0.0,1,1,0,0,0,0,0
PA-1508407-791BB876F8E549918D5A6230BD36DC0B,pa,28.2,0.376,8.31,29.47,0.0,0.0,0.0,0.0,0,1,0,0,0,0,0
PA-1508407-BCD11D36F4E247E580ADBBA099ADA2F8,pa,68.08,0.9078,4.17,6.12,0.0,0.0,0.0,0.0,1,1,0,0,0,0,0
PA-1506807-463D213075F341B1A33C9A90294BB4F6,pa,107.21,1.4593,0.09,0.08,0.0,0.0,0.0,0.0,1,1,0,0,0,0,0
PA-1508357-284029FAB3F14FB5A5C575FC3809FCEC,pa,36.97,0.4929,9.21,24.91,0.0,0.0,0.0,0.0,0,1,0,0,0,0,0
PA-1508407-10478069DA7248D681EFD74450977E79,pa,144.26,1.9235,49.86,34.56,0.0,0.0,0.0,0.0,0,1,0,0,0,0,0
PA-1506807-89252C7D79DF48C8BF667B0B45F6EF56,pa,25.78,0.3437,0.08,0.31,0.0,0.0,0.0,0.0,1,1,0,0,0,0,0
PA-1508357-BAEC4AECC0C949DDAC17B25B5FFE829F,pa,115.63,1.5418,63.11,54.58,0.0,0.0,0.0,0.0,0,1,0,0,0,0,0
PA-1505403-55ABCB902C334C2ABFAB6B8DA0409A57,pa,13.61,0.2474,6.36,46.73,0.0,0.0,0.0,0.0,0,1,0,0,0,0,0
PA-1508357-04DD62B4D2A54DEEBDDD45119D40A665,pa,150.99,2.0131,33.52,22.2,0.0,0.0,0.0,0.0,0,1,0,0,0,0,0
PA-1506807-07C0002E93444904AFDD4278238FD055,pa,15.48,0.2064,6.2,40.05,0.0,0.0,0.0,0.0,0,1,0,0,0,0,0
PA-1508407-D638451696E94E1298E40C90BEAFC8ED,pa,115.59,1.5412,0.62,0.54,0.0,0.0,0.0,0.0,1,1,0,0,0,0,0
PA-1500859-003EBB3E1AAF41D98C0FB75F36462FAD,pa,93.03,1.329,51.6,55.47,0.0,0.0,0.0,0.0,0,1,0,0,0,0,0
PA-1508407-AAA99CD511DC435BA935D8000F41A2E5,pa,39.88,0.5318,5.77,14.47,0.0,0.0,0.0,0.0,1,1,0,0,0,0,0
PA-1508357-BB0081C2D9874B18ACFD7EB3624E6167,pa,268.41,3.5788,26.36,9.82,0.0,0.0,0.0,0.0,1,1,0,0,0,0,0
PA-1506807-5EA7BB2F4AB44332824DCEE277DD8D84,pa,14.32,0.191,0.0,0.0,0.0,0.0,0.0,0.0,2,1,0,0,0,0,0
PA-1506807-BD595DD792B843AFAFE778547115E181,pa,0.39,0.0052,0.0,0.0,0.0,0.0,0.0,0.0,2,1,0,0,0,0,0
PA-1506807-EAD875106CF04FEEA4FBC965BCE8505F,pa,19.85,0.2647,15.37,77.42,0.0,0.0,0.0,0.0,0,1,0,0,0,0,0
PA-1506906-7C14DC734586429E89C6303CE619AA86,pa,18.42,0.335,7.55,40.98,0.0,0.0,0.0,0.0,0,1,0,0,0,0,0
PA-1508357-070C8F7448F940299677048BD416F577,pa,81.35,1.0846,1.43,1.76,0.0,0.0,0.0,0.0,1,1,0,0,0,0,0
PA-1508407-98552DAAB4C24C77B1AE32C338C1B0CD,pa,26.87,0.3583,9.26,34.46,0.0,0.0,0.0,0.0,0,1,0,0,0,0,0
PA-1506807-B671020204F64C19859E287650C625F9,pa,103.49,1.3798,0.18,0.17,0.0,0.0,0.0,0.0,1,1,0,0,0,0,0
PA-1508407-522C6DCDDD6345EEB45C11AC56AB4DCF,pa,33.38,0.4451,2.48,7.43,0.0,0.0,0.0,0.0,1,1,0,0,0,0,0
PA-1508357-99D16EAA4363486F8EB2E49976529AE6,pa,9.35,0.1247,3.41,36.47,0.0,0.0,0.0,0.0,0,1,0,0,0,0,0
PA-1508407-162B8132E041494D96930A9F1D993D7D,pa,23.72,0.3163,1.7,7.17,0.0,0.0,0.0,0.0,1,1,0,0,0,0,0
PA-1508357-57F87A05875A40549FEB57F10B618B23,pa,59.14,0.7885,36.13,61.1,0.0,0.0,0.0,0.0,0,1,0,0,0,0,0
PA-1506807-80317E0D32044BA19E591EA8E5110517,pa,44.23,0.5897,13.68,30.93,0.0,0.0,0.0,0.0,0,1,0,0,0,0,0
PA-1508407-21A8EC01DC7D429C873EF37ED8B198D8,pa,35.33,0.4711,11.61,32.86,0.0,0.0,0.0,0.0,0,1,0,0,0,0,0
PA-1508357-F67D78F4529C422C843E2EA0ADF57A30,pa,126.26,1.6859,34.77,27.54,0.0,0.0,0.0,0.0,0,1,0,0,0,0,0
PA-1506807-7AA8A18995D0461589FDA57AF348DEDB,pa,3.62,0.0482,1.17,32.33,0.0,0.0,0.0,0.0,0,1,0,0,0,0,0
PA-1508357-AF10AB81047F4BA0922D87011E106F60,pa,78.88,1.0518,33.84,42.9,0.0,0.0,0.0,0.0,0,1,0,0,0,0,0
PA-1506807-4AC513F320ED45F4B7603CBBA76F1C2F,pa,1092.15,15.3976,254.0,23.26,0.0,0.0,0.0,0.0,0,1,0,0,0,0,0
PA-1506807-09892C2808B14130BE596CB9B1617708,pa,28.22,0.3763,0.18,0.64,0.0,0.0,0.0,0.0,1,1,0,0,0,0,0
PA-1508357-02FC83638AFF41928440893A82D73020,pa,118.78,1.5837,33.77,28.43,0.0,0.0,0.0,0.0,0,1,0,0,0,0,0
PA-1508407-B284A665F06140C5AA3880EB9B27337F,pa,247.64,3.3018,38.89,15.7,0.0,0.0,0.0,0.0,1,1,0,0,0,0,0
PA-1508357-A1D0FDD83AEB4B4C8BF6426A5EDD7021,pa,36.08,0.4811,2.3,6.37,0.0,0.0,0.0,0.0,1,1,0,0,0,0,0
PA-1506807-5E662EA2193B46BD87BA88BCADF146BA,pa,27.77,0.3724,12.41,44.69,0.0,0.0,0.0,0.0,0,1,0,0,0,0,0
PA-1505403-E647435115F94552931C0A93A2E23FE9,pa,44.89,0.8162,5.21,11.61,0.0,0.0,0.0,0.0,1,1,0,0,0,0,0
PA-1508407-A0F78AF8AC1F4BC5BCA7E71E76ECE6EF,pa,127.3,1.6973,5.04,3.96,0.0,0.0,0.0,0.0,1,1,0,0,0,0,0
PA-1508407-745E4689FD9D48E4A3A6BACA59FA16F1,pa,48.83,0.6511,0.07,0.14,0.0,0.0,0.0,0.0,1,1,0,0,0,0,0
PA-1508407-D142E392E9D74215B3FE6654E7253A0B,pa,51.51,0.6868,0.88,1.71,0.0,0.0,0.0,0.0,1,1,0,0,0,0,0
PA-1508357-A015393467444999A1BEC24D506AC4D6,pa,5.63,0.0751,1.89,33.55,0.0,0.0,0.0,0.0,0,1,0,0,0,0,0
PA-1506807-360606240F6A4ECFB2CD211F570BCFF0,pa,22.99,0.3065,19.93,86.7,0.0,0.0,0.0,0.0,0,1,0,0,0,0,0
PA-1508357-CF08AD31466044538826B4911BE66824,pa,54.01,0.7201,30.74,56.92,0.0,0.0,0.0,0.0,0,1,0,0,0,0,0
PA-1505403-6D032A9420DD4970AD00265D22C3A87B,pa,10.13,0.1841,5.77,56.97,0.0,0.0,0.0,0.0,0,1,0,0,0,0,0
PA-1508357-9A231B9F39964C29920E32DBF9A2DDC5,pa,23.87,0.3182,9.49,39.76,0.0,0.0,0.0,0.0,0,1,0,0,0,0,0
PA-1508407-01AFDA673D8E46F29F5463D1C0AF2B89,pa,81.48,1.0864,56.66,69.54,0.0,0.0,0.0,0.0,0,1,0,0,0,0,0
PA-1508357-1D346ABD9E624C15940A45D98EAE9163,pa,32.18,0.4291,11.84,36.79,0.0,0.0,0.0,0.0,0,1,0,0,0,0,0
PA-1508357-C72FA5ED3F5840FAA446D9138E4C31CC,pa,496.48,6.6197,247.51,49.85,0.0,0.0,0.0,0.0,0,1,0,0,0,0,0
PA-1506807-F52C388780524820A39CDDB3CA7295A6,pa,2019.97,26.9329,678.92,33.61,0.0,0.0,0.0,0.0,0,1,0,0,0,0,0
PA-1508357-33DF65F7B33D4EA8A3C82A31D171D9C7,pa,0.77,0.0103,0.63,81.4,0.0,0.0,0.0,0.0,0,1,0,0,0,0,0
PA-1508407-B5405F0791B54880A7A0FDF3C2BD80F3,pa,120.31,1.6041,1.09,0.91,0.0,0.0,0.0,0.0,1,1,0,0,0,0,0
PA-1508357-8536F3DDD1B84FA7B52F6EBD8C8F2E07,pa,98.19,1.3092,41.57,42.34,0.0,0.0,0.0,0.0,0,1,0,0,0,0,0
PA-1508357-C68205F2F60E449CB6C83F2D86E23B49,pa,0.28,0.0037,0.27,96.67,0.0,0.0,0.0,0.0,0,1,0,0,0,0,0
PA-1506807-E41ACDC8C92842D3BAF8B07CCB6BC10C,pa,123.6,1.648,49.99,40.45,0.0,0.0,0.0,0.0,0,1,0,0,0,0,0
PA-1508407-34965587EF2A4FD4A81FB7A56BA96F9E,pa,29.37,0.3916,1.53,5.21,0.0,0.0,0.0,0.0,1,1,0,0,0,0,0
PA-1508407-2BA9458EDDB24D8FAC62D633D20411E5,pa,105.55,1.4073,0.58,0.55,0.0,0.0,0.0,0.0,1,1,0,0,0,0,0
PA-1505403-35DD693787CD43D6B8F12585A8CFAA19,pa,12.29,0.2235,6.13,49.88,0.0,0.0,0.0,0.0,0,1,0,0,0,0,0
PA-1506807-8D5B03A4E5484996AF48A6B06CA4EB0D,pa,59.3,0.7906,25.13,42.38,0.0,0.0,0.0,0.0,0,1,0,0,0,0,0
PA-1506807-E64DBAF632864AD3AB08ECFCA3564A67,pa,73.75,0.9834,32.1,43.52,0.0,0.0,0.0,0.0,0,1,0,0,0,0,0
PA-1506807-8ABF64FE999F4118B4CA930DF2E2C640,pa,33.01,0.4401,9.85,29.84,0.0,0.0,0.0,0.0,0,1,0,0,0,0,0
PA-1506807-AD6E35BC336F4FCC9F066BDB5D2169A3,pa,23.08,0.3077,9.98,43.24,0.0,0.0,0.0,0.0,0,1,0,0,0,0,0
PA-1508407-B9659FFBFD454335A0CAF9256D719E4F,pa,89.71,1.1961,36.16,40.31,0.0,0.0,0.0,0.0,0,1,0,0,0,0,0
PA-1506906-4E2C168C79A74D6499365361766CD0BF,pa,35.06,0.6374,3.51,10.01,0.0,0.0,0.0,0.0,1,1,0,0,0,0,0
PA-1506807-C9E6C1D5535A4793AA40C6A5D29C4314,pa,20.08,0.2678,0.27,1.34,0.0,0.0,0.0,0.0,1,1,0,0,0,0,0
PA-1508357-A1CD6D9DBB8945799201FEA53DD836EC,pa,42.76,0.5701,24.4,57.07,0.0,0.0,0.0,0.0,0,1,0,0,0,0,0
PA-1508357-565BBF440B62416AB58B1C29E2D73B17,pa,78.07,1.0409,35.17,45.05,0.0,0.0,0.0,0.0,0,1,0,0,0,0,0
PA-1505403-A083D0884190418EBDA962A8D8C254DB,pa,13.24,0.2407,9.46,71.45,0.0,0.0,0.0,0.0,0,1,0,0,0,0,0
PA-1505403-E2FB26373D7F4FD493DDC2287FBCEF87,pa,5.55,0.1009,2.77,49.9,0.0,0.0,0.0,0.0,0,1,0,0,0,0,0
PA-1508407-8A742742A31C4B1697EFE0A91830B82E,pa,269.97,3.5996,4.95,1.83,0.0,0.0,0.0,0.0,1,1,0,0,0,0,0
PA-1505403-39E46B05138043CA9F156003000D3E04,pa,11.65,0.2118,2.19,18.8,0.0,0.0,0.0,0.0,1,1,0,0,0,0,0
PA-1508407-04FD121D7F7A46B089888B29E6C4DDED,pa,95.37,1.2716,42.6,44.67,0.0,0.0,0.0,0.0,0,1,0,0,0,0,0
PA-1508407-7389811A62FC475A81B040AB3801F9AA,pa,48.34,0.6445,5.6,11.59,0.0,0.0,0.0,0.0,1,1,0,0,0,0,0
PA-1506807-8A3B89CEB06340A7BFF5112BFDF28948,pa,12.62,0.1682,3.69,29.25,0.0,0.0,0.0,0.0,0,1,0,0,0,0,0
PA-1505403-595F506613C843CBA6DE165D0082550D,pa,0.32,0.0058,0.0,0.0,0.0,0.0,0.0,0.0,2,1,0,0,0,0,0
PA-1508407-6EFABA01B928488C82EB8CABA6998F1B,pa,100.2,1.336,7.91,7.89,0.0,0.0,0.0,0.0,1,1,0,0,0,0,0
PA-1508357-DD5C37E1C2A44E7295192F940C5B7B78,pa,0.51,0.0068,0.26,51.34,0.0,0.0,0.0,0.0,0,1,0,0,0,0,0
PA-1508357-3DFE6A7001014685A5972A79A33A9A6C,pa,0.93,0.0123,0.0,0.0,0.0,0.0,0.0,0.0,2,1,0,0,0,0,0
PA-1508407-274B5BDA7EB241A4AD9CB5D761375B10,pa,15.36,0.2048,0.0,0.0,0.0,0.0,0.0,0.0,2,1,0,0,0,0,0
PA-1506807-663F5BC597F9437BB205A2DB04C903D9,pa,35.68,0.4758,19.6,54.93,0.0,0.0,0.0,0.0,0,1,0,0,0,0,0
PA-1506807-2320511DB48741E39E20C7CF769BFF42,pa,196.28,2.6171,71.49,36.42,0.0,0.0,0.0,0.0,0,1,0,0,0,0,0
PA-1506807-99B4EE4F84A84DBEA7045C95AAB31E4C,pa,1.01,0.0135,0.71,70.32,0.0,0.0,0.0,0.0,0,1,0,0,0,0,0
PA-1508407-DF28555D42C24AC1B6D68F5CEE6479F6,pa,41.85,0.558,15.18,36.27,0.0,0.0,0.0,0.0,0,1,0,0,0,0,0
PA-1505403-A76B0191FB05489BA1F3772D4505168B,pa,16.27,0.2958,8.19,50.34,0.0,0.0,0.0,0.0,0,1,0,0,0,0,0
PA-1505403-DAB69BBE2C114D9399A1CAED12A59D13,pa,0.38,0.0069,0.25,65.63,0.0,0.0,0.0,0.0,0,1,0,0,0,0,0
PA-1506807-AF168299196B4074962AB3760A3146A0,pa,1.02,0.0136,0.0,0.0,0.0,0.0,0.0,0.0,2,1,0,0,0,0,0
PA-1508407-F696773C37564BD3BB8EE8D8F35BCFC4,pa,306.08,4.0811,11.14,3.64,0.0,0.0,0.0,0.0,1,1,0,0,0,0,0
PA-1506807-BE75B78AF05B471FAA5E50E79027CE7A,pa,13.69,0.1825,0.0,0.0,0.0,0.0,0.0,0.0,2,1,0,0,0,0,0
PA-1506807-4DC078E2E02343B8BFB9CDD6F005D99D,pa,25.02,0.3337,12.03,48.07,0.0,0.0,0.0,0.0,0,1,0,0,0,0,0
PA-1505403-A894D816373A413EAE1A9976037CB6E7,pa,28.35,0.5154,16.22,57.22,0.0,0.0,0.0,0.0,0,1,0,0,0,0,0
PA-1505403-B797C4DBFEA44D878AE34B2AF27F2319,pa,60.32,1.0967,11.02,18.27,0.0,0.0,0.0,0.0,1,1,0,0,0,0,0
PA-1508357-ADFB490899B74CFEA93B25D120FEABFF,pa,126.63,1.6884,60.01,47.39,0.0,0.0,0.0,0.0,0,1,0,0,0,0,0
PA-1505403-95D0DA7D86A8449DA75D4AFF72334950,pa,2.46,0.0447,1.84,74.81,0.0,0.0,0.0,0.0,0,1,0,0,0,0,0
PA-1508357-AF1EFB95688B4CD2800D5F7D1CBA9154,pa,599.17,7.9889,194.38,32.44,0.0,0.0,0.0,0.0,0,1,0,0,0,0,0
PA-1508357-B8C2E4B5359C424BB1A18A3CB2C02115,pa,34.97,0.4663,0.63,1.8,0.0,0.0,0.0,0.0,1,1,0,0,0,0,0
PA-1508407-3F2AD70A037142EE9F8F217E3EBD99A2,pa,27.32,0.3642,9.77,35.76,0.0,0.0,0.0,0.0,0,1,0,0,0,0,0
PA-1505403-8014D456840948E19BE37BFCACCC8D5D,pa,0.41,0.0074,0.13,32.08,0.0,0.0,0.0,0.0,0,1,0,0,0,0,0
PA-1506807-AD2EA8792E5344BAA2DB21055EAF2018,pa,1.44,0.0192,1.44,99.79,0.0,0.0,0.0,0.0,0,1,0,0,0,0,0
PA-1506807-DB2FF59CAF034EF1BFF7CEE048B327CF,pa,30.52,0.407,16.1,52.75,0.0,0.0,0.0,0.0,0,1,0,0,0,0,0
PA-1508357-A6A278B54EEF4B7FAB9DFFE00D7961ED,pa,102.2,1.3627,21.27,20.81,0.0,0.0,0.0,0.0,0,1,0,0,0,0,0
PA-1506807-F6AB25B3A7FE4210A431549EDCBFE110,pa,69.49,0.9266,62.33,89.69,0.0,0.0,0.0,0.0,0,1,0,0,0,0,0
PA-1506807-6176615F90054DE9964D5047DD13ADEC,pa,73.09,0.9745,37.69,51.57,0.0,0.0,0.0,0.0,0,1,0,0,0,0,0
PA-1506807-F4FA8190919144ABB666D6869E3C6B19,pa,99.5,1.3266,5.12,5.15,0.0,0.0,0.0,0.0,1,1,0,0,0,0,0
PA-1508407-750BCBE79FB8426699063881C7412870,pa,63.54,0.8472,8.15,12.83,0.0,0.0,0.0,0.0,1,1,0,0,0,0,0
PA-1508357-A53ECC5BCBB145369F9F7C5AF6E54349,pa,103.01,1.3734,74.02,71.86,0.0,0.0,0.0,0.0,0,1,0,0,0,0,0
PA-1506807-5B1F1F5345324151974EAB8D0D010481,pa,15.23,0.2031,3.42,22.46,0.0,0.0,0.0,0.0,0,1,0,0,0,0,0
PA-1506807-4660D5D55381480DB586B88D44576461,pa,861.07,11.4809,20.92,2.43,0.0,0.0,0.0,0.0,1,1,0,0,0,0,0
PA-1506807-883A4E7AC1384B0392441A636C6C8A80,pa,2654.38,4.0,425.09,16.01,0.0,0.0,0.0,0.0,1,1,0,0,0,0,0
PA-1508357-59DF5A7A09304746A2FAAFA0B1A73AC9,pa,89.94,1.1993,27.65,30.74,0.0,0.0,0.0,0.0,0,1,0,0,0,0,0
PA-1508357-6B4BAA95A0F44CBB931C7A22EC982106,pa,47.8,0.6374,9.97,20.86,0.0,0.0,0.0,0.0,0,1,0,0,0,0,0
PA-1506807-CF6CFC360B1F4E55AEEC17CE34E1EBBC,pa,90.57,1.2076,16.05,17.72,0.0,0.0,0.0,0.0,1,1,0,0,0,0,0
PA-1506807-3A43C548942244BEAC41D72B8F5299B9,pa,49.75,0.6633,1.04,2.09,0.0,0.0,0.0,0.0,1,1,0,0,0,0,0
PA-1506807-6DAB2DE9B3D643BDB328B8ADB8BC7F7C,pa,12.56,0.1675,9.22,73.4,0.0,0.0,0.0,0.0,0,1,0,0,0,0,0
PA-1508357-C7F3632316544165B18BC0C9EF91D4A8,pa,200.76,2.6768,32.84,16.36,0.0,0.0,0.0,0.0,1,1,0,0,0,0,0
PA-1508407-EA527FFC4946484EB0B5C79D5AAF54E2,pa,40.26,0.5369,8.08,20.07,0.0,0.0,0.0,0.0,0,1,0,0,0,0,0
PA-1506807-A6E0329FFF294023AFDC53D9F6B0B6B7,pa,14.32,0.1909,0.0,0.0,0.0,0.0,0.0,0.0,2,1,0,0,0,0,0
PA-1506906-64B766F7799B4992A082B066EEE5995B,pa,111.12,2.0203,32.14,28.92,0.0,0.0,0.0,0.0,0,1,0,0,0,0,0
PA-1508357-A4598B2B6BF746C891E2CFD5343F4A78,pa,173.77,2.317,30.36,17.47,0.0,0.0,0.0,0.0,1,1,0,0,0,0,0
PA-1508407-9FD8BC44F5C04E97A30A806D9C2919EC,pa,155.98,2.0797,25.44,16.31,0.0,0.0,0.0,0.0,1,1,0,0,0,0,0
PA-1506807-B4D29A75172F48E0BDB61167378580C7,pa,235.43,3.1391,72.79,30.92,0.0,0.0,0.0,0.0,0,1,0,0,0,0,0
PA-1506807-291D7C9304F84670BE189B10278B36BE,pa,1.61,0.0214,0.53,32.95,0.0,0.0,0.0,0.0,0,1,0,0,0,0,0
PA-1505403-8F0ADC4C42C241EA91326D67A9BB6DDF,pa,42.54,0.7735,24.91,58.56,0.0,0.0,0.0,0.0,0,1,0,0,0,0,0
PA-1508357-3CC2F1652AC34C07B07155AE59DDBC9C,pa,213.73,2.8498,90.21,42.21,0.0,0.0,0.0,0.0,0,1,0,0,0,0,0
PA-1508357-33C2EF2C809547CBAB804C2A2A7124FE,pa,110.57,1.4742,24.18,21.87,0.0,0.0,0.0,0.0,0,1,0,0,0,0,0
PA-1506807-AE6F3DFD623849C89F68779C9812590B,pa,0.4,0.0053,0.0,0.0,0.0,0.0,0.0,0.0,2,1,0,0,0,0,0
PA-1506807-884F83C3FC634F2D956118C580D43911,pa,24.91,0.3321,9.45,37.94,0.0,0.0,0.0,0.0,0,1,0,0,0,0,0
PA-1506807-012E65BC0000452DB4D4F1AAD1F563ED,pa,615.96,8.2128,3.21,0.52,0.0,0.0,0.0,0.0,1,1,0,0,0,0,0
PA-1506807-E05BEDC700844F72A0F43F97208F07F8,pa,196.72,2.6229,74.41,37.83,0.0,0.0,0.0,0.0,0,1,0,0,0,0,0
PA-1508357-E92EE0D9A0ED4A229F2E183788F2A06B,pa,0.78,0.0104,0.69,88.88,0.0,0.0,0.0,0.0,0,1,0,0,0,0,0
PA-1508407-DCBA5A42CBBA4E019F57046CA3BD82A9,pa,62.96,0.8395,16.22,25.76,0.0,0.0,0.0,0.0,0,1,0,0,0,0,0
PA-1508407-F42CD119AEBE46E3ACA75E64AF4DC570,pa,31.11,0.4148,10.98,35.3,0.0,0.0,0.0,0.0,0,1,0,0,0,0,0
PA-1505403-6CCC571E4A5148C0AD711055C1CD8881,pa,16.08,0.2923,4.23,26.31,0.0,0.0,0.0,0.0,0,1,0,0,0,0,0
PA-1506807-5DFED6EDD7D2497AA6CD703DDEE16C61,pa,5.56,0.0742,2.82,50.7,0.0,0.0,0.0,0.0,0,1,0,0,0,0,0
PA-1505403-C570D4BD07E34BE39A9B290744141EE3,pa,6.08,0.1105,1.56,25.67,0.0,0.0,0.0,0.0,0,1,0,0,0,0,0
PA-1508357-0CF3E0BB81B84613945B135984A9291C,pa,0.5,0.0066,0.5,100.83,0.0,0.0,0.0,0.0,0,1,0,0,0,0,0
PA-1506807-F2457E67187B49A5A454D2D9C09F10E3,pa,23.93,0.3191,14.65,61.21,0.0,0.0,0.0,0.0,0,1,0,0,0,0,0
PA-1506807-1DF195573A064B899CFE0D4E23C233A8,pa,1076.21,14.3495,2.05,0.19,0.0,0.0,0.0,0.0,1,1,0,0,0,0,0
PA-1508357-298DC42389FB47C3B4A97B00FCF65655,pa,2.87,0.0383,1.98,68.97,0.0,0.0,0.0,0.0,0,1,0,0,0,0,0
PA-1506906-4A9E51056D34436FAEBF2CD59A706A3F,pa,0.82,0.0149,0.01,1.22,0.0,0.0,0.0,0.0,1,1,0,0,0,0,0
PA-1506807-073DA0F0E4B64A5CA87F201629202943,pa,35.14,0.4686,9.85,28.03,0.0,0.0,0.0,0.0,0,1,0,0,0,0,0
PA-1508357-298BA49900824FD1BC6888765216FBC2,pa,133.02,1.7736,86.55,65.06,0.0,0.0,0.0,0.0,0,1,0,0,0,0,0
PA-1500859-0E9D6E587D804CDDA7567432E8DEE621,pa,75.59,1.0799,61.22,80.99,0.0,0.0,0.0,0.0,0,1,0,0,0,0,0
PA-1508407-F630143592214D828F587A3E031D73EC,pa,27.59,0.3679,6.09,22.07,0.0,0.0,0.0,0.0,0,1,0,0,0,0,0
PA-1506807-17C1176640B54A87953F7C08BF1E9CB1,pa,60.52,0.8069,24.0,39.66,0.0,0.0,0.0,0.0,0,1,0,0,0,0,0
PA-1506906-2D6F87E5D6AA43BC878C0F57A9F6ECBB,pa,24.87,0.4521,13.84,55.65,0.0,0.0,0.0,0.0,0,1,0,0,0,0,0
PA-1508407-FB2FBB21D37B46888F22FB56680A19E9,pa,9.97,0.1329,1.74,17.46,0.0,0.0,0.0,0.0,1,1,0,0,0,0,0
PA-1508407-AC5B261C772245E8A12D33BE4446ED61,pa,38.91,0.5188,4.5,11.56,0.0,0.0,0.0,0.0,1,1,0,0,0,0,0
PA-1508357-2E696E11E7364535A435F5B5E68EA077,pa,58.26,0.7768,13.03,22.36,0.0,0.0,0.0,0.0,0,1,0,0,0,0,0
PA-1506807-8066B0D2AD894DC2B4294491AC7A3874,pa,20.26,0.2701,9.25,45.66,0.0,0.0,0.0,0.0,0,1,0,0,0,0,0
PA-1506807-EF94054F614E4E7C88D079E577DE5CE8,pa,24.85,0.3313,18.41,74.08,0.0,0.0,0.0,0.0,0,1,0,0,0,0,0
PA-1508357-E5E0070F069945B791EC214FC696A37F,pa,23.46,0.3128,20.19,86.05,0.0,0.0,0.0,0.0,0,1,0,0,0,0,0
PA-1508407-EB0F7915431E44FFB6431BF32085931E,pa,34.69,0.4625,28.44,81.99,0.0,0.0,0.0,0.0,0,1,0,0,0,0,0
PA-1508407-93838C574CEA45F3910932EC1545A815,pa,61.82,0.8243,0.36,0.58,0.0,0.0,0.0,0.0,1,1,0,0,0,0,0
PA-1508407-0AC220862AE546CF862343A68EF362A3,pa,24.16,0.3221,0.3,1.24,0.0,0.0,0.0,0.0,1,1,0,0,0,0,0
PA-1508407-548ADE0C69CE4F7B8A622DEA0B0EF1F9,pa,37.56,0.5008,14.67,39.05,0.0,0.0,0.0,0.0,0,1,0,0,0,0,0
PA-1508407-A1B871330B1142298AC72E4E13D84A0C,pa,5.38,0.0717,0.38,7.06,0.0,0.0,0.0,0.0,1,1,0,0,0,0,0
PA-1506807-0A93FE6FC60B4BE08AB4843583EAAA51,pa,24.83,0.3311,12.52,50.43,0.0,0.0,0.0,0.0,0,1,0,0,0,0,0
PA-1506906-DA6BB8B72D3E423EBE2D1C683B326DCC,pa,0.25,0.0045,0.02,8.06,0.0,0.0,0.0,0.0,1,1,0,0,0,0,0
PA-1506807-212830FB054F46569DB850A6376C279E,pa,6.08,0.0811,2.31,37.99,0.0,0.0,0.0,0.0,0,1,0,0,0,0,0
PA-1506807-D69D56A6EE194B1C95049D2FE669D9A2,pa,60.48,0.8064,4.41,7.29,0.0,0.0,0.0,0.0,1,1,0,0,0,0,0
PA-1508407-7A79CD28A6E94ED7879BADCB83834A83,pa,23.8,0.3173,21.0,88.25,0.0,0.0,0.0,0.0,0,1,0,0,0,0,0
PA-1506906-D7A5A4D44661496E9402272E0E807BB1,pa,66.75,1.2136,29.65,44.42,0.0,0.0,0.0,0.0,0,1,0,0,0,0,0
PA-1508357-48D39D11901C4ECA871C49043075F714,pa,0.83,0.0111,0.09,10.79,0.0,0.0,0.0,0.0,1,1,0,0,0,0,0
PA-1506807-DFCEE10D5BFD415DA6340AAA427CA7EA,pa,53.1,0.708,32.75,61.68,0.0,0.0,0.0,0.0,0,1,0,0,0,0,0
PA-1506807-5926443C505B4369B44FB6D38E03785D,pa,7564.3,100.8573,945.54,12.5,0.0,0.0,0.0,0.0,1,1,0,0,0,0,0
PA-1508357-2F28DD605FE14C60B8BC1DFC66DFC00B,pa,64.64,0.8618,8.01,12.39,0.0,0.0,0.0,0.0,1,1,0,0,0,0,0
PA-1505403-F1AC3854FFB54A8FB0FAF94D554ED8FA,pa,3.26,0.0592,0.64,19.66,0.0,0.0,0.0,0.0,1,1,0,0,0,0,0
PA-1508357-759BB31247B247D5B1325C7A665F0EBE,pa,100.13,1.3351,26.45,26.42,0.0,0.0,0.0,0.0,0,1,0,0,0,0,0
PA-1500859-00424549D0494F21A5D53B591E382F33,pa,27.07,0.3868,20.9,77.2,0.0,0.0,0.0,0.0,0,1,0,0,0,0,0
PA-1506807-90A2C1A6EED74FBEBF0128151E8FA92F,pa,3.08,0.0411,0.11,3.57,0.0,0.0,0.0,0.0,1,1,0,0,0,0,0
PA-1506807-3AEF22C48C794E4C9841324567276138,pa,38.19,0.5092,29.61,77.53,0.0,0.0,0.0,0.0,0,1,0,0,0,0,0
PA-1505403-EB44D9C9A5BF49F5A2390B2DCACB911F,pa,47.02,0.8549,36.27,77.14,0.0,0.0,0.0,0.0,0,1,0,0,0,0,0
PA-1508357-18E6B2A3E4C441BC9C4836FC04119354,pa,52.03,0.6937,41.11,79.01,0.0,0.0,0.0,0.0,0,1,0,0,0,0,0
PA-1505403-2A101579D53C4306BC6978FF525EFABA,pa,29.96,0.5447,9.33,31.14,0.0,0.0,0.0,0.0,0,1,0,0,0,0,0
PA-1506807-411E46170D7C49DB9076EDF1E213F515,pa,208.51,2.7802,11.92,5.72,0.0,0.0,0.0,0.0,1,1,0,0,0,0,0
PA-1506807-63B23FED6F1541EF94E8BADB07058C90,pa,40.62,0.5416,5.53,13.61,0.0,0.0,0.0,0.0,1,1,0,0,0,0,0
PA-1506807-31639DA09B994308848E1E5F61F8980B,pa,31.52,0.4203,3.5,11.1,0.0,0.0,0.0,0.0,1,1,0,0,0,0,0
PA-1508407-5D3BF4F0F30B4E2E829EF92D875B4A11,pa,45.76,0.6101,28.85,63.05,0.0,0.0,0.0,0.0,0,1,0,0,0,0,0
PA-1506807-F6281BC1F2894088A310346EC58C3DBB,pa,575.76,7.6768,65.59,11.39,0.0,0.0,0.0,0.0,1,1,0,0,0,0,0
PA-1508407-473C00A349504E599DD7074D042B280A,pa,47.36,0.6315,2.31,4.88,0.0,0.0,0.0,0.0,1,1,0,0,0,0,0
PA-1506807-869960A8AD9441D2997282548B17D273,pa,40.37,0.5383,5.22,12.93,0.0,0.0,0.0,0.0,1,1,0,0,0,0,0
PA-1506807-08CEEF2951E34EFA9FF490EB4DF5CD86,pa,40.87,0.545,6.24,15.27,0.0,0.0,0.0,0.0,1,1,0,0,0,0,0
PA-1506807-FD31A6E8D4ED46AFAE5F178C6A808EF3,pa,498.82,6.651,293.36,58.81,0.0,0.0,0.0,0.0,0,1,0,0,0,0,0
PA-1508357-26F47DC8DACE4F73B97027F3AFF6930A,pa,1.54,0.0205,1.33,86.48,0.0,0.0,0.0,0.0,0,1,0,0,0,0,0
PA-1506807-1B64F97BAD774930B12F95C43C749762,pa,1.33,0.0177,1.14,86.03,0.0,0.0,0.0,0.0,0,1,0,0,0,0,0
PA-1506807-0679CF5B56CE4A64ABF377670CAB8727,pa,91.35,1.218,20.05,21.95,0.0,0.0,0.0,0.0,0,1,0,0,0,0,0
PA-1508357-BB0D6B6FDF2C4E2AAD4FA20FB29F0D46,pa,19.67,0.2623,16.3,82.86,0.0,0.0,0.0,0.0,0,1,0,0,0,0,0
PA-1508407-CB01EE88B75641648030F7FFD50CE080,pa,4.85,0.0646,1.5,30.95,0.0,0.0,0.0,0.0,0,1,0,0,0,0,0
PA-1506807-68CB60123DD54ADB8329328062CD86D5,pa,2.12,0.0283,0.22,10.35,0.0,0.0,0.0,0.0,1,1,0,0,0,0,0
PA-1508407-295F0CCDFEF74AB394060B73074D2AC4,pa,18.14,0.2419,0.62,3.42,0.0,0.0,0.0,0.0,1,1,0,0,0,0,0
PA-1508407-818CA148C6154DF783AC67D2A39DAE88,pa,22.13,0.295,18.18,82.16,0.0,0.0,0.0,0.0,0,1,0,0,0,0,0
PA-1508407-0BA139A20B2B41F883D11351F2D4B558,pa,1.82,0.0243,0.08,4.39,0.0,0.0,0.0,0.0,1,1,0,0,0,0,0
PA-1508407-A667E681964647D1BC857F96D85640E7,pa,944.81,12.6844,104.07,11.01,0.0,0.0,0.0,0.0,1,1,0,0,0,0,0
PA-1506807-973CE8C51FF84134A43A9FCE1C35E6D2,pa,5.68,0.0757,0.0,0.0,0.0,0.0,0.0,0.0,2,1,0,0,0,0,0
PA-1506807-592BF5D0FC864E87A682A7D06BC52058,pa,17.42,0.2322,0.0,0.0,0.0,0.0,0.0,0.0,2,1,0,0,0,0,0
PA-1506807-2ADE2D2A686F40BCA097E960BB533456,pa,1915.53,25.5404,27.47,1.43,0.0,0.0,0.0,0.0,1,1,0,0,0,0,0
PA-1506807-B938CBD902224104B8F88FF93C569FB9,pa,33.63,0.4484,13.44,39.97,0.0,0.0,0.0,0.0,0,1,0,0,0,0,0
PA-1506807-1FBEC2C3921844CE8A1D995224853E59,pa,0.24,0.0032,0.11,45.78,0.0,0.0,0.0,0.0,0,1,0,0,0,0,0
PA-1505403-BBA65100D2CF4FF09DE0AB60E0E1DDE7,pa,37.34,0.6789,22.02,58.97,0.0,0.0,0.0,0.0,0,1,0,0,0,0,0
PA-1508407-9C1DAA4EAD4948ECA6F6C2C71C76F228,pa,43.3,0.5773,30.44,70.31,0.0,0.0,0.0,0.0,0,1,0,0,0,0,0
PA-1506807-7E158C31188945EEA0EE70D1C727923B,pa,25.91,0.3455,0.8,3.09,0.0,0.0,0.0,0.0,1,1,0,0,0,0,0
PA-1505403-1341FF819C164A29A98811A758CD3F86,pa,44.01,0.8002,10.32,23.45,0.0,0.0,0.0,0.0,0,1,0,0,0,0,0
PA-1508357-BC77A11272C74443AE88D7945223D4D4,pa,106.53,1.4394,67.99,63.82,0.0,0.0,0.0,0.0,0,1,0,0,0,0,0
PA-1508407-D94F8D0EC4F94DA08FE891B1B8B8D959,pa,70.69,0.9426,0.09,0.13,0.0,0.0,0.0,0.0,1,1,0,0,0,0,0
PA-1505403-AB08EE75BF4B40F6894727B29D5C6F0E,pa,18.56,0.3375,6.94,37.38,0.0,0.0,0.0,0.0,0,1,0,0,0,0,0
PA-1508357-75A4DC487E85448F96FF7D06B962EF88,pa,126.07,1.681,53.7,42.59,0.0,0.0,0.0,0.0,0,1,0,0,0,0,0
PA-1506807-DAC724EB1CD44591A6FCABC69BC601FC,pa,0.32,0.0043,0.0,0.0,0.0,0.0,0.0,0.0,2,1,0,0,0,0,0
PA-1506807-0040298BE44348C9B095039458A78A3F,pa,69.75,0.93,40.49,58.05,0.0,0.0,0.0,0.0,0,1,0,0,0,0,0
PA-1506807-BB96D3914F6240BD8B0E71BD68AAE69F,pa,27.76,0.3701,14.73,53.06,0.0,0.0,0.0,0.0,0,1,0,0,0,0,0
PA-1505403-7615F381B87640489E063D57871263FC,pa,0.33,0.0059,0.0,0.0,0.0,0.0,0.0,0.0,2,1,0,0,0,0,0
PA-1506807-4B653F15466D41238E833E63031B068D,pa,23.95,0.3194,14.67,61.24,0.0,0.0,0.0,0.0,0,1,0,0,0,0,0
PA-1508357-E25E72F3D6CF409697099E69BB84B9E6,pa,2.18,0.0291,1.9,87.2,0.0,0.0,0.0,0.0,0,1,0,0,0,0,0
PA-1508357-2CCA7D9311B44B859C0922E703FF53D2,pa,1.13,0.0151,0.7,61.76,0.0,0.0,0.0,0.0,0,1,0,0,0,0,0
PA-1506807-360C18D9C8744367AF7A22169000B448,pa,50.32,0.6709,6.32,12.56,0.0,0.0,0.0,0.0,1,1,0,0,0,0,0
PA-1506807-1A19E10440834C3FA08B1838453C38A4,pa,4.2,0.056,0.0,0.0,0.0,0.0,0.0,0.0,2,1,0,0,0,0,0
PA-1506807-AC4939009A684A1BBE45120CDB7EA76B,pa,10.34,0.1379,4.39,42.44,0.0,0.0,0.0,0.0,0,1,0,0,0,0,0
PA-1506807-3A93A4D6765543CDAAB8DF35C71406A8,pa,1828.0,4.0,245.32,13.42,0.0,0.0,0.0,0.0,1,1,0,0,0,0,0
PA-1508407-0310ECEE692840789D3ED9EA7402153D,pa,71.2,0.9493,52.16,73.26,0.0,0.0,0.0,0.0,0,1,0,0,0,0,0
PA-1508407-8B4C58D3E6CB4C7B98E2FD44D28AF655,pa,535.0,7.1334,24.78,4.63,0.0,0.0,0.0,0.0,1,1,0,0,0,0,0
PA-1506807-8C03444ABC6447ADAE42882417BDB676,pa,36716.7,0.9791,167.48,0.46,0.0,0.0,0.0,0.0,1,1,0,0,0,0,0
PA-1505403-2FB0FF582C8E406EAFE19DDE8D74816A,pa,3.02,0.0549,0.42,13.91,0.0,0.0,0.0,0.0,1,1,0,0,0,0,0
PA-1508357-2ACDE9120FBD4058802C84145BAAFFC3,pa,4.69,0.0625,2.65,56.49,0.0,0.0,0.0,0.0,0,1,0,0,0,0,0
PA-1506807-D40E6C088D2248569979542BEEA865A4,pa,94.7,1.2626,13.4,14.15,0.0,0.0,0.0,0.0,1,1,0,0,0,0,0
PA-1506807-BBBBE5B378C24FBEA0DE8DE340048DC0,pa,6.25,0.0834,0.09,1.44,0.0,0.0,0.0,0.0,1,1,0,0,0,0,0
PA-1508357-E1159817C8B34977A573AAF2651F85EA,pa,84.51,1.1268,18.05,21.36,0.0,0.0,0.0,0.0,0,1,0,0,0,0,0
PA-1508357-911213E2B1BC40BFBD642A5C8F25C743,pa,124.98,1.6664,36.6,29.28,0.0,0.0,0.0,0.0,0,1,0,0,0,0,0
PA-1508357-6142796FF66F4B74B2B7A5A9E4B0EFF7,pa,477.75,6.37,178.38,37.34,0.0,0.0,0.0,0.0,0,1,0,0,0,0,0
PA-1508357-ECB619965AA94808AAAD7ECF7810FF71,pa,61.45,0.8193,26.74,43.51,0.0,0.0,0.0,0.0,0,1,0,0,0,0,0
PA-1508357-BD286E4744D14D08A238DA6A83DCFACB,pa,101.65,1.3553,29.13,28.66,0.0,0.0,0.0,0.0,0,1,0,0,0,0,0
PA-1506807-6017F457AE924ABC9DB3ED11A84FFE9A,pa,44.98,0.5997,1.99,4.42,0.0,0.0,0.0,0.0,1,1,0,0,0,0,0
PA-1506807-290F802C7A19421699ED77DEA2874F97,pa,68.19,0.9092,63.25,92.76,0.0,0.0,0.0,0.0,0,1,0,0,0,0,0
PA-1508357-6ECCFD7BCF5149CE88F37EFBC8C6B760,pa,106.03,1.4137,61.9,58.38,0.0,0.0,0.0,0.0,0,1,0,0,0,0,0
PA-1500859-121DB068EB614152B8073550861116DE,pa,129.96,1.8566,90.07,69.31,0.0,0.0,0.0,0.0,0,1,0,0,0,0,0
PA-1506807-0CC22200A311488DB076E39E8C36EF91,pa,91.2,1.216,0.36,0.39,0.0,0.0,0.0,0.0,1,1,0,0,0,0,0
PA-1506807-98936B4180E9452095B4C828DFD3688A,pa,7.6,0.1013,0.2,2.63,0.0,0.0,0.0,0.0,1,1,0,0,0,0,0
PA-1506807-4BD523A5B884404F87ACFD83F15CA642,pa,4.78,0.0637,0.0,0.0,0.0,0.0,0.0,0.0,2,1,0,0,0,0,0
PA-1506807-F3F6055AA7A14B30854D7BE22D13D8F3,pa,102.64,1.3686,42.47,41.38,0.0,0.0,0.0,0.0,0,1,0,0,0,0,0
PA-1508407-928C76A4F7EA43E0A978B6FA20A29BA7,pa,32.86,0.4382,27.31,83.11,0.0,0.0,0.0,0.0,0,1,0,0,0,0,0
PA-1508357-EC12A84338FB4034B8657A9173570BC4,pa,282.79,3.7705,62.68,22.16,0.0,0.0,0.0,0.0,0,1,0,0,0,0,0
PA-1508357-4D7098D52D8D4A1E8C2B441007EBF2AC,pa,2280.93,30.4124,487.97,21.39,0.0,0.0,0.0,0.0,0,1,0,0,0,0,0
PA-1506906-D20377EBF3774E4FA6682DB034CC670A,pa,0.64,0.0116,0.17,26.71,0.0,0.0,0.0,0.0,0,1,0,0,0,0,0
PA-1505403-F329917547854936892E0A9EA0A341A1,pa,0.44,0.008,0.28,63.72,0.0,0.0,0.0,0.0,0,1,0,0,0,0,0
PA-1505403-3CE7A689E2EF41DCB8BDC03AB558D673,pa,10.25,0.1864,4.64,45.26,0.0,0.0,0.0,0.0,0,1,0,0,0,0,0
PA-1508357-D71D2C7F42BC437D8B8E5D721204198E,pa,18.03,0.2404,4.95,27.45,0.0,0.0,0.0,0.0,0,1,0,0,0,0,0
PA-1508357-C31095DEECFD48CB9163CB680951B6F0,pa,235.22,3.1363,64.33,27.35,0.0,0.0,0.0,0.0,0,1,0,0,0,0,0
PA-1505403-3CEFE8DFB7E241348F488418CB564DFC,pa,50.74,0.9225,40.9,80.61,0.0,0.0,0.0,0.0,0,1,0,0,0,0,0
PA-1506807-2E7456CC22BC40E6835FF11EA4FB95D6,pa,3.5,0.0467,0.84,23.98,0.0,0.0,0.0,0.0,0,1,0,0,0,0,0
PA-1505403-77958E940F2A4B15B70E4D697EAB470F,pa,9.4,0.1709,4.24,45.11,0.0,0.0,0.0,0.0,0,1,0,0,0,0,0
PA-1506807-D3A34C5EBD04443C89333E222EB8C02A,pa,141.31,1.8842,61.39,43.44,0.0,0.0,0.0,0.0,0,1,0,0,0,0,0
PA-1506807-DB52BE0D16C74487A995C1EAD49B9577,pa,9.01,0.1202,3.52,39.06,0.0,0.0,0.0,0.0,0,1,0,0,0,0,0
PA-1506807-22B1ECEFFBB942729FF7C26AECCB2F61,pa,1644.63,21.9284,415.58,25.27,0.0,0.0,0.0,0.0,0,1,0,0,0,0,0
PA-1508357-F9A0D0D8EA464AE6AAAE578C5965AC7A,pa,319.3,4.2574,148.34,46.46,0.0,0.0,0.0,0.0,0,1,0,0,0,0,0
PA-1506807-1DC111CD6348431CB3BBC3297EA99FEC,pa,59.05,0.7873,49.37,83.61,0.0,0.0,0.0,0.0,0,1,0,0,0,0,0
PA-1505403-B8623B71B0D34008AB3AFCA52D2A3AF3,pa,78.31,1.4238,19.1,24.39,0.0,0.0,0.0,0.0,0,1,0,0,0,0,0
PA-1506807-FF04C88FCF104FBBB91E7BE90415DFF5,pa,2.59,0.0345,0.25,9.65,0.0,0.0,0.0,0.0,1,1,0,0,0,0,0
PA-1508407-1E5A8C2529B848B7BD81004AB3BBF1FC,pa,48.16,0.6421,2.07,4.3,0.0,0.0,0.0,0.0,1,1,0,0,0,0,0
PA-1506807-897AD86B27E8455E890549F9B407DB6E,pa,98.28,1.3104,39.66,40.35,0.0,0.0,0.0,0.0,0,1,0,0,0,0,0
PA-1500859-0F33D681592B462FB1E74465CE830EF4,pa,34.69,0.4956,29.28,84.39,0.0,0.0,0.0,0.0,0,1,0,0,0,0,0
PA-1506807-70B500E6AD8A4EB184F64F23B7166322,pa,1410.07,18.8009,1.46,0.1,0.0,0.0,0.0,0.0,1,1,0,0,0,0,0
PA-1508407-2B1761EA594D4D5A8669054BF07430D3,pa,65.55,0.8741,38.26,58.36,0.0,0.0,0.0,0.0,0,1,0,0,0,0,0
PA-1508407-5830C31B73944AA4BE80EB1D5841CDD5,pa,123.8,1.6506,3.34,2.7,0.0,0.0,0.0,0.0,1,1,0,0,0,0,0
PA-1506807-32D3CEAFCFC541B6AF112F71C8D62281,pa,1.89,0.0251,1.46,77.45,0.0,0.0,0.0,0.0,0,1,0,0,0,0,0
PA-1506807-3887A7F0FD4D47F2BEBE7744C66F654A,pa,5.7,0.0759,4.96,87.09,0.0,0.0,0.0,0.0,0,1,0,0,0,0,0
PA-1508407-404E82DFAB384BB7872D0FDE0CA5E4DC,pa,257.96,3.4395,30.76,11.92,0.0,0.0,0.0,0.0,1,1,0,0,0,0,0
PA-1508407-5BA2ED8CFF1C43BFA7DDE87ED688C0F1,pa,41.9,0.5587,36.95,88.18,0.0,0.0,0.0,0.0,0,1,0,0,0,0,0
PA-1506807-98A0DB3FE6264972A6C8CE8DD90D3071,pa,342.32,4.5643,6.63,1.94,0.0,0.0,0.0,0.0,1,1,0,0,0,0,0
PA-1508407-2B1AEEE57AA945B99F571FBC7466BF2D,pa,69.42,0.9256,4.35,6.27,0.0,0.0,0.0,0.0,1,1,0,0,0,0,0
PA-1505403-05CAE434EECD4DB8BFCC0C257D51E646,pa,83.11,1.5111,47.74,57.44,0.0,0.0,0.0,0.0,0,1,0,0,0,0,0
PA-1508407-42B2D573ADFA48CF9CDF4E1713DF0000,pa,111.32,1.4843,0.29,0.26,0.0,0.0,0.0,0.0,1,1,0,0,0,0,0
PA-1508407-907269CEC73242B5997A3B6D8EFDC5C9,pa,35.69,0.4759,25.83,72.37,0.0,0.0,0.0,0.0,0,1,0,0,0,0,0
PA-1506807-F443A5EF8CDB47A685A211F57C85F20F,pa,59.58,0.8055,43.04,72.24,0.0,0.0,0.0,0.0,0,1,0,0,0,0,0
PA-1508407-F07A881F24244250BAD32A3E3532930E,pa,33.15,0.442,0.0,0.0,0.0,0.0,0.0,0.0,2,1,0,0,0,0,0
PA-1508407-D7C895F6636B4A30BCEE9CF3A2430925,pa,87.11,1.1615,2.09,2.4,0.0,0.0,0.0,0.0,1,1,0,0,0,0,0
PA-1506807-99BF97594FB74522A3CC4BC0A85F5E40,pa,67.92,0.9056,36.47,53.69,0.0,0.0,0.0,0.0,0,1,0,0,0,0,0
PA-1506807-D910C5290AB1437CA38576D1BB57ED64,pa,118.97,1.5863,4.64,3.9,0.0,0.0,0.0,0.0,1,1,0,0,0,0,0
PA-1508407-9A55A1888AF24105A02A441F775227AE,pa,66.05,0.8806,58.22,88.15,0.0,0.0,0.0,0.0,0,1,0,0,0,0,0
PA-1506807-C2A94539CFD941A8BEAF32A858B03182,pa,22.01,0.2935,2.94,13.36,0.0,0.0,0.0,0.0,1,1,0,0,0,0,0
PA-1506807-EF32ADF99CA64D34BF03E8896A9B75E3,pa,13.69,0.1825,0.12,0.88,0.0,0.0,0.0,0.0,1,1,0,0,0,0,0
PA-1508407-EF39266FEF2645B39761AFC52BC0C5D1,pa,25.25,0.3367,0.04,0.16,0.0,0.0,0.0,0.0,1,1,0,0,0,0,0
PA-1508357-F38CCAFD063A411EB1E7A249BCAD055C,pa,0.24,0.0032,0.07,28.81,0.0,0.0,0.0,0.0,0,1,0,0,0,0,0
PA-1505403-4642271F54E7405EA727A706D9D9BA8E,pa,20.67,0.3758,3.06,14.81,0.0,0.0,0.0,0.0,1,1,0,0,0,0,0
PA-1508407-E0DF038962014A08BD0FF1D72C518A0D,pa,24.72,0.3296,4.05,16.38,0.0,0.0,0.0,0.0,1,1,0,0,0,0,0
PA-1508407-D2E6940D8DEE4B0D9C936984BE1B6B3C,pa,116.98,1.5597,76.18,65.12,0.0,0.0,0.0,0.0,0,1,0,0,0,0,0
PA-1505403-57A48CB0C68A4B4A9A8D2FC0D9943AEB,pa,6.1,0.111,0.71,11.63,0.0,0.0,0.0,0.0,1,1,0,0,0,0,0
PA-1500859-125F41C76B7145D0A0A271D01ADBF023,pa,48.29,0.6899,39.07,80.9,0.0,0.0,0.0,0.0,0,1,0,0,0,0,0
PA-1508357-03EAF0EA828F441E86038F24C378947A,pa,1.65,0.0219,0.1,6.08,0.0,0.0,0.0,0.0,1,1,0,0,0,0,0
PA-1506807-F54F8C9855E842BFA136897D919F3EBC,pa,88.38,1.1784,0.61,0.69,0.0,0.0,0.0,0.0,1,1,0,0,0,0,0
PA-1500859-0B56B3C70C2C4C80A310359000AAD124,pa,0.16,0.0023,0.12,73.53,0.0,0.0,0.0,0.0,0,1,0,0,0,0,0
PA-1500859-0DA83667D0584CF39EC9F5E2DC847976,pa,94.27,1.3468,31.68,33.6,0.0,0.0,0.0,0.0,0,1,0,0,0,0,0
PA-1506807-B150F1DA6A8A4BD9994901BC97CEB506,pa,1.07,0.0143,0.56,52.35,0.0,0.0,0.0,0.0,0,1,0,0,0,0,0
PA-1506906-07B35E208BA842FD888134FEA7BC8723,pa,104.6,1.9018,25.06,23.96,0.0,0.0,0.0,0.0,0,1,0,0,0,0,0
PA-1508357-216DDC73F9534F7DACD6CB77AC79D989,pa,86.67,1.1556,52.12,60.14,0.0,0.0,0.0,0.0,0,1,0,0,0,0,0
PA-1506807-B6992BF1BFE145DE865D82E2624767ED,pa,261.27,3.4836,52.8,20.21,0.0,0.0,0.0,0.0,0,1,0,0,0,0,0
PA-1506807-0DAD89148E8E473AB25292BB641279EC,pa,41.97,0.5596,0.0,0.0,0.0,0.0,0.0,0.0,2,1,0,0,0,0,0
PA-1505403-BB6CDC11B95D4D6FA94AF58438C32182,pa,511.12,9.2931,101.04,19.77,0.0,0.0,0.0,0.0,1,1,0,0,0,0,0
PA-1508407-7702E37CB30C4BF3A453A3306FF85C88,pa,23.85,0.3181,3.8,15.93,0.0,0.0,0.0,0.0,1,1,0,0,0,0,0
PA-1508407-280EF9CA3BFA484E9A4FF9F61EE0B445,pa,56.48,0.7531,4.57,8.09,0.0,0.0,0.0,0.0,1,1,0,0,0,0,0
PA-1505403-5ADAB6ABE7D8485D8F397FFBC06DA74C,pa,43.08,0.7832,15.21,35.31,0.0,0.0,0.0,0.0,0,1,0,0,0,0,0
PA-1508407-06BA95CC6A2947AFBAC8917FFD1989AD,pa,4297.17,0.9549,605.11,14.08,0.0,0.0,0.0,0.0,1,1,0,0,0,0,0
PA-1508407-2B2992400E404BF096CAC46D21F00031,pa,48.72,0.6496,27.89,57.24,0.0,0.0,0.0,0.0,0,1,0,0,0,0,0
PA-1500859-0815019378CE4C6DA7E79C9981E9343C,pa,304.6,4.3514,156.38,51.34,0.0,0.0,0.0,0.0,0,1,0,0,0,0,0
PA-1508357-46F11D2CAD6A404587D70D63043B554C,pa,93.04,1.2406,40.34,43.36,0.0,0.0,0.0,0.0,0,1,0,0,0,0,0
PA-1508407-B2C6E46385E242FBB9EC3DBD9485940C,pa,72.77,0.9702,9.89,13.59,0.0,0.0,0.0,0.0,1,1,0,0,0,0,0
PA-1508357-837BDA42A1DE409790BD933D4178BF36,pa,51.97,0.693,29.32,56.41,0.0,0.0,0.0,0.0,0,1,0,0,0,0,0
PA-1506807-3BA60EDEAC034DD596207DDDE6FEAC05,pa,14.99,0.1999,1.27,8.47,0.0,0.0,0.0,0.0,1,1,0,0,0,0,0
PA-1508357-D5C60662A9AB445880D07530CB9A33B6,pa,480.66,6.4088,100.61,20.93,0.0,0.0,0.0,0.0,0,1,0,0,0,0,0
PA-1506807-023E6E99D6D9455FAA003AE1F84BF77E,pa,37.13,0.495,10.87,29.28,0.0,0.0,0.0,0.0,0,1,0,0,0,0,0
PA-1506807-76D876C3874441CC80B779DC570349A5,pa,2.51,0.0335,0.5,19.89,0.0,0.0,0.0,0.0,1,1,0,0,0,0,0
PA-1506906-E0D445510CC14E8AA743DF1FA2F17850,pa,16.11,0.293,2.97,18.43,0.0,0.0,0.0,0.0,1,1,0,0,0,0,0
PA-1505403-C8A3AD02C2B64FCF9D87B2BCF6ACADD2,pa,3.16,0.0574,0.78,24.69,0.0,0.0,0.0,0.0,0,1,0,0,0,0,0
PA-1505403-4D92FD88A1E949B1B2DC9929A6E1FBC7,pa,2.57,0.0468,0.06,2.33,0.0,0.0,0.0,0.0,1,1,0,0,0,0,0
PA-1506906-DDF44F605C0B4D52BB1027687A4E1B6B,pa,2.07,0.0376,0.15,7.25,0.0,0.0,0.0,0.0,1,1,0,0,0,0,0
PA-1506807-934A9AEF1FB54E2B86149A2824A288A7,pa,0.45,0.006,0.0,0.0,0.0,0.0,0.0,0.0,2,1,0,0,0,0,0
PA-1506807-95DB2482C6BF4045B3608FCC629B4DDA,pa,17.29,0.2305,15.2,87.91,0.0,0.0,0.0,0.0,0,1,0,0,0,0,0
PA-1508357-A893C774A1A34AB9AD084523E794A37C,pa,71.03,0.9471,39.15,55.12,0.0,0.0,0.0,0.0,0,1,0,0,0,0,0
PA-1508357-A7D2916CA07B48AEB0EAB8E88E98F308,pa,125.69,1.6759,8.71,6.93,0.0,0.0,0.0,0.0,1,1,0,0,0,0,0
PA-1500859-0A8321A22A1E4417980461CC55FB0C89,pa,34.31,0.4902,23.78,69.31,0.0,0.0,0.0,0.0,0,1,0,0,0,0,0
PA-1506807-E63DE2887C4640FB8C64F0E52987C62C,pa,0.5,0.0066,0.0,0.0,0.0,0.0,0.0,0.0,2,1,0,0,0,0,0
PA-1508407-9AE99A77EA3F437BBCA6FC8E4BCEE488,pa,59.07,0.7876,37.31,63.16,0.0,0.0,0.0,0.0,0,1,0,0,0,0,0
PA-1505403-1CA0F7DACF7C4A159C0C632867ED5D98,pa,3.35,0.061,0.61,18.19,0.0,0.0,0.0,0.0,1,1,0,0,0,0,0
PA-1506807-001CE4CB535E416392E5A7508154C385,pa,4.09,0.0545,0.0,0.0,0.0,0.0,0.0,0.0,2,1,0,0,0,0,0
PA-1506807-9EAF2DB9644440DB8EC8C2B95E4C5105,pa,7.96,0.1062,5.91,74.2,0.0,0.0,0.0,0.0,0,1,0,0,0,0,0
PA-1506807-2F6712FAFCDE4F358CA8378C4942E9E6,pa,88.35,1.1781,27.9,31.58,0.0,0.0,0.0,0.0,0,1,0,0,0,0,0
PA-1506807-203F9C64890F4A4F92DC5315D3F671AF,pa,61.09,0.8146,23.3,38.14,0.0,0.0,0.0,0.0,0,1,0,0,0,0,0
PA-1508357-D5C896B32BD64F0FB44EF1292A84662C,pa,0.54,0.0072,0.54,99.5,0.0,0.0,0.0,0.0,0,1,0,0,0,0,0
PA-1500859-035CDFC4156F472D825E0C69051BD262,pa,50.22,0.7175,21.47,42.75,0.0,0.0,0.0,0.0,0,1,0,0,0,0,0
PA-1506807-D40F6D2FE83E4F14B9630252017A2259,pa,20.45,0.2726,7.98,39.03,0.0,0.0,0.0,0.0,0,1,0,0,0,0,0
PA-1506807-56A9B19D033A4AA286B6FA8F37B8913E,pa,9.66,0.1288,0.87,9.0,0.0,0.0,0.0,0.0,1,1,0,0,0,0,0
PA-1506807-293BF381020946F882435139DDD15706,pa,27.1,0.3613,1.41,5.2,0.0,0.0,0.0,0.0,1,1,0,0,0,0,0
PA-1506807-FE2D722251B3466AA4AD6AB29058ECAA,pa,3.67,0.049,0.0,0.0,0.0,0.0,0.0,0.0,2,1,0,0,0,0,0
PA-1508357-57AC757613724DDBB5901B9EF16C1757,pa,274.33,3.6577,194.93,71.06,0.0,0.0,0.0,0.0,0,1,0,0,0,0,0
PA-1508407-C15AE0A4FEB24E968E738E4DA56ADA34,pa,144.78,1.9304,16.15,11.15,0.0,0.0,0.0,0.0,1,1,0,0,0,0,0
PA-1508407-410A01E277964DE3A2AAFE213A9E8C57,pa,310.04,4.1339,17.59,5.67,0.0,0.0,0.0,0.0,1,1,0,0,0,0,0
PA-1508357-A4BF5FBACC504FF0970B64260FE05FA4,pa,1.38,0.0184,0.57,41.21,0.0,0.0,0.0,0.0,0,1,0,0,0,0,0
PA-1506807-D53D41DB102148B7865FE6E025C9AD90,pa,6.21,0.0828,5.01,80.71,0.0,0.0,0.0,0.0,0,1,0,0,0,0,0
PA-1506807-0C6E67FF150F4F7A887E29818FCA0731,pa,104.91,1.3989,34.34,32.73,0.0,0.0,0.0,0.0,0,1,0,0,0,0,0
PA-1506807-88993EDC072642BAAC091E80BECBDFC3,pa,10.1,0.1347,6.91,68.42,0.0,0.0,0.0,0.0,0,1,0,0,0,0,0
PA-1506807-77F9F1DE4AF54161B5C7557D3F749519,pa,11.24,0.1499,2.07,18.42,0.0,0.0,0.0,0.0,1,1,0,0,0,0,0
PA-1508357-5DFBA4FA19B148FC983738EA8B487113,pa,81.41,1.0854,25.95,31.88,0.0,0.0,0.0,0.0,0,1,0,0,0,0,0
PA-1505403-82BECEBB1F5C47E5911728EB00EBB6C6,pa,3.96,0.072,2.77,69.92,0.0,0.0,0.0,0.0,0,1,0,0,0,0,0
PA-1505403-2A2D3ADDE8E14B0EB8F7EA4F882196BF,pa,12.58,0.2144,2.7,21.47,0.0,0.0,0.0,0.0,0,1,0,0,0,0,0
PA-1505403-DE24A71872E5469D9A1C83C77C7924A8,pa,149.9,2.7254,55.14,36.78,0.0,0.0,0.0,0.0,0,1,0,0,0,0,0
PA-1506807-7B2D3583F28642AF942C6CFE797AE616,pa,96.22,1.283,1.87,1.94,0.0,0.0,0.0,0.0,1,1,0,0,0,0,0
PA-1506807-E0B1474D7DF340E9BB46E640C63F75C3,pa,1.04,0.0139,0.3,28.8,0.0,0.0,0.0,0.0,0,1,0,0,0,0,0
PA-1506807-39432A768FCA41C09CFE1EEA114B37D5,pa,0.58,0.0077,0.0,0.0,0.0,0.0,0.0,0.0,2,1,0,0,0,0,0
PA-1508407-73B257DF3F344550BA912FDCE031D258,pa,20.62,0.275,0.6,2.91,0.0,0.0,0.0,0.0,1,1,0,0,0,0,0
PA-1506807-DEBAE57D97E9489DAFB181A02922F6B7,pa,339.61,4.5281,48.73,14.35,0.0,0.0,0.0,0.0,1,1,0,0,0,0,0
PA-1506807-32EB11CEB21F42FEA4F73D847CD64CF8,pa,2.98,0.0397,0.0,0.0,0.0,0.0,0.0,0.0,2,1,0,0,0,0,0
PA-1508407-D9DC7ED572264D86B86558343393B7E1,pa,281.06,3.7475,8.7,3.1,0.0,0.0,0.0,0.0,1,1,0,0,0,0,0
PA-1506807-12A561136F2E45C485FB6F5EA0289157,pa,7.74,0.1032,3.47,44.84,0.0,0.0,0.0,0.0,0,1,0,0,0,0,0
PA-1506807-FFE82C8DE34A4DD3B02F47F163315573,pa,53.23,0.7097,27.15,51.01,0.0,0.0,0.0,0.0,0,1,0,0,0,0,0
PA-1506807-B302028A74464886AC8D56FC78352971,pa,51.65,0.6886,13.15,25.46,0.0,0.0,0.0,0.0,0,1,0,0,0,0,0
PA-1508357-1528BA87D89D4151994C261A899D4B82,pa,5.54,0.0738,1.06,19.15,0.0,0.0,0.0,0.0,1,1,0,0,0,0,0
PA-1506807-B8BF6B3317734616BD8C27367E5B9FDA,pa,5.99,0.0799,0.73,12.18,0.0,0.0,0.0,0.0,1,1,0,0,0,0,0
PA-1506807-B5FC1B8E9BF6491298D770F0DE8A74C8,pa,1.62,0.0215,0.16,9.9,0.0,0.0,0.0,0.0,1,1,0,0,0,0,0
PA-1508357-EF53E5F99DA8424FBE784B59C04766E7,pa,286.59,3.8212,87.11,30.4,0.0,0.0,0.0,0.0,0,1,0,0,0,0,0
PA-1506807-0DD3D1F9860D473C84CF65DE9A4547C2,pa,30.49,0.4065,2.66,8.72,0.0,0.0,0.0,0.0,1,1,0,0,0,0,0
PA-1508407-6B79F26C6DFA4217905845F47D9AD791,pa,24.87,0.3316,17.76,71.42,0.0,0.0,0.0,0.0,0,1,0,0,0,0,0
PA-1506807-E821C3ECF4E64E05AB9F338482A53C09,pa,742.57,9.901,379.17,51.06,0.0,0.0,0.0,0.0,0,1,0,0,0,0,0
PA-1505403-4367D6C8F82C4F118001B37BE7E06E39,pa,193.8,3.5236,87.4,45.1,0.0,0.0,0.0,0.0,0,1,0,0,0,0,0
PA-1508357-233F0564344F48ED9C24D512F6A49E7E,pa,13.9,0.1854,9.99,71.86,0.0,0.0,0.0,0.0,0,1,0,0,0,0,0
PA-1506807-93768FD020AF45AC81688F53729B01B4,pa,69.69,0.9292,49.82,71.49,0.0,0.0,0.0,0.0,0,1,0,0,0,0,0
PA-1506807-1814C15B0E7945568C4A7845315A9420,pa,12.64,0.1685,0.0,0.0,0.0,0.0,0.0,0.0,2,1,0,0,0,0,0
PA-1505403-231959E2CCBE4FF29F66CAC2D2389FED,pa,9.74,0.1772,4.59,47.1,0.0,0.0,0.0,0.0,0,1,0,0,0,0,0
PA-1508407-8CB279F84DAC47448BCE942BE2769F72,pa,52.6,0.7014,0.0,0.0,0.0,0.0,0.0,0.0,2,1,0,0,0,0,0
PA-1506807-BD861EB4BC9241E38D1F205BBE8B575A,pa,4.48,0.0598,2.43,54.21,0.0,0.0,0.0,0.0,0,1,0,0,0,0,0
PA-1506807-42D84AC1E2E34D5497733879807A5952,pa,38.03,0.507,1.93,5.08,0.0,0.0,0.0,0.0,1,1,0,0,0,0,0
PA-1508357-33E3B65E1F6F49BAA0FE31D488D38330,pa,59.73,0.7964,32.7,54.74,0.0,0.0,0.0,0.0,0,1,0,0,0,0,0
PA-1508407-AB3AEC02EC394E5F8EE0C6DF809B6F1A,pa,48.52,0.6469,22.03,45.41,0.0,0.0,0.0,0.0,0,1,0,0,0,0,0
PA-1506807-2D96A0F28B9A48A29C75288FB45A549A,pa,3.42,0.0455,2.3,67.33,0.0,0.0,0.0,0.0,0,1,0,0,0,0,0
PA-1506906-2DC1E8A15039490999D5B05CAE38E729,pa,1.16,0.021,0.0,0.0,0.0,0.0,0.0,0.0,2,1,0,0,0,0,0
PA-1506906-4390ADFB2D1C49BFBD2782419FB15872,pa,0.2,0.0037,0.0,0.0,0.0,0.0,0.0,0.0,2,1,0,0,0,0,0
PA-1506807-1C8FCA4611DA459A8704CBB6AA399400,pa,8.63,0.115,0.13,1.51,0.0,0.0,0.0,0.0,1,1,0,0,0,0,0
PA-1508407-65C4DD902A2F45329F9F5DD2E18F277C,pa,20.77,0.277,0.27,1.3,0.0,0.0,0.0,0.0,1,1,0,0,0,0,0
PA-1506807-9DBC93FAB7A64C359747B6588052C725,pa,2.88,0.0383,2.02,70.26,0.0,0.0,0.0,0.0,0,1,0,0,0,0,0
PA-1506807-D0CB7F0385744156853297A3B708D93A,pa,28.22,0.3763,11.66,41.32,0.0,0.0,0.0,0.0,0,1,0,0,0,0,0
PA-1500859-0BA81815F334489D8DD0B715628B7318,pa,41.78,0.5968,34.33,82.17,0.0,0.0,0.0,0.0,0,1,0,0,0,0,0
PA-1508407-D9375A058E8D4842B032C83DD981744C,pa,17.23,0.2297,0.31,1.8,0.0,0.0,0.0,0.0,1,1,0,0,0,0,0
PA-1506807-5DC61D5EC3094DC6822C6D3ADCBF94DC,pa,1173.74,15.6498,5.74,0.49,0.0,0.0,0.0,0.0,1,1,0,0,0,0,0
PA-1508407-9B46546C9CF54183839AA70FCECAB741,pa,24.21,0.3228,3.11,12.85,0.0,0.0,0.0,0.0,1,1,0,0,0,0,0
PA-1508357-831AAE650AE04AD0A626697E1D146BFC,pa,296.07,3.9477,48.44,16.36,0.0,0.0,0.0,0.0,1,1,0,0,0,0,0
PA-1506807-5CD5A5896EE24C4E8AD76ED525ED4931,pa,39.18,0.5223,19.32,49.32,0.0,0.0,0.0,0.0,0,1,0,0,0,0,0
PA-1506807-08D9BFFEF8114B10A2BC9D7583F619D6,pa,30.55,0.4073,27.69,90.64,0.0,0.0,0.0,0.0,0,1,0,0,0,0,0
PA-1508357-16A5C82098D04B00BC1205032FE3A16D,pa,3.92,0.0523,0.0,0.0,0.0,0.0,0.0,0.0,2,1,0,0,0,0,0
PA-1506807-7B5ADC02DCD244579EBBE52278757CCB,pa,25.06,0.3341,3.1,12.37,0.0,0.0,0.0,0.0,1,1,0,0,0,0,0
PA-1506807-8DEE149DFA254E46825EB6F6A284E35F,pa,2.16,0.0287,0.72,33.41,0.0,0.0,0.0,0.0,0,1,0,0,0,0,0
PA-1505403-5CCC37A57DD54887B4469F56E9D31FAF,pa,657.28,4.0,336.58,51.21,0.0,0.0,0.0,0.0,0,1,0,0,0,0,0
PA-1506807-639E4625AB5D400CA106453CC8169E8C,pa,960.9,12.812,14.45,1.5,0.0,0.0,0.0,0.0,1,1,0,0,0,0,0
PA-1508357-06B5F548853248C381D7E14DA7E12DC9,pa,0.68,0.009,0.68,100.68,0.0,0.0,0.0,0.0,0,1,0,0,0,0,0
PA-1506807-879FC6BB398A453CB477A32B06B8E086,pa,1874.88,4.0,628.78,33.54,0.0,0.0,0.0,0.0,0,1,0,0,0,0,0
PA-1506807-5E3CC51244CF49928DE13915B54EEA70,pa,17.51,0.2334,4.68,26.73,0.0,0.0,0.0,0.0,0,1,0,0,0,0,0
PA-1508357-4AF16E5DB340446D9587FF4CF655358E,pa,91.67,1.2222,15.64,17.06,0.0,0.0,0.0,0.0,1,1,0,0,0,0,0
PA-1508407-D3C32AFBE34649D3AF20B7CE1F89A22F,pa,60.11,0.8014,2.41,4.01,0.0,0.0,0.0,0.0,1,1,0,0,0,0,0
PA-1508407-98E31F5471C9497DA64DC5A167ED3DF2,pa,72.35,0.9647,2.6,3.59,0.0,0.0,0.0,0.0,1,1,0,0,0,0,0
PA-1508407-361EC748E9554CFEA37125175A535B8A,pa,21.75,0.29,0.13,0.6,0.0,0.0,0.0,0.0,1,1,0,0,0,0,0
PA-1508357-4AEC1E8120E9478F80749098E2BE22CE,pa,39.57,0.5276,2.87,7.25,0.0,0.0,0.0,0.0,1,1,0,0,0,0,0
PA-1508407-E7BE1220F9664A979DB231D98BC47E37,pa,1324.3,17.6574,78.75,5.95,0.0,0.0,0.0,0.0,1,1,0,0,0,0,0
PA-1508407-E3EDCA7ADD5E4A92AE1A5884EBCA3FCA,pa,40.54,0.5405,0.0,0.0,0.0,0.0,0.0,0.0,2,1,0,0,0,0,0
PA-1506807-90A6BA0AFE5D4F498BC00D2DE51CC178,pa,108.81,1.4507,23.56,21.65,0.0,0.0,0.0,0.0,0,1,0,0,0,0,0
PA-1505403-3C470B052DAF4658A8AF4A73EBBFB2C6,pa,6.25,0.1137,3.05,48.77,0.0,0.0,0.0,0.0,0,1,0,0,0,0,0
PA-1506807-4920FC0587694475A8CED0D46DE21D54,pa,4.07,0.0543,3.28,80.55,0.0,0.0,0.0,0.0,0,1,0,0,0,0,0
PA-1506807-7A3AE71558FA4BB4862A31D0ED5017AC,pa,83.02,1.1069,37.33,44.97,0.0,0.0,0.0,0.0,0,1,0,0,0,0,0
PA-1506807-9008294E2D70472B8AD58C846DC6FDDD,pa,20.55,0.274,7.81,38.0,0.0,0.0,0.0,0.0,0,1,0,0,0,0,0
PA-1506807-00C02809BED147C394A7B4A1C07F4613,pa,52.61,0.7015,43.33,82.36,0.0,0.0,0.0,0.0,0,1,0,0,0,0,0
PA-1508357-472F70FA13354841B847F986F072D012,pa,18.99,0.2532,3.98,20.96,0.0,0.0,0.0,0.0,0,1,0,0,0,0,0
PA-1508357-93C6318379CB407BA8C51B5B9E3D01EE,pa,101.88,1.3584,23.88,23.44,0.0,0.0,0.0,0.0,0,1,0,0,0,0,0
PA-1506807-E1F17AE53AB445D3A0D95C80A9FFAB21,pa,14.85,0.198,9.41,63.36,0.0,0.0,0.0,0.0,0,1,0,0,0,0,0
PA-1508407-DEABFDC33C6F42088CD50E6B05325943,pa,30.99,0.4132,13.86,44.73,0.0,0.0,0.0,0.0,0,1,0,0,0,0,0
PA-1508357-42D71840572440AAAD3BFF03B7A556F9,pa,64.13,0.8551,30.86,48.12,0.0,0.0,0.0,0.0,0,1,0,0,0,0,0
PA-1506807-314C342F6A554B6FBA3B2036261AC75D,pa,0.34,0.0045,0.0,0.0,0.0,0.0,0.0,0.0,2,1,0,0,0,0,0
PA-1508407-55EF1EA9BEFD45A3BE59B5DF5F6F7D77,pa,88.02,1.1735,6.82,7.75,0.0,0.0,0.0,0.0,1,1,0,0,0,0,0
PA-1506807-9A3335D085F84F06801161C626569F26,pa,171.33,2.2843,2.54,1.48,0.0,0.0,0.0,0.0,1,1,0,0,0,0,0
PA-1508407-B573291DD5664AF18E4E13B43412AC29,pa,50.97,0.6797,3.14,6.16,0.0,0.0,0.0,0.0,1,1,0,0,0,0,0
PA-1505403-9C40001BBDF9411EA81F7A83D7939711,pa,3.57,0.0649,0.7,19.62,0.0,0.0,0.0,0.0,1,1,0,0,0,0,0
PA-1506807-899182D54CE643C1A3139E1051B03902,pa,15.05,0.2007,3.64,24.18,0.0,0.0,0.0,0.0,0,1,0,0,0,0,0
PA-1508407-4A9D848E7C434DEFB041896A7B821661,pa,989.59,13.1946,0.57,0.06,0.0,0.0,0.0,0.0,1,1,0,0,0,0,0
PA-1508407-CEE18E2CEDE24E3EA79CDC51919FEE9B,pa,39.13,0.5217,8.55,21.85,0.0,0.0,0.0,0.0,0,1,0,0,0,0,0
PA-1506807-EC99C738A6E6445A9B901A8B60A58F0B,pa,135.91,1.8121,1.34,0.99,0.0,0.0,0.0,0.0,1,1,0,0,0,0,0
PA-1505403-AAD42EDE262A405D8DEDC71E6FA2ACE4,pa,12.18,0.2215,7.75,63.62,0.0,0.0,0.0,0.0,0,1,0,0,0,0,0
PA-1506807-643E29F5CF6947F2A6729A317F8133CC,pa,0.99,0.0132,0.51,51.62,0.0,0.0,0.0,0.0,0,1,0,0,0,0,0
PA-1508407-D534FFC3D2AB4236B4C0B3007B085880,pa,24.65,0.3287,5.42,21.98,0.0,0.0,0.0,0.0,0,1,0,0,0,0,0
PA-1506807-642040DDC9234AC882662C9DE2DCED3F,pa,0.41,0.0055,0.12,29.32,0.0,0.0,0.0,0.0,0,1,0,0,0,0,0
PA-1508357-99490AACC2C840F690F31D74952EC7B3,pa,49.49,0.6599,37.51,75.79,0.0,0.0,0.0,0.0,0,1,0,0,0,0,0
PA-1508407-10672B357F0D408CA4DB1F250683CE15,pa,23.06,0.3074,0.09,0.39,0.0,0.0,0.0,0.0,1,1,0,0,0,0,0
PA-1508407-90CA0E7251394603A36E66E06445E46E,pa,26.68,0.3558,0.0,0.0,0.0,0.0,0.0,0.0,2,1,0,0,0,0,0
PA-1506906-FA09221AAC504F9AA02FC2D2B96F5EAD,pa,2.91,0.0529,2.12,72.88,0.0,0.0,0.0,0.0,0,1,0,0,0,0,0
PA-1508357-8E466CD7823443A1BF6CF605D443541F,pa,248.64,3.3152,10.93,4.4,0.0,0.0,0.0,0.0,1,1,0,0,0,0,0
PA-1508357-223F3C2D38A44914B1DDEF88325E798E,pa,230.68,3.0758,108.78,47.16,0.0,0.0,0.0,0.0,0,1,0,0,0,0,0
PA-1506807-66CAF5A7C7FC48918B9BFA85E6EC224D,pa,0.51,0.0068,0.51,100.65,0.0,0.0,0.0,0.0,0,1,0,0,0,0,0
PA-1508357-CB1A95AA6E8A4604BD8926E8DD037133,pa,5.13,0.0684,5.01,97.6,0.0,0.0,0.0,0.0,0,1,0,0,0,0,0
PA-1508407-BA2E0F4310AE419C89A2E6BD8CECBE57,pa,26.22,0.3496,1.07,4.08,0.0,0.0,0.0,0.0,1,1,0,0,0,0,0
PA-1506807-53A5F497BB40400FAA1FE2BB7CDCCA34,pa,17.18,0.2291,4.64,27.0,0.0,0.0,0.0,0.0,0,1,0,0,0,0,0
PA-1508357-CF1849A388274C9C93A9A579143F87A4,pa,113.54,1.5138,52.69,46.41,0.0,0.0,0.0,0.0,0,1,0,0,0,0,0
PA-1506807-032189DECD8C47B98E3CFF8F169A2992,pa,24.52,0.3269,20.02,81.66,0.0,0.0,0.0,0.0,0,1,0,0,0,0,0
PA-1508357-FF1860AE351846A0B50C243F1183D357,pa,123.06,1.6408,10.14,8.24,0.0,0.0,0.0,0.0,1,1,0,0,0,0,0
PA-1508407-1638C401698C46FDAC22E65A5A2EDE60,pa,56.44,0.7526,0.09,0.16,0.0,0.0,0.0,0.0,1,1,0,0,0,0,0
PA-1506906-8E7D243C2A724173B3027508B11166EA,pa,0.63,0.0114,0.0,0.0,0.0,0.0,0.0,0.0,2,1,0,0,0,0,0
PA-1508357-57678F26E6E341A9B6694E2A63F8D7BB,pa,98.45,1.3127,31.34,31.83,0.0,0.0,0.0,0.0,0,1,0,0,0,0,0
PA-1508407-298C2E948A624DD98FAE291C1663A347,pa,106.97,1.4262,0.43,0.4,0.0,0.0,0.0,0.0,1,1,0,0,0,0,0
PA-1508407-DCF33AD449DF420BA78EBD45E5F1D89D,pa,278.09,3.7079,5.59,2.01,0.0,0.0,0.0,0.0,1,1,0,0,0,0,0
PA-1508407-7105633C7E194756824066B6ECAB954B,pa,13.67,0.1822,0.05,0.37,0.0,0.0,0.0,0.0,1,1,0,0,0,0,0
PA-1508357-E10DCEB535C54EC0B8A7BF1AAD0F01E4,pa,90.05,1.2007,11.22,12.46,0.0,0.0,0.0,0.0,1,1,0,0,0,0,0
PA-1508357-1275FB749A47402D9A878355E1CF9E26,pa,88.49,1.1799,41.83,47.27,0.0,0.0,0.0,0.0,0,1,0,0,0,0,0
PA-1506807-321413D8AE4A4B31B173387B6FF91358,pa,10.9,0.1453,1.88,17.25,0.0,0.0,0.0,0.0,1,1,0,0,0,0,0
PA-1500859-085ACDDC26454E6EA4394D291460238C,pa,185.45,2.6492,72.77,39.24,0.0,0.0,0.0,0.0,0,1,0,0,0,0,0
PA-1506807-DF0A3DE95BE54BBC844D40F2E0FD1F88,pa,441.09,5.8812,2.51,0.57,0.0,0.0,0.0,0.0,1,1,0,0,0,0,0
PA-1508407-166E6509ED164688B0E7A7B113FA622E,pa,278.75,3.7167,97.97,35.15,0.0,0.0,0.0,0.0,0,1,0,0,0,0,0
PA-1506807-E7CB4E2FA87E4FA6BA2F869D7F3B05A7,pa,4.22,0.0563,2.88,68.26,0.0,0.0,0.0,0.0,0,1,0,0,0,0,0
PA-1506807-14706F2515DE47EB8CEF9CB3E646A57E,pa,1603.08,21.3744,25.74,1.61,0.0,0.0,0.0,0.0,1,1,0,0,0,0,0
PA-1505403-949F89245DF94FF190DDC44C28DB5E2D,pa,187.73,3.4133,83.63,44.55,0.0,0.0,0.0,0.0,0,1,0,0,0,0,0
PA-1500859-12A4C6D9E8FA4A68A5854FA45A8AA599,pa,19.37,0.2767,8.19,42.28,0.0,0.0,0.0,0.0,0,1,0,0,0,0,0
PA-1508357-DEF6017C05ED41B7BA5E332665E80570,pa,56.68,0.7558,34.82,61.43,0.0,0.0,0.0,0.0,0,1,0,0,0,0,0
PA-1506807-9C56EDF4A3C342DAB955B7F207B01692,pa,24.21,0.3228,5.86,24.2,0.0,0.0,0.0,0.0,0,1,0,0,0,0,0
PA-1508407-51FDB209D4E64FB7B182EE5638C91095,pa,73.28,0.9771,3.37,4.6,0.0,0.0,0.0,0.0,1,1,0,0,0,0,0
PA-1505403-94A43F851D66471BA0C816433FCBA0C7,pa,4.04,0.0735,0.69,17.08,0.0,0.0,0.0,0.0,1,1,0,0,0,0,0
PA-1506807-C0AB0F223A4B4139938B98C547DB6F15,pa,1.1,0.0147,0.18,16.37,0.0,0.0,0.0,0.0,1,1,0,0,0,0,0
PA-1506807-748042182D114A7FAA922B7CF9F93496,pa,12.62,0.1683,5.88,46.59,0.0,0.0,0.0,0.0,0,1,0,0,0,0,0
PA-1506807-E8907A66087347D283BDC37A646D48DE,pa,11.13,0.1484,10.13,91.0,0.0,0.0,0.0,0.0,0,1,0,0,0,0,0
PA-1506807-83C8B14A54194AC89CA72A17B6AA5D96,pa,71.35,0.9514,12.71,17.81,0.0,0.0,0.0,0.0,1,1,0,0,0,0,0
PA-1508407-8F291BF0D6C84F70A26DF03C8B29D0C4,pa,104.2,1.3894,1.58,1.52,0.0,0.0,0.0,0.0,1,1,0,0,0,0,0
PA-1508357-322F594434B54BC29223D8790A5C9F8A,pa,79.42,1.0589,44.93,56.57,0.0,0.0,0.0,0.0,0,1,0,0,0,0,0
PA-1506807-379914C870454AD0A2664031A10664C7,pa,33.99,0.4532,18.9,55.61,0.0,0.0,0.0,0.0,0,1,0,0,0,0,0
PA-1506807-03CF40F6A2044ED7A55F3A3EC146680B,pa,144.31,1.9242,26.42,18.31,0.0,0.0,0.0,0.0,1,1,0,0,0,0,0
PA-1506807-DA35B80782F74C4CA8B0DE735027FA38,pa,44.3,0.5907,9.62,21.71,0.0,0.0,0.0,0.0,0,1,0,0,0,0,0
PA-1506807-A794F408B6E94E74B0A4C07A9BB72417,pa,207.68,2.769,31.5,15.17,0.0,0.0,0.0,0.0,1,1,0,0,0,0,0
PA-1506807-B7E06B36AB43470EBC5C1F5F87480E11,pa,17.62,0.2349,1.49,8.46,0.0,0.0,0.0,0.0,1,1,0,0,0,0,0
PA-1505403-F11052DF3446406F9D29F87FE191CD6B,pa,245.6,4.4655,10.76,4.38,0.0,0.0,0.0,0.0,1,1,0,0,0,0,0
PA-1506807-3E61F286F8CC42699FA494286A920571,pa,35.13,0.4684,25.22,71.8,0.0,0.0,0.0,0.0,0,1,0,0,0,0,0
PA-1506807-FDD5E3593CD04967AF21E86AC5BACD44,pa,0.25,0.0034,0.06,23.55,0.0,0.0,0.0,0.0,0,1,0,0,0,0,0
PA-1508407-E560F65B8E174074BBC02DB3E285302E,pa,271.31,3.6174,59.04,21.76,0.0,0.0,0.0,0.0,0,1,0,0,0,0,0
PA-1508407-5A612EA3AB6A410BA0251D0EB701A063,pa,35.84,0.4779,4.71,13.14,0.0,0.0,0.0,0.0,1,1,0,0,0,0,0
PA-1506807-77276FEC8D074C80A6717328AD74986E,pa,3.51,0.0468,0.0,0.0,0.0,0.0,0.0,0.0,2,1,0,0,0,0,0
PA-1508357-1D971AAF3B3840028BCF79FD7219E1D8,pa,4.47,0.0597,0.98,21.9,0.0,0.0,0.0,0.0,0,1,0,0,0,0,0
PA-1508407-9E0ABA5D97A84EF6BD28F2CA70085BAA,pa,731.69,9.7559,262.43,35.87,0.0,0.0,0.0,0.0,0,1,0,0,0,0,0
PA-1506807-2D015FF3968B4762878B401624059018,pa,3.98,0.0531,0.72,18.07,0.0,0.0,0.0,0.0,1,1,0,0,0,0,0
PA-1508357-70AA1FA570154B5F863C28206B1FAD8B,pa,60.67,0.809,34.98,57.65,0.0,0.0,0.0,0.0,0,1,0,0,0,0,0
PA-1506807-BE4DADA582BA4F049A598D81E77E447C,pa,50.7,0.6759,28.11,55.45,0.0,0.0,0.0,0.0,0,1,0,0,0,0,0
PA-1508357-409ABB0C0FB14833937771633DEDC61B,pa,73.04,0.9739,38.9,53.26,0.0,0.0,0.0,0.0,0,1,0,0,0,0,0
PA-1506807-65625EC88B2343158C52D4CA3C5B07E8,pa,68.04,0.9072,24.94,36.66,0.0,0.0,0.0,0.0,0,1,0,0,0,0,0
PA-1508407-EACE02E8D14140559E2CD9F65C61D58B,pa,51.19,0.6825,0.12,0.23,0.0,0.0,0.0,0.0,1,1,0,0,0,0,0
PA-1506807-323D25F2216E4040BAA2995BDFDD15B9,pa,87.98,1.1731,1.82,2.07,0.0,0.0,0.0,0.0,1,1,0,0,0,0,0
PA-1506807-FA7AAFBB9B524332B5963521092146CE,pa,6.99,0.0932,0.11,1.57,0.0,0.0,0.0,0.0,1,1,0,0,0,0,0
PA-1506807-4AAFA353559540F596598F75492B2CDF,pa,5.86,0.0781,0.0,0.0,0.0,0.0,0.0,0.0,2,1,0,0,0,0,0
PA-1508357-DA9433AF75B24979B576382B5142E639,pa,179.36,2.3915,47.99,26.76,0.0,0.0,0.0,0.0,0,1,0,0,0,0,0
PA-1506807-54128182CD3C45CF8D5D6AD7B0F86A96,pa,142.24,1.8966,42.84,30.12,0.0,0.0,0.0,0.0,0,1,0,0,0,0,0
PA-1508407-C120F073A4B640A8829C33FEE61BF7BA,pa,5.11,0.0682,0.26,5.08,0.0,0.0,0.0,0.0,1,1,0,0,0,0,0
PA-1506807-4181EFC416494CFCA35F2F84DBEB462C,pa,60.5,0.8066,10.19,16.84,0.0,0.0,0.0,0.0,1,1,0,0,0,0,0
PA-1508357-FB979C1D01594F06B8FA256671E7493F,pa,290.28,3.8704,213.51,73.55,0.0,0.0,0.0,0.0,0,1,0,0,0,0,0
PA-1506807-3B3F92D2E29846A7883FD8BC67E16F9B,pa,0.5,0.0066,0.01,2.01,0.0,0.0,0.0,0.0,1,1,0,0,0,0,0
PA-1505403-9A59917D100D449AAB09AB4E1F6AFEF6,pa,10.24,0.1861,7.44,72.68,0.0,0.0,0.0,0.0,0,1,0,0,0,0,0
PA-1508407-8973C1201DBB4433B3D039E1AC877C4E,pa,59.75,0.7967,19.81,33.15,0.0,0.0,0.0,0.0,0,1,0,0,0,0,0
PA-1505403-10F50CD7CF424FB3A3653717AA93E0E7,pa,7.49,0.1361,0.0,0.0,0.0,0.0,0.0,0.0,2,1,0,0,0,0,0
PA-1508407-C8A66174FB384C9BB095A55A6A0996C8,pa,37.86,0.5048,34.92,92.23,0.0,0.0,0.0,0.0,0,1,0,0,0,0,0
PA-1506807-697B94EE32784E65B076020D444F603A,pa,74.09,0.9878,20.61,27.82,0.0,0.0,0.0,0.0,0,1,0,0,0,0,0
PA-1506906-64A68A83CF5742C8AA1BD977ACBF7EA7,pa,8.03,0.1461,0.28,3.49,0.0,0.0,0.0,0.0,1,1,0,0,0,0,0
PA-1508357-4A6070AF987D49068392E9C4D433E040,pa,0.15,0.002,0.15,100.54,0.0,0.0,0.0,0.0,0,1,0,0,0,0,0
PA-1506807-DB230C06085344F7BCCD4D01F7761F7F,pa,116.08,1.5478,2.07,1.78,0.0,0.0,0.0,0.0,1,1,0,0,0,0,0
PA-1506807-DB89D8EA9A81415880B1BFF095091D0F,pa,1.83,0.0244,1.41,76.91,0.0,0.0,0.0,0.0,0,1,0,0,0,0,0
PA-1508407-DB19E833A093449C8EC0AA95A04AD04B,pa,49.7,0.6626,10.36,20.85,0.0,0.0,0.0,0.0,0,1,0,0,0,0,0
PA-1508357-5EA349F178724220A2BF765DCC14E9E1,pa,143.61,1.9148,77.19,53.75,0.0,0.0,0.0,0.0,0,1,0,0,0,0,0
PA-1506807-4775819E8353415CBFB306EB5B406BA4,pa,3.1,0.0413,1.47,47.44,0.0,0.0,0.0,0.0,0,1,0,0,0,0,0
PA-1508357-6B49A3631F6040E9AFB56995ACE7EB9A,pa,134.69,1.7958,29.7,22.05,0.0,0.0,0.0,0.0,0,1,0,0,0,0,0
PA-1500859-0A3501152C2A4BFC928F1552948E0FBD,pa,86.91,1.2416,48.02,55.25,0.0,0.0,0.0,0.0,0,1,0,0,0,0,0
PA-1505403-FC8B341AD4334C7192A64D8C411EF2F8,pa,670.32,12.1877,340.88,50.85,0.0,0.0,0.0,0.0,0,1,0,0,0,0,0
PA-1500859-0675D43A95B64B39AE090962C8CFF540,pa,90.09,1.287,27.78,30.84,0.0,0.0,0.0,0.0,0,1,0,0,0,0,0
PA-1508357-1ADC5EE081214E569BF873BA7640E243,pa,38.67,0.5155,13.46,34.81,0.0,0.0,0.0,0.0,0,1,0,0,0,0,0
PA-1508407-B98A64A8AE92478C99DCD5A8AD7B87F9,pa,19.91,0.2654,11.31,56.82,0.0,0.0,0.0,0.0,0,1,0,0,0,0,0
PA-1508357-CB02CBE73698455FA2AADE147055B05D,pa,5.09,0.0679,2.47,48.5,0.0,0.0,0.0,0.0,0,1,0,0,0,0,0
PA-1506807-826FB6F858394183B7D07347A1A17945,pa,9.73,0.1298,1.77,18.18,0.0,0.0,0.0,0.0,1,1,0,0,0,0,0
PA-1505403-110B5A9631F5489AACD45AF0C6B9BD45,pa,69.02,1.2549,42.24,61.2,0.0,0.0,0.0,0.0,0,1,0,0,0,0,0
PA-1508407-14765A01B17544BFA196BA53308558E8,pa,69.57,0.9276,46.65,67.05,0.0,0.0,0.0,0.0,0,1,0,0,0,0,0
PA-1508407-39BCB2A6E30B4CE08872DEB717C336D4,pa,67.84,0.9045,0.11,0.16,0.0,0.0,0.0,0.0,1,1,0,0,0,0,0
PA-1508407-5DA3B2AA31364CCF9822764F8887E402,pa,34.32,0.4575,0.0,0.0,0.0,0.0,0.0,0.0,2,1,0,0,0,0,0
PA-1506807-C888173F5B5F4274AFB6D735CF2985D8,pa,129.92,1.7323,2.3,1.77,0.0,0.0,0.0,0.0,1,1,0,0,0,0,0
PA-1506807-326C6EEEAA204804804296950C337E0E,pa,19.05,0.254,6.47,33.96,0.0,0.0,0.0,0.0,0,1,0,0,0,0,0
PA-1506807-6230410C58064F74A63EA27541FA6B76,pa,7.93,0.1057,7.12,89.81,0.0,0.0,0.0,0.0,0,1,0,0,0,0,0
PA-1508407-17DA52B1844540D09A0353EB2D2DE30B,pa,33.88,0.4517,1.44,4.25,0.0,0.0,0.0,0.0,1,1,0,0,0,0,0
PA-1508407-0CB9F13F6B114E709179C02807069B6B,pa,54.31,0.7241,6.44,11.86,0.0,0.0,0.0,0.0,1,1,0,0,0,0,0
PA-1506807-4AFF0476E3FC4928973A30F62F239A0B,pa,45.92,0.6122,3.54,7.71,0.0,0.0,0.0,0.0,1,1,0,0,0,0,0
PA-1506807-1E3333D2D5FB46BAA2B949A59A4262EC,pa,45.72,0.6096,4.01,8.77,0.0,0.0,0.0,0.0,1,1,0,0,0,0,0
PA-1508357-A6575D853A374F4B8DCB09B26BDF5A6A,pa,405.35,5.4047,226.64,55.91,0.0,0.0,0.0,0.0,0,1,0,0,0,0,0
PA-1508407-158DB8406FFA4718A06E65C8BE43A019,pa,39.89,0.5319,6.61,16.57,0.0,0.0,0.0,0.0,1,1,0,0,0,0,0
PA-1508357-EF764B63C37C452E93FAE6F4F30DE2DE,pa,94.66,1.2621,13.37,14.12,0.0,0.0,0.0,0.0,1,1,0,0,0,0,0
PA-1506807-F0E7A397AAC4437DBF2FC3ECBD53A290,pa,4.44,0.0592,1.51,34.0,0.0,0.0,0.0,0.0,0,1,0,0,0,0,0
PA-1505403-8A2F2E1A281B44819B181D0743A4B722,pa,14.95,0.2719,11.58,77.44,0.0,0.0,0.0,0.0,0,1,0,0,0,0,0
PA-1506807-67BB3310D3884C48BAA681F3809760C1,pa,21.34,0.2846,15.58,73.0,0.0,0.0,0.0,0.0,0,1,0,0,0,0,0
PA-1506807-A7D3CBC434A441068C3FE354A49C6BDF,pa,394.5,5.2601,166.93,42.31,0.0,0.0,0.0,0.0,0,1,0,0,0,0,0
PA-1508357-5807F1941F1345D69B62A5AF557DD454,pa,0.28,0.0038,0.0,0.0,0.0,0.0,0.0,0.0,2,1,0,0,0,0,0
PA-1508357-21B97163E9294C9687090BF83D572BE1,pa,610.39,8.1386,193.79,31.75,0.0,0.0,0.0,0.0,0,1,0,0,0,0,0
PA-1506807-01E9C424B1214E0E8F259B2DBD5CA85B,pa,44.77,0.5969,42.44,94.8,0.0,0.0,0.0,0.0,0,1,0,0,0,0,0
PA-1506807-7D42AC5848BD45EE8615DF140E48DA63,pa,18.28,0.2437,2.4,13.13,0.0,0.0,0.0,0.0,1,1,0,0,0,0,0
PA-1506807-901007A71B7D4919BC839A904B0978B3,pa,2.7,0.036,0.9,33.34,0.0,0.0,0.0,0.0,0,1,0,0,0,0,0
PA-1506807-C22B66ADC576479ABAA75D67F3238F07,pa,50.04,0.6673,20.32,40.6,0.0,0.0,0.0,0.0,0,1,0,0,0,0,0
PA-1508407-32C4EBF355EE4269813C7DDC01207B26,pa,151.05,2.014,27.04,17.9,0.0,0.0,0.0,0.0,1,1,0,0,0,0,0
PA-1508407-9FE9CF3AC8E74FB5BC8E6D5A226B5E15,pa,52.17,0.6956,11.93,22.87,0.0,0.0,0.0,0.0,0,1,0,0,0,0,0
PA-1506807-22A264B923A445FA853646185171F675,pa,6.71,0.0895,0.01,0.15,0.0,0.0,0.0,0.0,1,1,0,0,0,0,0
PA-1508357-20DF367F239F4C1CBBD2740FC7B2D14A,pa,147.79,1.9706,35.3,23.88,0.0,0.0,0.0,0.0,0,1,0,0,0,0,0
PA-1505403-E35EED310EA74F9C945A5E74B84D72D1,pa,8.71,0.1584,6.01,68.98,0.0,0.0,0.0,0.0,0,1,0,0,0,0,0
PA-1508407-7FE9824421D748BA857FCD4EBAABFAD0,pa,81.64,1.0886,5.33,6.53,0.0,0.0,0.0,0.0,1,1,0,0,0,0,0
PA-1506807-8AD1170F077C405BA765607AE2DB3E79,pa,21.79,0.2905,10.11,46.4,0.0,0.0,0.0,0.0,0,1,0,0,0,0,0
PA-1506807-458D9E7B16A3480F915DBF5CC7242D5C,pa,298.97,3.9862,42.81,14.32,0.0,0.0,0.0,0.0,1,1,0,0,0,0,0
PA-1508357-3B0868918A2A430A846C9EBF93C49EB6,pa,473.92,6.3189,76.57,16.16,0.0,0.0,0.0,0.0,1,1,0,0,0,0,0
PA-1508407-D3163A5383FF46D883158266FDC73B47,pa,263.19,3.5093,20.64,7.84,0.0,0.0,0.0,0.0,1,1,0,0,0,0,0
PA-1506906-BA9D1F0A77FB4C0BAED4769C2796EEDD,pa,2.94,0.0534,0.15,5.11,0.0,0.0,0.0,0.0,1,1,0,0,0,0,0
PA-1505403-FDDBD5138C684B619D4CA85E47DDFFC5,pa,7.37,0.134,5.52,74.91,0.0,0.0,0.0,0.0,0,1,0,0,0,0,0
PA-1508407-81596770738F4D40AC7C07C782BC57F2,pa,2892.85,38.5714,476.6,16.48,0.0,0.0,0.0,0.0,1,1,0,0,0,0,0
PA-1508357-04570BA2DEE24BBB8AB28153AA0A351C,pa,91.36,1.2182,52.52,57.48,0.0,0.0,0.0,0.0,0,1,0,0,0,0,0
PA-1508357-618225E95BDB4E93BBC16DAE3F5D47B5,pa,2219.19,29.6947,541.22,24.39,0.0,0.0,0.0,0.0,0,1,0,0,0,0,0
PA-1506807-C0A4F4B3C98140E5A1069AA3F9970BD5,pa,90.83,1.211,0.0,0.0,0.0,0.0,0.0,0.0,2,1,0,0,0,0,0
PA-1500859-144AB81C9B0045EE9F0F2C4E673521F6,pa,73.13,1.0447,48.81,66.74,0.0,0.0,0.0,0.0,0,1,0,0,0,0,0
PA-1508407-08CDCBF2B1694BF980593A242D7AFCD0,pa,40.24,0.5365,13.44,33.4,0.0,0.0,0.0,0.0,0,1,0,0,0,0,0
PA-1506807-6619F94A367E42F4BAB7B777E0943391,pa,409.67,5.4622,25.77,6.29,0.0,0.0,0.0,0.0,1,1,0,0,0,0,0
PA-1508357-3D8E4A1BB0FA4E8D9799A6EFAA4ABEF3,pa,98.88,1.3184,30.16,30.5,0.0,0.0,0.0,0.0,0,1,0,0,0,0,0
PA-1505403-09D1D0364AD148F49312EC7A4A2D9626,pa,14.37,0.2613,4.13,28.74,0.0,0.0,0.0,0.0,0,1,0,0,0,0,0
PA-1506807-D352D29A80324F189022EC272FFD2801,pa,71846.13,2.0558,34963.35,48.66,0.0,0.0,0.0,0.0,0,1,0,0,0,0,0
PA-1506807-E1D48B37D59142F197D99D2645A620B6,pa,91.91,1.2255,11.4,12.4,0.0,0.0,0.0,0.0,1,1,0,0,0,0,0
PA-1505403-D0DD9FC4C9C848B690B390630304EB86,pa,3.38,0.0615,0.55,16.26,0.0,0.0,0.0,0.0,1,1,0,0,0,0,0
PA-1508357-01F7421BF0184EEC93DCBC541A511C08,pa,2.99,0.0398,2.79,93.4,0.0,0.0,0.0,0.0,0,1,0,0,0,0,0
PA-1508407-9C1244C195B3476CA4D27A736295914E,pa,81.82,1.0909,6.29,7.69,0.0,0.0,0.0,0.0,1,1,0,0,0,0,0
PA-1508357-2AC3C621F8CC4D4BB00901954A1A6EA2,pa,183.52,2.447,123.66,67.38,0.0,0.0,0.0,0.0,0,1,0,0,0,0,0
PA-1508407-C81681E416E8470EA54D262548CED9D3,pa,103.48,1.3798,1.51,1.46,0.0,0.0,0.0,0.0,1,1,0,0,0,0,0
PA-1508407-2702E5E727494CB98318ED7E15F861A7,pa,27.26,0.3634,3.19,11.7,0.0,0.0,0.0,0.0,1,1,0,0,0,0,0
PA-1508357-38A6473B0371467EA9A1E129D3EE7D54,pa,51.94,0.6926,12.89,24.81,0.0,0.0,0.0,0.0,0,1,0,0,0,0,0
PA-1506807-65E1CB33226E4335A393C9F03DC279F0,pa,2.14,0.0286,0.47,21.94,0.0,0.0,0.0,0.0,0,1,0,0,0,0,0
PA-1508407-E4F897CDE10F41D18DC15FFF0286C5DB,pa,68.87,0.9183,41.29,59.95,0.0,0.0,0.0,0.0,0,1,0,0,0,0,0
PA-1508407-841F4A25043741C68BF026B919B4BBB0,pa,11.49,0.1532,5.05,43.95,0.0,0.0,0.0,0.0,0,1,0,0,0,0,0
PA-1506807-EC5EEC3C4FE5459483B9964A41FFC07A,pa,13.76,0.1835,1.96,14.24,0.0,0.0,0.0,0.0,1,1,0,0,0,0,0
PA-1500859-11F49C626FB844BFA44C9977E29DDACA,pa,112.78,1.6112,37.75,33.47,0.0,0.0,0.0,0.0,0,1,0,0,0,0,0
PA-1508407-D92FFD256B9A439E92D844E47D0BD896,pa,4.58,0.061,0.53,11.58,0.0,0.0,0.0,0.0,1,1,0,0,0,0,0
PA-1508357-A294F8064DA840DE8BC94C0945EF9D7E,pa,177.55,2.3674,133.84,75.38,0.0,0.0,0.0,0.0,0,1,0,0,0,0,0
PA-1506807-EC7F977C0A09419494B16DC9620861B6,pa,97.11,1.2948,24.8,25.54,0.0,0.0,0.0,0.0,0,1,0,0,0,0,0
PA-1508407-027959FA82CF49E9927F4EAB404B5FD9,pa,75.69,1.0092,34.23,45.22,0.0,0.0,0.0,0.0,0,1,0,0,0,0,0
PA-1506807-BED1C730E6604582A372175E90CE6B54,pa,58.01,0.7758,40.39,69.63,0.0,0.0,0.0,0.0,0,1,0,0,0,0,0
PA-1506807-BDBD7F052F84429BA1DAEAAF31742BCE,pa,4.32,0.0577,1.72,39.77,0.0,0.0,0.0,0.0,0,1,0,0,0,0,0
PA-1508357-3FFBA517287540339F91EF7D864D9FC7,pa,45.88,0.6117,19.68,42.89,0.0,0.0,0.0,0.0,0,1,0,0,0,0,0
PA-1506807-448D4E8B536B4900AA39A360674D6CEA,pa,26.4,0.352,0.0,0.0,0.0,0.0,0.0,0.0,2,1,0,0,0,0,0
PA-1506807-51CC436751C54AD296242D59C2531796,pa,54.99,0.7332,38.62,70.23,0.0,0.0,0.0,0.0,0,1,0,0,0,0,0
PA-1508357-5E0644307AC14667A2BD6E3CA6C67901,pa,76.22,1.0162,39.85,52.29,0.0,0.0,0.0,0.0,0,1,0,0,0,0,0
PA-1506807-CAC601E41DFA4E45B13E16C1CAC4B01C,pa,69.69,0.9293,22.64,32.48,0.0,0.0,0.0,0.0,0,1,0,0,0,0,0
PA-1508357-E4FEDB9C0766437E8D638386BBAD1706,pa,97.44,1.2992,0.23,0.24,0.0,0.0,0.0,0.0,1,1,0,0,0,0,0
PA-1508407-4434BAA603434A1183743F203BBBF4F3,pa,27.38,0.365,13.33,48.69,0.0,0.0,0.0,0.0,0,1,0,0,0,0,0
PA-1506807-6430123EB22E48B0BEBF62810F134003,pa,1.91,0.0255,0.08,4.18,0.0,0.0,0.0,0.0,1,1,0,0,0,0,0
PA-1508407-6E9D06C8C32B400C8FF4CB0F28DEE26A,pa,90.75,1.21,7.7,8.48,0.0,0.0,0.0,0.0,1,1,0,0,0,0,0
PA-1508357-1F4BE9F8A7F047F890F355100E072764,pa,0.25,0.0033,0.15,60.19,0.0,0.0,0.0,0.0,0,1,0,0,0,0,0
PA-1505403-8DDF5B09EAF3484A86E93E1E356ACD4C,pa,0.41,0.0075,0.37,90.16,0.0,0.0,0.0,0.0,0,1,0,0,0,0,0
PA-1506807-3A1769C01A1E4C86924F3666068CF972,pa,1222.96,16.3062,404.51,33.08,0.0,0.0,0.0,0.0,0,1,0,0,0,0,0
PA-1508407-12ADBA3E3809420DA3A24F8C5BAB1AC1,pa,47.44,0.6325,2.4,5.06,0.0,0.0,0.0,0.0,1,1,0,0,0,0,0
PA-1506807-918A20B1F4EC461A891BCF97879E6D47,pa,54.95,0.7327,16.05,29.21,0.0,0.0,0.0,0.0,0,1,0,0,0,0,0
PA-1506807-D12F936323A942B18FBE70E298863F5A,pa,2.23,0.0298,0.16,7.17,0.0,0.0,0.0,0.0,1,1,0,0,0,0,0
PA-1506807-89A3E30FD0044B39850F59DF75A84C0D,pa,1.6,0.0213,0.93,58.16,0.0,0.0,0.0,0.0,0,1,0,0,0,0,0
PA-1508407-8DA84BAAEDBE40659059968EDC8FFE9E,pa,22.35,0.2981,19.68,88.03,0.0,0.0,0.0,0.0,0,1,0,0,0,0,0
PA-1506807-19F841BCA4B44D6D8A63F9068D4B47EC,pa,22.14,0.2952,8.97,40.51,0.0,0.0,0.0,0.0,0,1,0,0,0,0,0
PA-1506807-8A4FE00C0EDB43C39420289EFE86F111,pa,29.77,0.3969,12.59,42.29,0.0,0.0,0.0,0.0,0,1,0,0,0,0,0
PA-1508357-A5E47788A1554CCF8E69F043F4A7FC82,pa,0.46,0.0061,0.46,99.85,0.0,0.0,0.0,0.0,0,1,0,0,0,0,0
PA-1508407-8E71C2CB0298487FADE7EAF016CAF190,pa,47.15,0.6286,0.26,0.55,0.0,0.0,0.0,0.0,1,1,0,0,0,0,0
PA-1508357-73CF66550640478F828A883CA964B5D1,pa,3.5,0.0466,0.43,12.29,0.0,0.0,0.0,0.0,1,1,0,0,0,0,0
PA-1506807-BE52A7F59F31476E9028348F03F6ECA5,pa,46.03,0.6137,10.5,22.81,0.0,0.0,0.0,0.0,0,1,0,0,0,0,0
PA-1508357-BA9AECB18780404292985E0F03728C35,pa,98.04,1.3072,38.31,39.07,0.0,0.0,0.0,0.0,0,1,0,0,0,0,0
PA-1508407-9D42FC07BAFC445C9FD6A29A28893679,pa,72.81,0.9709,30.93,42.48,0.0,0.0,0.0,0.0,0,1,0,0,0,0,0
PA-1506807-A1387438C7794245B690A0DD1A80E5D1,pa,201.07,2.6809,10.56,5.25,0.0,0.0,0.0,0.0,1,1,0,0,0,0,0
PA-1505403-FC849324224741CBBFB37E3B75B5174F,pa,1.63,0.0297,0.33,20.23,0.0,0.0,0.0,0.0,0,1,0,0,0,0,0
PA-1508357-5256872E699E43BCB5D584E28E6B1F44,pa,40.67,0.5423,15.26,37.52,0.0,0.0,0.0,0.0,0,1,0,0,0,0,0
PA-1506807-30EC8F2D72EF4055BA61297C6E172C0C,pa,41.26,0.5501,22.21,53.83,0.0,0.0,0.0,0.0,0,1,0,0,0,0,0
PA-1506807-1A3A6ADEA34840BF816C9AE4943081E3,pa,50.86,0.6782,12.03,23.65,0.0,0.0,0.0,0.0,0,1,0,0,0,0,0
PA-1505403-32D81B325D0A48D69CB565ADDC776EFA,pa,5.63,0.1024,1.63,28.94,0.0,0.0,0.0,0.0,0,1,0,0,0,0,0
PA-1508407-23FE0E231FBE40118556DFC130E2CA45,pa,63.04,0.8405,12.82,20.34,0.0,0.0,0.0,0.0,0,1,0,0,0,0,0
PA-1508357-78BF5E54395845B882FB590EB4F0F4A9,pa,9.24,0.1232,8.16,88.28,0.0,0.0,0.0,0.0,0,1,0,0,0,0,0
PA-1506807-0F9BDC340BC041C4A736675B228D0B66,pa,235.11,3.1348,209.6,89.15,0.0,0.0,0.0,0.0,0,1,0,0,0,0,0
PA-1506807-18588398097C45CFB8AA2D3CB38D4189,pa,53.21,0.7095,0.0,0.0,0.0,0.0,0.0,0.0,2,1,0,0,0,0,0
PA-1506906-F1D072FD2732456CBB7B681430DA7D7F,pa,103.56,1.883,62.45,60.3,0.0,0.0,0.0,0.0,0,1,0,0,0,0,0
PA-1508357-F4B493537A354529B3B355B18F61FB64,pa,9.83,0.1311,2.56,26.04,0.0,0.0,0.0,0.0,0,1,0,0,0,0,0
PA-1506807-4291F4480BA641CEAC73B53F4AE72C3C,pa,1484.16,19.7888,0.62,0.04,0.0,0.0,0.0,0.0,1,1,0,0,0,0,0
PA-1508407-8E90165552C94BDBB484DF217D627F61,pa,33.07,0.4409,27.12,82.01,0.0,0.0,0.0,0.0,0,1,0,0,0,0,0
PA-1506807-1C825DE90D9140B39EF0FE8B8E196B10,pa,39.06,0.5209,1.11,2.84,0.0,0.0,0.0,0.0,1,1,0,0,0,0,0
PA-1508357-B5C24805932246909389145225ACF8A4,pa,1.57,0.021,1.42,90.34,0.0,0.0,0.0,0.0,0,1,0,0,0,0,0
PA-1508407-BA953878C1F44E4FA0BDB92AD45218D4,pa,42.61,0.5681,28.21,66.21,0.0,0.0,0.0,0.0,0,1,0,0,0,0,0
PA-1506807-D8268C76998C403AA514AD4988B16BC3,pa,22.96,0.3062,3.7,16.11,0.0,0.0,0.0,0.0,1,1,0,0,0,0,0
PA-1506807-15C65EE0DD9741C7B227215F3D608586,pa,23.48,0.313,0.78,3.32,0.0,0.0,0.0,0.0,1,1,0,0,0,0,0
PA-1506807-16CFA062FA2A43AEA4F111E579B9E0DB,pa,464.12,6.1883,0.98,0.21,0.0,0.0,0.0,0.0,1,1,0,0,0,0,0
PA-1506807-6052BF5C43814BF585AF5511273AD847,pa,228.12,3.0416,14.51,6.36,0.0,0.0,0.0,0.0,1,1,0,0,0,0,0
PA-1505403-687DC554618F4EB3B1AD4286D9B265EB,pa,2.77,0.0503,0.0,0.0,0.0,0.0,0.0,0.0,2,1,0,0,0,0,0
PA-1506807-9262E7F7FB6747FD8E33476EFD3BB9FF,pa,68.95,0.9194,20.74,30.08,0.0,0.0,0.0,0.0,0,1,0,0,0,0,0
PA-1506807-03EE7A4042A34745B9D5284F4C0E582E,pa,75.66,1.0087,17.38,22.97,0.0,0.0,0.0,0.0,0,1,0,0,0,0,0
PA-1506807-9CA8155E7FC648909161BD11118BD410,pa,0.51,0.0068,0.0,0.0,0.0,0.0,0.0,0.0,2,1,0,0,0,0,0
PA-1508407-43C1988485344C79B958E5B9BA0EBB81,pa,18.45,0.2459,0.0,0.0,0.0,0.0,0.0,0.0,2,1,0,0,0,0,0
PA-1506807-48BBF8487806469EB99962A12F787F4E,pa,0.5,0.0067,0.24,47.67,0.0,0.0,0.0,0.0,0,1,0,0,0,0,0
PA-1508357-838787A260B7488E8C76D4CE15D08A81,pa,221.09,2.9479,15.72,7.11,0.0,0.0,0.0,0.0,1,1,0,0,0,0,0
PA-1506906-156B4D6A84B1427DA91BE4F7B9867DCB,pa,55.39,1.0071,13.12,23.69,0.0,0.0,0.0,0.0,0,1,0,0,0,0,0
PA-1506807-4C7EAD02649146FEA0664CE75082C5D7,pa,64.4,0.8587,37.43,58.12,0.0,0.0,0.0,0.0,0,1,0,0,0,0,0
PA-1506807-6DF5BDFA5D5A461BAC516F4007DF5C53,pa,6.12,0.0816,2.94,48.03,0.0,0.0,0.0,0.0,0,1,0,0,0,0,0
PA-1508407-F9193F5FFEC444139EBC544751457A10,pa,55.88,0.7451,3.86,6.91,0.0,0.0,0.0,0.0,1,1,0,0,0,0,0
PA-1508357-27E9479BE25743519CA573A9F1F08EFD,pa,421.21,5.6162,181.63,43.12,0.0,0.0,0.0,0.0,0,1,0,0,0,0,0
PA-1508357-0F09A354C1E24627AD810B1992E884B1,pa,77.87,1.0382,17.53,22.51,0.0,0.0,0.0,0.0,0,1,0,0,0,0,0
PA-1508407-6D558673BC63411B9BB3281F607BE3A5,pa,43.58,0.581,0.09,0.21,0.0,0.0,0.0,0.0,1,1,0,0,0,0,0
PA-1506807-B309802370774C01B0F02CB14F5D2C43,pa,113.33,1.5111,3.38,2.98,0.0,0.0,0.0,0.0,1,1,0,0,0,0,0
PA-1505403-1E16BC3090FF415F8089F3F3C89C8D19,pa,363.31,6.6057,122.82,33.81,0.0,0.0,0.0,0.0,0,1,0,0,0,0,0
PA-1506807-167A87C734AC438680DCE7509C8A4D91,pa,10.1,0.1347,0.4,3.96,0.0,0.0,0.0,0.0,1,1,0,0,0,0,0
PA-1508357-9BAD31FA806F40BE84E8E64DF30BCEF2,pa,1.31,0.0175,1.31,100.08,0.0,0.0,0.0,0.0,0,1,0,0,0,0,0
PA-1506807-758CD59AF56549E29A59FD213D0CF635,pa,63.59,0.8479,24.27,38.17,0.0,0.0,0.0,0.0,0,1,0,0,0,0,0
PA-1508357-E94FAE3E39A342B780C2FA0BB88BE9F9,pa,2.61,0.0349,2.27,86.83,0.0,0.0,0.0,0.0,0,1,0,0,0,0,0
PA-1506807-B40F75FFBFE5433C921CD70E3B95DFF0,pa,25.46,0.3394,14.91,58.57,0.0,0.0,0.0,0.0,0,1,0,0,0,0,0
PA-1506807-87C901EC46674E4A9D377700E8B63720,pa,1.2,0.0159,0.06,5.02,0.0,0.0,0.0,0.0,1,1,0,0,0,0,0
PA-1506807-9308F04FC4474FAD863A3026B1F8A142,pa,6.43,0.0857,0.7,10.89,0.0,0.0,0.0,0.0,1,1,0,0,0,0,0
PA-1508407-A05F0AB9BF10442EBC1B31AFB9B2EEF7,pa,51.64,0.6886,5.63,10.9,0.0,0.0,0.0,0.0,1,1,0,0,0,0,0
PA-1508357-DA9D49178F3B42DB9B489AF538025572,pa,56.49,0.7533,48.7,86.2,0.0,0.0,0.0,0.0,0,1,0,0,0,0,0
PA-1506906-6380E3A25CC54F54874D81CC6AFFD69C,pa,2.07,0.0376,0.41,19.81,0.0,0.0,0.0,0.0,1,1,0,0,0,0,0
PA-1506807-CB89BFA41E2C4E8E8C53C06A22F7289E,pa,1001.31,13.3509,75.44,7.53,0.0,0.0,0.0,0.0,1,1,0,0,0,0,0
PA-1506807-FFB9BC8A30714A66A213EFC79026179F,pa,0.51,0.0068,0.0,0.0,0.0,0.0,0.0,0.0,2,1,0,0,0,0,0
PA-1505403-C60EB2DC6E894093B4609D0F9114C095,pa,311.14,5.6572,142.31,45.74,0.0,0.0,0.0,0.0,0,1,0,0,0,0,0
PA-1506807-8863E696F0194303AD612D144910ACF2,pa,15.07,0.201,0.26,1.73,0.0,0.0,0.0,0.0,1,1,0,0,0,0,0
PA-1508407-7CEC7BCEA0DD4546BCF61819F480C146,pa,88.57,1.181,1.78,2.01,0.0,0.0,0.0,0.0,1,1,0,0,0,0,0
PA-1505403-71B7403B634C4DA8B16F698D4BAE3E15,pa,274.78,4.996,48.97,17.82,0.0,0.0,0.0,0.0,1,1,0,0,0,0,0
PA-1500859-0632AC4FCBD64B51AD35F9AE73495AF0,pa,57.32,0.8188,41.01,71.55,0.0,0.0,0.0,0.0,0,1,0,0,0,0,0
PA-1506807-28C1B76D5C014A44BDD3FD5B0730AEC4,pa,6.38,0.0851,4.35,68.14,0.0,0.0,0.0,0.0,0,1,0,0,0,0,0
PA-1508407-4397F1D355E2404A8B5AE36FFB03F83A,pa,215.09,2.8679,0.37,0.17,0.0,0.0,0.0,0.0,1,1,0,0,0,0,0
PA-1508407-DE88500BA54E49C490C5603074EC4487,pa,40.69,0.5426,1.06,2.6,0.0,0.0,0.0,0.0,1,1,0,0,0,0,0
PA-1508407-39D4A101C9364E9E97752A6697577DA8,pa,96.17,1.2823,41.08,42.72,0.0,0.0,0.0,0.0,0,1,0,0,0,0,0
PA-1506807-96C4FE3A7BB249BE938A7B92264C7EF5,pa,184.86,2.4648,117.8,63.72,0.0,0.0,0.0,0.0,0,1,0,0,0,0,0
PA-1508357-C42A0B63EE7A44CEBEA8ECCD777B5635,pa,51.93,0.6924,8.8,16.95,0.0,0.0,0.0,0.0,1,1,0,0,0,0,0
PA-1505403-23D04815CFE4411EB488440BE255421E,pa,0.64,0.0116,0.01,1.57,0.0,0.0,0.0,0.0,1,1,0,0,0,0,0
PA-1506807-AE16A47A38E44BE2B5FBFA4A05FD9765,pa,41.8,0.5573,39.76,95.12,0.0,0.0,0.0,0.0,0,1,0,0,0,0,0
PA-1506807-8DB26BC8BBA048C3B23BE3FC46AA033C,pa,107.81,1.4374,9.06,8.4,0.0,0.0,0.0,0.0,1,1,0,0,0,0,0
PA-1506807-1F7DA3A34F8645E4AE36D7AE4A6348D0,pa,10.79,0.1439,3.88,35.95,0.0,0.0,0.0,0.0,0,1,0,0,0,0,0
PA-1506807-3BDB70DEFA394B01AB2533D010A7CD4F,pa,1.39,0.0185,0.0,0.0,0.0,0.0,0.0,0.0,2,1,0,0,0,0,0
PA-1506807-EBD0121376B645B29914EF357102F5DB,pa,40.41,0.5388,22.56,55.83,0.0,0.0,0.0,0.0,0,1,0,0,0,0,0
PA-1506906-BB4CBC4CCFD94C7AA155130F78E60ED8,pa,83.89,1.5253,27.28,32.52,0.0,0.0,0.0,0.0,0,1,0,0,0,0,0
PA-1506807-29775E19605D45ACA18A05FE49DC3289,pa,35.74,0.4766,3.72,10.41,0.0,0.0,0.0,0.0,1,1,0,0,0,0,0
PA-1508357-183038FC3843479890898892B1637533,pa,11.05,0.1474,7.75,70.12,0.0,0.0,0.0,0.0,0,1,0,0,0,0,0
PA-1508407-00292AC225884D98B835F037A93EE752,pa,103.87,1.3849,24.8,23.88,0.0,0.0,0.0,0.0,0,1,0,0,0,0,0
PA-1506906-D04C0BC5519A49FF95E6E4C655C4F9D6,pa,1.91,0.0347,1.14,59.77,0.0,0.0,0.0,0.0,0,1,0,0,0,0,0
PA-1508407-FD5063D873C94A9195099F8C7A77FBFE,pa,39.11,0.5214,19.2,49.1,0.0,0.0,0.0,0.0,0,1,0,0,0,0,0
PA-1506807-1CA82FA339D04A8C9741819CCEB58009,pa,124.4,1.6587,0.6,0.48,0.0,0.0,0.0,0.0,1,1,0,0,0,0,0
PA-1506807-63655F725B054911913E1ECD9F7F7E61,pa,25.22,0.3363,11.45,45.4,0.0,0.0,0.0,0.0,0,1,0,0,0,0,0
PA-1505403-0D9B5D505A9648F3B9A453549F01EB19,pa,12.63,0.2296,9.45,74.84,0.0,0.0,0.0,0.0,0,1,0,0,0,0,0
PA-1506807-79676695068C4BF08B57B5373C5DE181,pa,95.68,1.2758,74.17,77.52,0.0,0.0,0.0,0.0,0,1,0,0,0,0,0
PA-1508357-A4AFFEB3B9D5425CBFC5F0E0E2ED7E40,pa,206.49,2.7533,124.36,60.22,0.0,0.0,0.0,0.0,0,1,0,0,0,0,0
PA-1506807-809EA4AA6A264EA08FCEF7253EEBAAEE,pa,40.64,0.5418,0.82,2.02,0.0,0.0,0.0,0.0,1,1,0,0,0,0,0
PA-1508357-83601BC73B12455897854558346F2E3B,pa,0.49,0.0065,0.49,100.18,0.0,0.0,0.0,0.0,0,1,0,0,0,0,0
PA-1506807-2236FC6FEF06470B92BADE048E5FF988,pa,0.61,0.0082,0.18,29.39,0.0,0.0,0.0,0.0,0,1,0,0,0,0,0
PA-1506807-2533D2C7A0C74D9B8CF48BD988F25D58,pa,5.25,0.07,0.82,15.62,0.0,0.0,0.0,0.0,1,1,0,0,0,0,0
PA-1506807-8DFE940E3B9F4683858B0121D82D4E5C,pa,14.12,0.1883,7.53,53.32,0.0,0.0,0.0,0.0,0,1,0,0,0,0,0
PA-1506807-17A5DBD689344DEEA637945A223FBCF6,pa,2305.71,30.7428,1.43,0.06,0.0,0.0,0.0,0.0,1,1,0,0,0,0,0
PA-1506807-8B4EEC6EE6E64DDA8D3A17149F4A9FDD,pa,37.29,0.4972,1.23,3.3,0.0,0.0,0.0,0.0,1,1,0,0,0,0,0
PA-1505403-FEE903AE1A894902B2E7AAAA41740231,pa,24.51,0.4457,10.31,42.06,0.0,0.0,0.0,0.0,0,1,0,0,0,0,0
PA-1508407-BBBAD98E323C47CEA440CC7186805ED6,pa,27.14,0.3619,0.71,2.62,0.0,0.0,0.0,0.0,1,1,0,0,0,0,0
PA-1508357-1EDFDBC8E98E42D9B056DEE2E72928B0,pa,1.13,0.0151,0.87,76.83,0.0,0.0,0.0,0.0,0,1,0,0,0,0,0
PA-1505403-685DBAA3025E4AED935B0F83DA3AF295,pa,10.82,0.1968,2.7,24.95,0.0,0.0,0.0,0.0,0,1,0,0,0,0,0
PA-1508357-F55736E83D874DBF9F4158A9D10E173C,pa,94.29,1.2572,63.82,67.69,0.0,0.0,0.0,0.0,0,1,0,0,0,0,0
PA-1508407-FB700859234240D1BEE805631B87D7BB,pa,91.44,1.2192,0.09,0.1,0.0,0.0,0.0,0.0,1,1,0,0,0,0,0
PA-1508357-E70EC57EA0E64FE8A06846CE9E11D76C,pa,138.5,1.8467,16.59,11.98,0.0,0.0,0.0,0.0,1,1,0,0,0,0,0
PA-1508407-E38036EF42724C85964B245B9910351D,pa,386.43,5.1523,31.14,8.06,0.0,0.0,0.0,0.0,1,1,0,0,0,0,0
PA-1508407-675F3D5D4436456B8AF935456545E4D4,pa,48.98,0.6531,16.17,33.01,0.0,0.0,0.0,0.0,0,1,0,0,0,0,0
PA-1506807-8F1F41EE8BB94249950FF5B30DBAFBD6,pa,11.69,0.1558,2.29,19.6,0.0,0.0,0.0,0.0,1,1,0,0,0,0,0
PA-1506807-C5C5B52344114EB5823037BB5DF2F07F,pa,0.9,0.012,0.0,0.0,0.0,0.0,0.0,0.0,2,1,0,0,0,0,0
PA-1508407-B03ECF20B46F4E5C98C27D9A6D2D77FC,pa,92.27,1.2302,4.62,5.01,0.0,0.0,0.0,0.0,1,1,0,0,0,0,0
PA-1506807-18B6944FBFE14F0B9E07E2FB61D9758C,pa,46.02,0.6137,4.48,9.73,0.0,0.0,0.0,0.0,1,1,0,0,0,0,0
PA-1506807-D051414B167F491B97522F93C884C3C2,pa,34.13,0.455,13.7,40.15,0.0,0.0,0.0,0.0,0,1,0,0,0,0,0
PA-1505403-BFAAE4071E2E40F3B0D58FDC6828C804,pa,7.09,0.129,4.34,61.18,0.0,0.0,0.0,0.0,0,1,0,0,0,0,0
PA-1505403-5872AD90D46A4AC2887F3C70AF2B65E8,pa,5.97,0.1085,5.42,90.83,0.0,0.0,0.0,0.0,0,1,0,0,0,0,0
PA-1506807-B3C894962AEF4A30ADA3FE5BBD1AD04A,pa,0.48,0.0064,0.0,0.0,0.0,0.0,0.0,0.0,2,1,0,0,0,0,0
PA-1506906-73DF2959747C46F3B07CF11A44BF48A0,pa,31.41,0.571,13.04,41.52,0.0,0.0,0.0,0.0,0,1,0,0,0,0,0
PA-1508407-73BE8E38F35C4D6288F1AFCB41783BD6,pa,73.79,0.9839,52.02,70.5,0.0,0.0,0.0,0.0,0,1,0,0,0,0,0
PA-1508407-D0DD17B34A7D4009A6C85CB92A8037AD,pa,40.64,0.5418,13.83,34.03,0.0,0.0,0.0,0.0,0,1,0,0,0,0,0
PA-1508407-851FA4E21E754E1B9EAA233AEA52D3ED,pa,41.77,0.5569,25.34,60.67,0.0,0.0,0.0,0.0,0,1,0,0,0,0,0
PA-1506807-CB46A4A8E8C3484B83A6A518FAEE7A4B,pa,11.88,0.1584,0.12,1.01,0.0,0.0,0.0,0.0,1,1,0,0,0,0,0
PA-1508407-E7A549C90682440EB840AAABE49E653A,pa,33.17,0.4422,0.09,0.27,0.0,0.0,0.0,0.0,1,1,0,0,0,0,0
PA-1506807-BD7EEA2CAF814BABB1E18CC338D09370,pa,28.66,0.3821,25.49,88.94,0.0,0.0,0.0,0.0,0,1,0,0,0,0,0
PA-1506807-982D95592DAF410AA3ED9F43592A91C6,pa,2011.88,26.8251,27.93,1.39,0.0,0.0,0.0,0.0,1,1,0,0,0,0,0
PA-1500859-056AD7707B734A6E8A3BC32877A58819,pa,35.23,0.5032,22.08,62.68,0.0,0.0,0.0,0.0,0,1,0,0,0,0,0
PA-1500859-13D06D0A2267427094C9286305AF96B8,pa,85.85,1.2265,52.89,61.6,0.0,0.0,0.0,0.0,0,1,0,0,0,0,0
PA-1500859-12169E24341E48799A194B9E169437A9,pa,27.52,0.3931,15.05,54.7,0.0,0.0,0.0,0.0,0,1,0,0,0,0,0
PA-1508357-79FE31713A894527817D384CB8B99847,pa,67.72,0.9029,27.33,40.36,0.0,0.0,0.0,0.0,0,1,0,0,0,0,0
PA-1506807-788C00673A0B49B0B302F81F50F64D19,pa,17.37,0.2316,3.23,18.59,0.0,0.0,0.0,0.0,1,1,0,0,0,0,0
PA-1506807-0D3F73CCB7854495A7F8C969A6383900,pa,6.51,0.0868,0.21,3.23,0.0,0.0,0.0,0.0,1,1,0,0,0,0,0
PA-1506807-BA85427638214268A76EF563048FBD9B,pa,1100.16,14.6689,214.09,19.46,0.0,0.0,0.0,0.0,1,1,0,0,0,0,0
PA-1508357-AE4D0022572E46C6B8C2940EDC29AD71,pa,87.82,1.171,14.81,16.86,0.0,0.0,0.0,0.0,1,1,0,0,0,0,0
PA-1506807-2179E445F89644A690F98553CF905033,pa,66.89,0.8919,0.21,0.31,0.0,0.0,0.0,0.0,1,1,0,0,0,0,0
PA-1506807-A5A71EC393EE41F0A9D921D1C4D05F9E,pa,1.53,0.0204,0.0,0.0,0.0,0.0,0.0,0.0,2,1,0,0,0,0,0
PA-1508407-250FF8FFE190448DA3EA1A2856269313,pa,45.3,0.604,0.0,0.0,0.0,0.0,0.0,0.0,2,1,0,0,0,0,0
RS-4314159-01AE6B55844248A0A21EC2AAFF240C82,rs,10.25,0.5693,1.14,11.12,0.0,0.0,0.0,0.0,1,0,0,0,0,1,0
RS-4318499-FB24C28FCC8E4846AF2AE86D9DBDA97D,rs,9.18,0.4589,0.0,0.0,0.0,0.0,0.0,0.0,2,0,0,0,0,1,0
RS-4311908-D10ECEC257E3438C8FD93FE76A91E5AC,rs,13.2,0.66,3.26,24.7,0.0,0.0,0.0,0.0,0,0,0,0,0,1,0
RS-4313334-0831CD135961440D9B31CF19C23180E7,rs,12.5,0.625,0.0,0.0,0.0,0.0,0.0,0.0,2,0,0,0,0,1,0
RS-4318499-C3659B5761A5430B9C24BD12672CE13F,rs,25.0,1.2501,0.08,0.32,0.0,0.0,0.0,0.0,1,0,0,0,0,1,0
RS-4314159-0ED1EBCD2DB34AC2B05805B234B0F4E0,rs,2.27,0.1261,1.77,77.97,0.0,0.0,0.0,0.0,0,0,0,0,0,1,0
RS-4311718-AEBDBD79654D400797D6BD5186CAD062,rs,20.28,1.0138,0.0,0.0,0.0,0.0,0.0,0.0,2,0,0,0,0,1,0
RS-4313334-67E2264878FD46B8A2A8392A33340515,rs,2.87,0.1436,0.0,0.0,0.0,0.0,0.0,0.0,2,0,0,0,0,1,0
RS-4314159-120F505AF67D460DB51E897E460BE39B,rs,1.57,0.0873,0.85,54.11,0.0,0.0,0.0,0.0,0,0,0,0,0,1,0
RS-4311718-89E8CC02B1DD4FC08B2A591ED66E7422,rs,21.49,1.0745,0.0,0.0,0.0,0.0,0.0,0.0,2,0,0,0,0,1,0
RS-4312427-EB2ECD03EFDC46BE9D07546608663B64,rs,4.13,0.2294,0.0,0.0,0.0,0.0,0.0,0.0,2,0,0,0,0,1,0
RS-4314159-CB6B21B82C2846E4BA289E47D0431CDF,rs,5.72,0.3176,0.14,2.45,0.0,0.0,0.0,0.0,1,0,0,0,0,1,0
RS-4313334-C8FAA598148B420EA56669D2556FCFCE,rs,15.94,0.7968,0.0,0.0,0.0,0.0,0.0,0.0,2,0,0,0,0,1,0
RS-4318499-001098BC768D4D53988C3EBFB5F0F3C4,rs,5.05,0.2525,0.0,0.0,0.0,0.0,0.0,0.0,2,0,0,0,0,1,0
RS-4313375-5927248D9A374C02BC098B2C023F523F,rs,16.76,2.3948,0.09,0.54,0.0,0.0,0.0,0.0,1,0,0,0,0,1,0
RS-4311718-B1946A9CAA1B4F8FA77B39EFDF039FD4,rs,619.49,30.9745,2.9,0.47,0.0,0.0,0.0,0.0,1,0,0,0,0,1,0
RS-4315404-B869D323B8E645F39472107A5A93B538,rs,1.66,0.0831,0.0,0.0,0.0,0.0,0.0,0.0,2,0,0,0,0,1,0
RS-4314159-82AF4548B09E484DAE3534146C6B2A0A,rs,15.27,0.8485,5.11,33.46,0.0,0.0,0.0,0.0,0,0,0,0,0,1,0
RS-4313508-4651EC3C0E5F421E847350371BFEC46C,rs,49.92,2.7732,1.31,2.62,0.0,0.0,0.0,0.0,1,0,0,0,0,1,0
RS-4315404-B13D3DA6AE1E44F793AEAF7BCFC5B737,rs,24.56,1.2282,0.16,0.65,0.0,0.0,0.0,0.0,1,0,0,0,0,1,0
RS-4312427-5F57DD7FBCDA497DA279174468D85B5C,rs,17.74,0.9853,0.0,0.0,0.0,0.0,0.0,0.0,2,0,0,0,0,1,0
RS-4318499-ECEEBABCEFC54CB6B397C3F6770CE4D7,rs,4.35,0.2173,0.1,2.3,0.0,0.0,0.0,0.0,1,0,0,0,0,1,0
RS-4315404-56A294CE11EE4B3482088C862077C1DE,rs,9.61,0.4803,0.76,7.91,0.0,0.0,0.0,0.0,1,0,0,0,0,1,0
RS-4313334-31167EB6938849648F66BA0881D0A95D,rs,3.37,0.1685,0.0,0.0,0.0,0.0,0.0,0.0,2,0,0,0,0,1,0
RS-4315404-B63B9B8701914456AF407170C31D4921,rs,25.01,1.2506,0.34,1.36,0.0,0.0,0.0,0.0,1,0,0,0,0,1,0
RS-4312427-0D685CB362D64F7D98A29BF21E7C9985,rs,13.11,0.7282,0.8,6.1,0.0,0.0,0.0,0.0,1,0,0,0,0,1,0
RS-4313508-563BCE6CEB354421BE5B1066154FF259,rs,0.97,0.0539,0.09,9.27,0.0,0.0,0.0,0.0,1,0,0,0,0,1,0
RS-4314159-35B64420A2874AFEBC1DEAAB22CCA55D,rs,3.22,0.1789,2.49,77.31,0.0,0.0,0.0,0.0,0,0,0,0,0,1,0
RS-4313508-CBE36790497C4A5189BBB8A6C48CA9B9,rs,38.45,2.1362,0.59,1.53,0.0,0.0,0.0,0.0,1,0,0,0,0,1,0
RS-4311718-6936B6082AB24EBDAC6A53D305DA5AF3,rs,221.46,11.0729,0.1,0.05,0.0,0.0,0.0,0.0,1,0,0,0,0,1,0
RS-4312427-D8654ABC1E5645B29CA9EFF43102D3C1,rs,27.3,1.5169,0.7,2.56,0.0,0.0,0.0,0.0,1,0,0,0,0,1,0
RS-4318499-E8C8835915684A199967DA4CF57A4668,rs,20.42,1.0211,0.72,3.53,0.0,0.0,0.0,0.0,1,0,0,0,0,1,0
RS-4313334-3138B83D23B34673904F0B79F1099341,rs,15.81,0.7904,0.0,0.0,0.0,0.0,0.0,0.0,2,0,0,0,0,1,0
RS-4313508-67B34013574944EEA1CAAE888DB30B1F,rs,8.32,0.4621,0.0,0.0,0.0,0.0,0.0,0.0,2,0,0,0,0,1,0
RS-4313102-70724C33A0714EE3AF66FB8E69D3B0AD,rs,18.24,0.718,0.08,0.44,0.0,0.0,0.0,0.0,1,0,0,0,0,1,0
RS-4313334-BB9E49E953D84D26B6C9DFCF936E12D5,rs,4.92,0.2458,0.0,0.0,0.0,0.0,0.0,0.0,2,0,0,0,0,1,0
RS-4311718-53D839F547B549FE9D64FF4A26A3E3B5,rs,82.17,4.1085,0.0,0.0,0.0,0.0,0.0,0.0,2,0,0,0,0,1,0
RS-4313102-FE72B4CDA3334B059562A9AB5CB4929E,rs,20.52,1.0262,0.0,0.0,0.0,0.0,0.0,0.0,2,0,0,0,0,1,0
RS-4314159-3C3EF3C3730B49C080C6D85B6CCD3596,rs,5.33,0.2962,1.14,21.38,0.0,0.0,0.0,0.0,0,0,0,0,0,1,0
RS-4313334-AF8DCA089B8E43D7AABCE9C9E4B9E06C,rs,21.94,1.0969,0.0,0.0,0.0,0.0,0.0,0.0,2,0,0,0,0,1,0
RS-4311718-0B2DBD4C95CD4114A10A92E61ED3C5FD,rs,938.43,46.9213,0.9,0.1,0.0,0.0,0.0,0.0,1,0,0,0,0,1,0
RS-4313508-6E329F836F264C7EADD9D29D0626B1E3,rs,3.16,0.1758,0.16,5.06,0.0,0.0,0.0,0.0,1,0,0,0,0,1,0
RS-4311908-9C758D6F4E9E4648ACF3F553CBC93C1B,rs,25.73,1.2867,1.02,3.96,0.0,0.0,0.0,0.0,1,0,0,0,0,1,0
RS-4315404-2BDB747CC41A45CB84009B7FD944F030,rs,5.39,0.2697,0.0,0.0,0.0,0.0,0.0,0.0,2,0,0,0,0,1,0
RS-4311718-0D5A9515CD034ABCB030F06669E135D6,rs,0.5,0.0248,0.0,0.0,0.0,0.0,0.0,0.0,2,0,0,0,0,1,0
RS-4313334-1674AB0A3E81433BBD7CB376093EFD49,rs,5.28,0.2642,0.0,0.0,0.0,0.0,0.0,0.0,2,0,0,0,0,1,0
RS-4313102-8FFE3E53B3ED49E88BB29387A954D37E,rs,17.48,0.8741,0.0,0.0,0.0,0.0,0.0,0.0,2,0,0,0,0,1,0
RS-4311908-D6F7884DB057455B9CEC45BC40717891,rs,21.04,1.0519,1.52,7.23,0.0,0.0,0.0,0.0,1,0,0,0,0,1,0
RS-4312427-7161D9B9B82E4451B7A15EE9BDEDA4C6,rs,53.33,2.9629,0.94,1.76,0.0,0.0,0.0,0.0,1,0,0,0,0,1,0
RS-4313102-C94A3BD6FDC14AB7ACF26C961F824D36,rs,5.21,0.2605,0.0,0.0,0.0,0.0,0.0,0.0,2,0,0,0,0,1,0
RS-4313508-5EAC4CF7C10340AF9B157E2C5CADE732,rs,1.15,0.0637,0.73,63.66,0.0,0.0,0.0,0.0,0,0,0,0,0,1,0
RS-4313334-3CCEA83A087D42A5BCC52B591372C5DC,rs,11.88,0.5938,0.0,0.0,0.0,0.0,0.0,0.0,2,0,0,0,0,1,0
RS-4313508-41203EC6D12A4D5DAB74ED3B023CD497,rs,35.32,1.9621,0.0,0.0,0.0,0.0,0.0,0.0,2,0,0,0,0,1,0
RS-4313102-297C22DB281A487793C8871F6DDAD057,rs,118.56,5.9281,5.57,4.7,0.0,0.0,0.0,0.0,1,0,0,0,0,1,0
RS-4313508-1FC8D29EDD76475A99989BF76EA9D2AC,rs,48.29,2.6825,0.0,0.0,0.0,0.0,0.0,0.0,2,0,0,0,0,1,0
RS-4313102-2AEE3483B09C4AEB8EF09929B9F81FE5,rs,13.95,0.6973,0.46,3.3,0.0,0.0,0.0,0.0,1,0,0,0,0,1,0
RS-4315404-7D4CFB65EE9846D3B0AED6D38DAC53DC,rs,27.92,1.3962,0.16,0.57,0.0,0.0,0.0,0.0,1,0,0,0,0,1,0
RS-4312427-B2F24CB3FB9142CBA688AC825D1C3665,rs,5.55,0.3084,0.12,2.16,0.0,0.0,0.0,0.0,1,0,0,0,0,1,0
RS-4312427-BE201581B6C6416987D515D7DD8983D0,rs,9.62,0.5345,0.0,0.0,0.0,0.0,0.0,0.0,2,0,0,0,0,1,0
RS-4311908-54ED8FB6188B4842A7E07A6745FFB7A5,rs,45.64,2.2821,0.56,1.23,0.0,0.0,0.0,0.0,1,0,0,0,0,1,0
RS-4313508-2525A5D914FE46E485D37D7FDE9EB5A5,rs,30.99,1.7218,21.7,70.02,0.0,0.0,0.0,0.0,0,0,0,0,0,1,0
RS-4313375-779105AFCE2E4FD989A8DDA43D97F170,rs,75.05,10.7219,18.44,24.57,0.0,0.0,0.0,0.0,0,0,0,0,0,1,0
RS-4311718-226824BD0175411CB2A964BB034E613A,rs,263.46,13.1731,0.0,0.0,0.0,0.0,0.0,0.0,2,0,0,0,0,1,0
RS-4311908-6E04C6A1DB6D4027BF43565E76AD1F9C,rs,9.09,0.4547,0.0,0.0,0.0,0.0,0.0,0.0,2,0,0,0,0,1,0
RS-4313508-4B5A104FD0F14210980B09506318A1AB,rs,19.92,1.1065,4.51,22.64,0.0,0.0,0.0,0.0,0,0,0,0,0,1,0
RS-4312427-ED095B7B5F93465BACAEA678B534AA01,rs,3.62,0.2013,0.65,17.94,0.0,0.0,0.0,0.0,1,0,0,0,0,1,0
RS-4315404-93A7298F0EFC4C34ACB210A6F37184C6,rs,14.04,0.7019,0.87,6.2,0.0,0.0,0.0,0.0,1,0,0,0,0,1,0
RS-4313375-FC3BA458169446799325A9BF1E91A745,rs,67.76,9.6803,0.16,0.24,0.0,0.0,0.0,0.0,1,0,0,0,0,1,0
RS-4313102-08712279C84B46F6970CC386ABD44000,rs,6.95,0.3477,1.4,20.13,0.0,0.0,0.0,0.0,0,0,0,0,0,1,0
RS-4313334-82851FEDFF884DC0A7C0EC6E8C8B1168,rs,37.04,1.8518,0.0,0.0,0.0,0.0,0.0,0.0,2,0,0,0,0,1,0
RS-4311718-F9A2C46D6F84470CB84EAFA148B69567,rs,99.85,4.9923,0.16,0.16,0.0,0.0,0.0,0.0,1,0,0,0,0,1,0
RS-4313102-A7CD054D53C54A39B810548CE8571BA6,rs,5.63,0.2814,0.0,0.0,0.0,0.0,0.0,0.0,2,0,0,0,0,1,0
RS-4313102-0D40754315CA40BC902EE4BD8F682D4C,rs,22.81,1.1406,0.16,0.7,0.0,0.0,0.0,0.0,1,0,0,0,0,1,0
RS-4313102-135E5C0DED7B4509843B7ED09289ADEF,rs,33.8,1.6902,0.0,0.0,0.0,0.0,0.0,0.0,2,0,0,0,0,1,0
RS-4313508-499DB7FC842A4C799CCEA1FB8EB79875,rs,6.51,0.3614,0.08,1.23,0.0,0.0,0.0,0.0,1,0,0,0,0,1,0
RS-4311908-231E8E3C5FCB4475A515D2EB99A8F698,rs,7.58,0.3788,0.0,0.0,0.0,0.0,0.0,0.0,2,0,0,0,0,1,0
RS-4314159-4569F8438A984EE78B7AB54B2956FD9E,rs,5.43,0.3019,2.15,39.56,0.0,0.0,0.0,0.0,0,0,0,0,0,1,0
RS-4313508-977D7EBEC74A4E3584436B1857DD49D1,rs,5.25,0.2917,0.11,2.1,0.0,0.0,0.0,0.0,1,0,0,0,0,1,0
RS-4312427-19A515E98E5444F1A8428B54B1AD2F8C,rs,9.77,0.5428,1.82,18.63,0.0,0.0,0.0,0.0,1,0,0,0,0,1,0
RS-4313508-F394C2AD824B4CE6A39802F95C2E65F6,rs,4.99,0.2773,0.0,0.0,0.0,0.0,0.0,0.0,2,0,0,0,0,1,0
RS-4311908-1CCC9AD9C0764FEC87CF432DB860D22D,rs,32.92,1.6461,0.85,2.58,0.0,0.0,0.0,0.0,1,0,0,0,0,1,0
RS-4313334-8961613D6DBB4730A2F631A41AE0F5EE,rs,21.86,1.093,0.0,0.0,0.0,0.0,0.0,0.0,2,0,0,0,0,1,0
RS-4313102-E722E21E5EDD4080B68100DC983E2FD1,rs,15.31,0.7654,1.18,7.71,0.0,0.0,0.0,0.0,1,0,0,0,0,1,0
RS-4313334-F3A3D53808DE4CBCAD642D62D3692967,rs,3.65,0.1825,0.0,0.0,0.0,0.0,0.0,0.0,2,0,0,0,0,1,0
RS-4313102-42AA2FE31DBF4819AB5C6AA4A5A7C419,rs,47.19,2.3595,1.81,3.84,0.0,0.0,0.0,0.0,1,0,0,0,0,1,0
RS-4313102-676ECCA305D24C31A18F2A61AA314EA2,rs,21.31,1.0655,0.73,3.43,0.0,0.0,0.0,0.0,1,0,0,0,0,1,0
RS-4313102-242C00A4F3C24B5796327D89CE67CA91,rs,72.77,3.6385,0.6,0.82,0.0,0.0,0.0,0.0,1,0,0,0,0,1,0
RS-4313508-E823B2EE61E4490BA06FE6C15CEE51D5,rs,14.78,0.8212,0.17,1.15,0.0,0.0,0.0,0.0,1,0,0,0,0,1,0
RS-4314159-FE8D564B0F1742D08D094C3635622AB2,rs,12.34,0.6853,11.34,91.93,0.0,0.0,0.0,0.0,0,0,0,0,0,1,0
RS-4314159-C3165DA4A22040A68694C8914D844ABC,rs,5.98,0.3321,5.01,83.8,0.0,0.0,0.0,0.0,0,0,0,0,0,1,0
RS-4313508-20A4EE0A1846478CA0B1B1CF2ABF43E8,rs,6.44,0.3577,0.0,0.0,0.0,0.0,0.0,0.0,2,0,0,0,0,1,0
RS-4315404-1BD49092B390487797C747CEFA552616,rs,2.73,0.1364,0.0,0.0,0.0,0.0,0.0,0.0,2,0,0,0,0,1,0
RS-4311908-377811150C3B4E69B7EB2DF7E66898FB,rs,2.88,0.1442,0.0,0.0,0.0,0.0,0.0,0.0,2,0,0,0,0,1,0
RS-4313102-4377DDB467A949D091A98B046A4BFE04,rs,22.22,1.1111,2.97,13.36,0.0,0.0,0.0,0.0,1,0,0,0,0,1,0
RS-4313102-D7CFD95B2A5840F0B6FA93261C6342EF,rs,10.01,0.5005,0.33,3.3,0.0,0.0,0.0,0.0,1,0,0,0,0,1,0
RS-4315404-0FC7F44809F94CB5BBFF4E60D96B0076,rs,22.04,1.3586,0.94,4.27,0.0,0.0,0.0,0.0,1,0,0,0,0,1,0
RS-4314159-D43E917A90644452AD70DE81552681B8,rs,15.94,0.8856,12.72,79.8,0.0,0.0,0.0,0.0,0,0,0,0,0,1,0
RS-4314159-A179325E1A324DC9A8C78A5B96A7B134,rs,1.88,0.1042,0.31,16.52,0.0,0.0,0.0,0.0,1,0,0,0,0,1,0
RS-4311718-F1414348247247DDB6F4709E42446980,rs,85.35,4.2677,0.0,0.0,0.0,0.0,0.0,0.0,2,0,0,0,0,1,0
RS-4313334-425B9BF96C7A4C44A944929601094A24,rs,32.28,1.614,0.08,0.25,0.0,0.0,0.0,0.0,1,0,0,0,0,1,0
RS-4313334-27CF7ACBE71D426BB099D51D5176CDD9,rs,16.68,0.8339,0.04,0.24,0.0,0.0,0.0,0.0,1,0,0,0,0,1,0
RS-4313508-3B7B1651F6E34751938C49579750B4F4,rs,1.19,0.0663,0.0,0.0,0.0,0.0,0.0,0.0,2,0,0,0,0,1,0
RS-4314159-637954471EBE438C9C81913CA53726B8,rs,27.78,1.5435,5.92,21.31,0.0,0.0,0.0,0.0,0,0,0,0,0,1,0
RS-4312427-4715919B32E247EF8F4E2E766BDA04EC,rs,7.7,0.4279,0.41,5.32,0.0,0.0,0.0,0.0,1,0,0,0,0,1,0
RS-4311908-F3F62D4640FA42F1946E3164CAD1922C,rs,11.28,0.5642,0.0,0.0,0.0,0.0,0.0,0.0,2,0,0,0,0,1,0
RS-4313508-0EB941AF591142179974E3F35E925220,rs,2.01,0.1115,0.0,0.0,0.0,0.0,0.0,0.0,2,0,0,0,0,1,0
RS-4315404-0268F91F45D242A7BC50B3FC78FBD573,rs,5.44,0.2722,0.0,0.0,0.0,0.0,0.0,0.0,2,0,0,0,0,1,0
RS-4312427-7BF23117CC304496ADB20D226EA51A93,rs,11.53,0.6407,0.55,4.77,0.0,0.0,0.0,0.0,1,0,0,0,0,1,0
RS-4313334-AC107BDA7E5F4FBCA82DDCCA171ACC3D,rs,6.25,0.3127,0.0,0.0,0.0,0.0,0.0,0.0,2,0,0,0,0,1,0
RS-4314159-50CBB4BB9BC441248554FDB5EEE141C0,rs,4.01,0.2229,0.19,4.74,0.0,0.0,0.0,0.0,1,0,0,0,0,1,0
RS-4318499-010695B718B3465F82507EB3BE4F2F38,rs,2.03,0.1017,0.0,0.0,0.0,0.0,0.0,0.0,2,0,0,0,0,1,0
RS-4311908-47E0FB9AA2914FD1AEFA7DC5655DA6BD,rs,2.22,0.111,0.73,32.89,0.0,0.0,0.0,0.0,0,0,0,0,0,1,0
RS-4313508-B1BD4AC5EAE24738A7160666F7DA207A,rs,8.16,0.4534,0.05,0.61,0.0,0.0,0.0,0.0,1,0,0,0,0,1,0
RS-4318499-0FD3B7C3A8464EF58152C834C31CA940,rs,18.05,0.9023,0.0,0.0,0.0,0.0,0.0,0.0,2,0,0,0,0,1,0
RS-4314159-E9392C5A9BFA45D092D3B29FF8980825,rs,0.58,0.0321,0.04,6.91,0.0,0.0,0.0,0.0,1,0,0,0,0,1,0
RS-4311718-F141D5C5026E4C79A50499C182025495,rs,265.68,13.2842,0.0,0.0,0.0,0.0,0.0,0.0,2,0,0,0,0,1,0
RS-4312427-7C4BDFEFB9AC475480B6A218A2EE10AD,rs,0.16,0.009,0.0,0.0,0.0,0.0,0.0,0.0,2,0,0,0,0,1,0
RS-4318499-1BF96CFE71F749E4AB2244943BCEF733,rs,12.51,0.6253,0.0,0.0,0.0,0.0,0.0,0.0,2,0,0,0,0,1,0
RS-4314159-9EE95E9DD915497A81B30916426D0B57,rs,4.19,0.233,0.97,23.12,0.0,0.0,0.0,0.0,0,0,0,0,0,1,0
RS-4318499-5933E45CED344B848E50FFEE3806E706,rs,2.87,0.1434,0.22,7.67,0.0,0.0,0.0,0.0,1,0,0,0,0,1,0
RS-4313508-22051D50D0F447F9A0A1BA13AEC44635,rs,103.12,5.7291,0.93,0.9,0.0,0.0,0.0,0.0,1,0,0,0,0,1,0
RS-4313375-2615FD0140EE4D298CF4F6A45A00FC35,rs,19.57,2.7962,0.05,0.26,0.0,0.0,0.0,0.0,1,0,0,0,0,1,0
RS-4313102-727C0420805F4C1DAE211FDF59DEBC97,rs,10.05,0.5023,0.0,0.0,0.0,0.0,0.0,0.0,2,0,0,0,0,1,0
RS-4318499-FDF787C699404013A05A3CDA11F2F0D9,rs,8.98,0.4491,0.0,0.0,0.0,0.0,0.0,0.0,2,0,0,0,0,1,0
RS-4313102-8074ED6049F542998CE53EDB883EB384,rs,11.57,0.5783,0.0,0.0,0.0,0.0,0.0,0.0,2,0,0,0,0,1,0
RS-4318499-1F9E5B796E5B47A8949094580D38DBA7,rs,7.51,0.3753,0.0,0.0,0.0,0.0,0.0,0.0,2,0,0,0,0,1,0
RS-4315404-070C7BB8A9664185A6564088BD05B0D9,rs,9.04,0.4519,0.0,0.0,0.0,0.0,0.0,0.0,2,0,0,0,0,1,0
RS-4311908-5CA59826F47442FDA8FEB883B8B1B8EF,rs,2.02,0.1009,0.0,0.0,0.0,0.0,0.0,0.0,2,0,0,0,0,1,0
RS-4314159-0685519F55154B5EA4DBA5243D2B809D,rs,8.13,0.4515,3.16,38.88,0.0,0.0,0.0,0.0,0,0,0,0,0,1,0
RS-4313102-3D230A80B99148238D3DDD74F260A9CC,rs,5.06,0.2528,0.57,11.27,0.0,0.0,0.0,0.0,1,0,0,0,0,1,0
RS-4311718-9E748A9F07804020A7D9DCE41EA2780B,rs,87.77,4.3885,0.03,0.03,0.0,0.0,0.0,0.0,1,0,0,0,0,1,0
RS-4313334-E60A5415BE784A4284442D978DD6E847,rs,7.05,0.3527,0.0,0.0,0.0,0.0,0.0,0.0,2,0,0,0,0,1,0
RS-4313508-4A9ECECDE3704C2B996B8876C6018FC5,rs,8.6,0.478,1.24,14.41,0.0,0.0,0.0,0.0,1,0,0,0,0,1,0
RS-4315404-420E5D8786FE466DA76FE24884B0135B,rs,21.0,1.05,0.07,0.33,0.0,0.0,0.0,0.0,1,0,0,0,0,1,0
RS-4311718-1F1CB2D86D6C4412AA502F65411005B6,rs,55.96,2.7981,0.0,0.0,0.0,0.0,0.0,0.0,2,0,0,0,0,1,0
RS-4314159-4464AA450CFF4344B9672320B2394647,rs,1.0,0.0558,0.07,6.97,0.0,0.0,0.0,0.0,1,0,0,0,0,1,0
RS-4311908-9C716BB763B3448A819599EAE4C4F21C,rs,10.05,0.5027,0.0,0.0,0.0,0.0,0.0,0.0,2,0,0,0,0,1,0
RS-4313508-C128827DD6A7468FAABE1168510D8BDF,rs,6.12,0.3399,0.07,1.14,0.0,0.0,0.0,0.0,1,0,0,0,0,1,0
RS-4311718-259B323F51944219859C59DBC8490C65,rs,150.12,7.5062,0.08,0.05,0.0,0.0,0.0,0.0,1,0,0,0,0,1,0
RS-4313508-02422F17E3E842048BB316D13D631681,rs,7.12,0.3953,5.19,72.94,0.0,0.0,0.0,0.0,0,0,0,0,0,1,0
RS-4314159-29F7357E460346AC988128AE4BED93D6,rs,3.2,0.1778,3.04,94.97,0.0,0.0,0.0,0.0,0,0,0,0,0,1,0
RS-4311718-0AEE31333786482BBE055D6B4A906457,rs,1172.82,58.641,0.63,0.05,0.0,0.0,0.0,0.0,1,0,0,0,0,1,0
RS-4313508-160A4175D6D844278012B633AEE40ABA,rs,44.76,2.4868,0.2,0.45,0.0,0.0,0.0,0.0,1,0,0,0,0,1,0
RS-4314159-61A8A32F9C24400286C6671C9A2EA962,rs,13.81,0.7675,8.95,64.79,0.0,0.0,0.0,0.0,0,0,0,0,0,1,0
RS-4313334-9563FCDA6557430990EB2AE464717290,rs,15.98,0.7992,0.08,0.5,0.0,0.0,0.0,0.0,1,0,0,0,0,1,0
RS-4311908-3A7305881A4B406CABE3585097B40BF7,rs,10.88,0.5438,0.0,0.0,0.0,0.0,0.0,0.0,2,0,0,0,0,1,0
RS-4311908-75386F22C2364C1DB02B1F42E75828C3,rs,5.0,0.2498,0.0,0.0,0.0,0.0,0.0,0.0,2,0,0,0,0,1,0
RS-4313334-09544A35BE4349E5A7491E78A2DF313E,rs,11.45,0.5725,0.0,0.0,0.0,0.0,0.0,0.0,2,0,0,0,0,1,0
RS-4313375-42C2F5A0D5BC4B228E92D030CD2A25C4,rs,20.05,2.8636,0.25,1.25,0.0,0.0,0.0,0.0,1,0,0,0,0,1,0
RS-4313375-5B0EEE98EDD9433D9EB3DB895D50AF74,rs,1.79,0.255,0.0,0.0,0.0,0.0,0.0,0.0,2,0,0,0,0,1,0
RS-4313102-DF23C737A6F1452786B082D7C2198199,rs,27.56,1.2986,1.13,4.1,0.0,0.0,0.0,0.0,1,0,0,0,0,1,0
RS-4313508-7E816E6073C24E32B2B6FC39CF459CC9,rs,50.63,2.8126,0.0,0.0,0.0,0.0,0.0,0.0,2,0,0,0,0,1,0
RS-4313334-75C7572E394A4B6EAA571F829CB5D6C4,rs,59.01,2.9507,0.13,0.22,0.0,0.0,0.0,0.0,1,0,0,0,0,1,0
RS-4314159-6B859BCE9C7A4DAFB2C9E1380CC65627,rs,9.5,0.5279,0.53,5.58,0.0,0.0,0.0,0.0,1,0,0,0,0,1,0
RS-4313334-7FB8ACE3AE0E4A7F8189CC050D409888,rs,12.5,0.6251,0.0,0.0,0.0,0.0,0.0,0.0,2,0,0,0,0,1,0
RS-4311718-09D6A04EE5F846F4833ABDB226888FCB,rs,7.03,0.3513,0.0,0.0,0.0,0.0,0.0,0.0,2,0,0,0,0,1,0
RS-4313334-CEDDF28CD4D34414AFDE327EDE94EA5B,rs,25.55,1.2776,0.14,0.55,0.0,0.0,0.0,0.0,1,0,0,0,0,1,0
RS-4318499-8D6713F9A6E947E29F471EA35D04DAE2,rs,1.11,0.0555,0.02,1.8,0.0,0.0,0.0,0.0,1,0,0,0,0,1,0
RS-4311718-08862CA53AA24D76BD5D0FEA7FC9B5A1,rs,4.5,0.2249,0.0,0.0,0.0,0.0,0.0,0.0,2,0,0,0,0,1,0
RS-4318499-52A0168B32344AC9B4FA57AB5B19FAE5,rs,3.09,0.1547,0.0,0.0,0.0,0.0,0.0,0.0,2,0,0,0,0,1,0
RS-4314159-CF7AE5AE540F4ED3ADA3E1176F0F8EB1,rs,1.37,0.076,1.28,93.62,0.0,0.0,0.0,0.0,0,0,0,0,0,1,0
RS-4311718-E4ECB5FC2E6F42C6B369E5D244E3B924,rs,606.58,30.3292,2.99,0.49,0.0,0.0,0.0,0.0,1,0,0,0,0,1,0
RS-4312427-27DC8A02001A4BB7B4310C0E6CD15C89,rs,8.72,0.4846,1.27,14.56,0.0,0.0,0.0,0.0,1,0,0,0,0,1,0
RS-4311718-21F57FDFC735448BBACC72605320D12B,rs,4.82,0.2408,0.0,0.0,0.0,0.0,0.0,0.0,2,0,0,0,0,1,0
RS-4315404-796B89B5E7C241B5A3E01F3537928B2E,rs,5.8,0.2901,0.0,0.0,0.0,0.0,0.0,0.0,2,0,0,0,0,1,0
RS-4313508-D501A45117444DFB8054B70C9631FE90,rs,11.03,0.6129,1.74,15.77,0.0,0.0,0.0,0.0,1,0,0,0,0,1,0
RS-4313508-2D73FCF6B4FE463B9292D9431AF81DCC,rs,0.32,0.018,0.0,0.0,0.0,0.0,0.0,0.0,2,0,0,0,0,1,0
RS-4312427-59F8C48B6B2649FC9F3B90D1287CF1BA,rs,5.65,0.3136,0.0,0.0,0.0,0.0,0.0,0.0,2,0,0,0,0,1,0
RS-4311908-2945958FDC2440229346F2B8B16DBF51,rs,13.95,0.6974,0.0,0.0,0.0,0.0,0.0,0.0,2,0,0,0,0,1,0
RS-4315404-4139002ABA2243D79F687C9E744701BC,rs,9.35,0.4673,0.32,3.42,0.0,0.0,0.0,0.0,1,0,0,0,0,1,0
RS-4314159-843167D9F448414AA5B8B8B663DB163B,rs,4.07,0.2261,2.06,50.62,0.0,0.0,0.0,0.0,0,0,0,0,0,1,0
RS-4314159-5A27D4B171E445D1A5CCE734AF20E925,rs,9.78,0.5433,8.44,86.3,0.0,0.0,0.0,0.0,0,0,0,0,0,1,0
RS-4311718-73657BCE6AA64BF4AD2539C60D3F0D4F,rs,185.79,9.2893,0.38,0.2,0.0,0.0,0.0,0.0,1,0,0,0,0,1,0
RS-4311718-622C4874E7F041098AB51E1185DD7F3D,rs,74.95,3.7474,0.27,0.36,0.0,0.0,0.0,0.0,1,0,0,0,0,1,0
RS-4312427-CA4BE5BD8DE64479A6B4C6A56D5C4EB9,rs,31.93,1.7676,0.0,0.0,0.0,0.0,0.0,0.0,2,0,0,0,0,1,0
RS-4313508-E15D0231E65B41E09BC73298996D3159,rs,9.17,0.5094,0.18,1.96,0.0,0.0,0.0,0.0,1,0,0,0,0,1,0
RS-4318499-C0E772E7EC1C416EA67A5E689A0A8A61,rs,3.0,0.15,0.0,0.0,0.0,0.0,0.0,0.0,2,0,0,0,0,1,0
RS-4313334-FE64312250454BDF87C4A9D0A6F08050,rs,11.32,0.566,0.35,3.09,0.0,0.0,0.0,0.0,1,0,0,0,0,1,0
RS-4313508-63FA0A233D92416DB0FF4D91716E1DB5,rs,716.07,39.7818,7.88,1.1,0.0,0.0,0.0,0.0,1,0,0,0,0,1,0
RS-4313102-3832812878184C2C8800D91F05D6C93D,rs,42.51,2.1256,1.39,3.27,0.0,0.0,0.0,0.0,1,0,0,0,0,1,0
RS-4313334-D436F0F7955F4113AD3FD65F7FDAA0A8,rs,17.0,0.8499,0.18,1.06,0.0,0.0,0.0,0.0,1,0,0,0,0,1,0
RS-4313102-EF1DC6B902BF4BBF986798FCAF94D1AD,rs,11.44,0.5719,1.55,13.55,0.0,0.0,0.0,0.0,1,0,0,0,0,1,0
RS-4313334-9904C428F90B472F8FE3A68FB9C76C5C,rs,8.69,0.4347,0.16,1.84,0.0,0.0,0.0,0.0,1,0,0,0,0,1,0
RS-4313508-1E017A0D01F6461AB5B260EA6533C5B5,rs,39.05,2.1694,0.12,0.31,0.0,0.0,0.0,0.0,1,0,0,0,0,1,0
RS-4311718-BEE46387010747DF97CC2256D5B74DF0,rs,5.66,0.2828,0.0,0.0,0.0,0.0,0.0,0.0,2,0,0,0,0,1,0
RS-4314159-A2A26D380BAF45369AF4F1A860D6F230,rs,7.72,0.4291,6.4,82.86,0.0,0.0,0.0,0.0,0,0,0,0,0,1,0
RS-4312427-A509766B95324B84A563EA0C435D0157,rs,5.22,0.2902,0.0,0.0,0.0,0.0,0.0,0.0,2,0,0,0,0,1,0
RS-4311718-DD67AE3FF7D549018DA56ABED038D4AC,rs,2604.14,130.2964,35.23,1.35,0.0,0.0,0.0,0.0,1,0,0,0,0,1,0
RS-4313508-765F1939F9294BB7BFBB0276D7C6FA1A,rs,70.46,3.9143,6.9,9.79,0.0,0.0,0.0,0.0,1,0,0,0,0,1,0
RS-4313102-039871D0ED064E0F98D39DEB90DC9A1C,rs,30.01,1.5005,0.0,0.0,0.0,0.0,0.0,0.0,2,0,0,0,0,1,0
RS-4318499-6CB81850E0DF4EF2A3636DE84F1A9D3D,rs,17.87,0.8933,0.09,0.5,0.0,0.0,0.0,0.0,1,0,0,0,0,1,0
RS-4313102-0FD8D536D18A481985862333D6502FF7,rs,24.57,1.2287,0.25,1.02,0.0,0.0,0.0,0.0,1,0,0,0,0,1,0
RS-4313508-39922AB7FF204BF499C47050D7AEE34C,rs,30.69,1.7051,0.08,0.26,0.0,0.0,0.0,0.0,1,0,0,0,0,1,0
RS-4318499-C25F63855C2048179FC4E995CE37FAB6,rs,11.24,0.5619,0.0,0.0,0.0,0.0,0.0,0.0,2,0,0,0,0,1,0
RS-4311908-63F96067786149D49C61FD3850CD0106,rs,7.87,0.3935,0.28,3.56,0.0,0.0,0.0,0.0,1,0,0,0,0,1,0
RS-4313102-44ADF69DEC244C16A1335EFA4FA1489E,rs,3.81,0.1906,0.0,0.0,0.0,0.0,0.0,0.0,2,0,0,0,0,1,0
RS-4311908-2310F62F233E4C85B36D82FBA76DC7EC,rs,17.74,0.8872,0.4,2.25,0.0,0.0,0.0,0.0,1,0,0,0,0,1,0
RS-4313102-F1B09E53F12847FE8EB8738C517A9DBD,rs,8.58,0.4291,1.29,15.03,0.0,0.0,0.0,0.0,1,0,0,0,0,1,0
RS-4313334-676B304EA3F844139E7F2888693C6AF7,rs,12.45,0.6227,0.0,0.0,0.0,0.0,0.0,0.0,2,0,0,0,0,1,0
RS-4313508-CBA992D80A524442ABB241E65F92CDC4,rs,1.17,0.065,0.08,6.84,0.0,0.0,0.0,0.0,1,0,0,0,0,1,0
RS-4311718-55C02A95AFA34B9A8B98B241928977E2,rs,7.01,0.3504,0.0,0.0,0.0,0.0,0.0,0.0,2,0,0,0,0,1,0
RS-4313102-D8D4572F269F47F892A93DA8FA202ADC,rs,46.5,2.325,0.39,0.84,0.0,0.0,0.0,0.0,1,0,0,0,0,1,0
RS-4315404-12ADB1C0089B436EA4E9276CDFDAA280,rs,3.81,0.1906,0.0,0.0,0.0,0.0,0.0,0.0,2,0,0,0,0,1,0
RS-4311718-9854AF6EF2E8493580BFD10B2C2C0F87,rs,1024.86,51.2432,0.72,0.07,0.0,0.0,0.0,0.0,1,0,0,0,0,1,0
RS-4313508-19AA1A577FF84F97B811167C1721F024,rs,7.09,0.3939,0.34,4.79,0.0,0.0,0.0,0.0,1,0,0,0,0,1,0
RS-4311718-A005A515DBEC4DAC8284ABC20434FF8A,rs,61.5,3.075,0.16,0.26,0.0,0.0,0.0,0.0,1,0,0,0,0,1,0
RS-4313508-6AD09AABC45A4DFB96FF6C5AECD94473,rs,31.84,1.7688,9.1,28.58,0.0,0.0,0.0,0.0,0,0,0,0,0,1,0
RS-4311718-654568CA1C0740BE80AA6640B09A758F,rs,46.59,2.3295,0.07,0.15,0.0,0.0,0.0,0.0,1,0,0,0,0,1,0
RS-4313102-56F1F9AE848E418A91A807CB59FBB291,rs,48.01,2.4007,1.51,3.14,0.0,0.0,0.0,0.0,1,0,0,0,0,1,0
RS-4313508-1E6BA6B9D26A4ED1BE4D141B2EA5A8A4,rs,203.74,11.3188,0.54,0.27,0.0,0.0,0.0,0.0,1,0,0,0,0,1,0
RS-4314159-C5C9171DC9264C3DB63155097B9431D9,rs,29.55,1.6419,23.68,80.12,0.0,0.0,0.0,0.0,0,0,0,0,0,1,0
RS-4315404-9AC78674C75B41589565D76E211CD8AF,rs,21.99,1.0993,0.0,0.0,0.0,0.0,0.0,0.0,2,0,0,0,0,1,0
RS-4313334-6624B5D8E4574C7394737124006348FC,rs,2.05,0.1027,0.01,0.49,0.0,0.0,0.0,0.0,1,0,0,0,0,1,0
RS-4313508-3851B5B41364460F96C79310AC51C419,rs,12.96,0.7202,0.1,0.77,0.0,0.0,0.0,0.0,1,0,0,0,0,1,0
RS-4314159-26BDA100C03442CB967023F0A9B48791,rs,4.85,0.2692,1.12,23.11,0.0,0.0,0.0,0.0,0,0,0,0,0,1,0
RS-4314159-5A70432229AC4193B20964988049B238,rs,5.18,0.2878,4.02,77.59,0.0,0.0,0.0,0.0,0,0,0,0,0,1,0
RS-4314159-FED590E4E6464E0CAFAB003D507EAB42,rs,32.03,1.7792,0.23,0.72,0.0,0.0,0.0,0.0,1,0,0,0,0,1,0
RS-4312427-E82C11639BAE438EB21F14CDB7D19DE5,rs,7.46,0.4146,0.0,0.0,0.0,0.0,0.0,0.0,2,0,0,0,0,1,0
RS-4314159-02F31E1AE0704569B849B3FB7F303C14,rs,5.39,0.2997,2.77,51.35,0.0,0.0,0.0,0.0,0,0,0,0,0,1,0
RS-4313508-4E2A078F73BE4B77BB1A9239C8AB5963,rs,6.0,0.3334,0.0,0.0,0.0,0.0,0.0,0.0,2,0,0,0,0,1,0
RS-4311908-61647349DCFC4E22898B70EF3EBF0462,rs,22.9,1.1452,0.94,4.1,0.0,0.0,0.0,0.0,1,0,0,0,0,1,0
RS-4315404-2F5B5E582D5148F1B35986419D107B24,rs,6.06,0.3029,0.0,0.0,0.0,0.0,0.0,0.0,2,0,0,0,0,1,0
RS-4318499-50EA5102C74B48DEB0EADB82C05107EF,rs,12.2,0.6098,0.08,0.66,0.0,0.0,0.0,0.0,1,0,0,0,0,1,0
RS-4313508-2AD3AB89DAE9467AB516651018A995AE,rs,3.73,0.2074,0.0,0.0,0.0,0.0,0.0,0.0,2,0,0,0,0,1,0
RS-4314159-B9C6FAFAEBD24F2DA43EDC65A2B5DE9D,rs,13.9,0.7724,11.04,79.41,0.0,0.0,0.0,0.0,0,0,0,0,0,1,0
RS-4313102-87789C21083845369DA40424D194DD01,rs,17.03,0.8516,0.16,0.94,0.0,0.0,0.0,0.0,1,0,0,0,0,1,0
RS-4313334-8EFAB1A93EF34386A29BFE4ABD1CA21F,rs,16.77,0.8387,0.32,1.91,0.0,0.0,0.0,0.0,1,0,0,0,0,1,0
RS-4311908-1D9B528A7F7243CFB6641E9A3DCB4CCF,rs,7.07,0.3536,0.09,1.27,0.0,0.0,0.0,0.0,1,0,0,0,0,1,0
RS-4311718-8259C6A4D777427BA59F15A3FCBA66DD,rs,117.63,5.8814,0.0,0.0,0.0,0.0,0.0,0.0,2,0,0,0,0,1,0
RS-4313334-DDA0CE1BCF8F42228C226839F41F0E4C,rs,27.08,1.3542,0.17,0.63,0.0,0.0,0.0,0.0,1,0,0,0,0,1,0
RS-4314159-4CEE27E758C34AA1B69A9CD41FCFA45D,rs,6.35,0.3529,0.35,5.51,0.0,0.0,0.0,0.0,1,0,0,0,0,1,0
RS-4318499-8C11A6AA53254723895C3A9286E34714,rs,26.95,1.3474,1.28,4.75,0.0,0.0,0.0,0.0,1,0,0,0,0,1,0
RS-4313334-67197FAA249847508965F8F5D2656761,rs,25.03,1.2515,0.21,0.84,0.0,0.0,0.0,0.0,1,0,0,0,0,1,0
RS-4311908-451FAD6D1F9644D9B38CC8BC5637908C,rs,15.3,0.7652,0.32,2.09,0.0,0.0,0.0,0.0,1,0,0,0,0,1,0
RS-4312427-D9B362CBBDB743B1AC15582F32ABD444,rs,0.37,0.0208,0.06,16.04,0.0,0.0,0.0,0.0,1,0,0,0,0,1,0
RS-4314159-2198EFCC461649489B5AB0CB0E2D523D,rs,1.47,0.0819,0.0,0.0,0.0,0.0,0.0,0.0,2,0,0,0,0,1,0
RS-4313508-C61E2BF0F52A420AA803C14900CBC6A1,rs,3.12,0.1731,0.0,0.0,0.0,0.0,0.0,0.0,2,0,0,0,0,1,0
RS-4313508-06437B5FD9ED40FF97B423B23F497302,rs,1.16,0.0643,0.0,0.0,0.0,0.0,0.0,0.0,2,0,0,0,0,1,0
RS-4313102-828745AB407D4223907C514524367280,rs,55.04,2.752,0.87,1.58,0.0,0.0,0.0,0.0,1,0,0,0,0,1,0
RS-4311718-1A5AEBE2DB2C4BBD8E2E2D81C0FF642E,rs,20.04,1.0019,0.0,0.0,0.0,0.0,0.0,0.0,2,0,0,0,0,1,0
RS-4318499-E51C52E42792433EB5AF96005F29D07E,rs,13.49,0.6744,0.05,0.37,0.0,0.0,0.0,0.0,1,0,0,0,0,1,0
RS-4311908-7B34F26FD59B492DB359402ED62CC183,rs,56.96,2.848,9.32,16.36,0.0,0.0,0.0,0.0,1,0,0,0,0,1,0
RS-4311908-9BF599345F9F41ACAF1FBD7B57996F19,rs,29.58,1.479,4.43,14.98,0.0,0.0,0.0,0.0,1,0,0,0,0,1,0
RS-4314159-1C44EFCFA0E045B1AB9B7C848DD832B6,rs,8.25,0.4581,0.43,5.22,0.0,0.0,0.0,0.0,1,0,0,0,0,1,0
RS-4313102-30EE1690DA6A429390DFFC46A576E323,rs,1.1,0.0549,0.0,0.0,0.0,0.0,0.0,0.0,2,0,0,0,0,1,0
RS-4313102-260368CBEA004DBC8A695481985B7338,rs,13.96,0.6978,0.0,0.0,0.0,0.0,0.0,0.0,2,0,0,0,0,1,0
RS-4313334-16CB6B2BAA1E4633BBE5CD4F87408879,rs,16.76,0.838,0.0,0.0,0.0,0.0,0.0,0.0,2,0,0,0,0,1,0
RS-4313508-085057941EB047C998502E973FBA1556,rs,0.47,0.0259,0.0,0.0,0.0,0.0,0.0,0.0,2,0,0,0,0,1,0
RS-4311718-1E05D777BE8C4061AEE084742408AFA9,rs,48.43,2.4214,4.61,9.52,0.0,0.0,0.0,0.0,1,0,0,0,0,1,0
RS-4315404-424DEC3737C847D08DCFB6BC4AF7F9F7,rs,12.76,0.638,3.18,24.92,0.0,0.0,0.0,0.0,0,0,0,0,0,1,0
RS-4314159-372097CD456D4EACB0F6D98996B24D99,rs,6.41,0.3561,0.0,0.0,0.0,0.0,0.0,0.0,2,0,0,0,0,1,0
RS-4318499-A06A6529D88D46CEA6E99EAA0FE90AD7,rs,5.01,0.2504,0.0,0.0,0.0,0.0,0.0,0.0,2,0,0,0,0,1,0
RS-4314159-E2A30D6206C44E16B378947EB68F2E16,rs,1.01,0.0562,0.67,66.23,0.0,0.0,0.0,0.0,0,0,0,0,0,1,0
RS-4313102-E2AE42EE4CD24F2C8B5A5B7ED114CBE7,rs,40.17,2.0083,1.82,4.53,0.0,0.0,0.0,0.0,1,0,0,0,0,1,0
RS-4315404-8979F6512D3644DD856F567977355280,rs,9.19,0.4597,0.0,0.0,0.0,0.0,0.0,0.0,2,0,0,0,0,1,0
RS-4318499-7A90DF23EB1A4499B5581D82E20BCAF1,rs,42.73,2.1367,2.32,5.43,0.0,0.0,0.0,0.0,1,0,0,0,0,1,0
RS-4313102-7F4FBCF0BAC247099F27BCD1581FB4BF,rs,5.13,0.2563,0.0,0.0,0.0,0.0,0.0,0.0,2,0,0,0,0,1,0
RS-4313334-09EFDEF0BCE34C39A18E88211EDCE2AE,rs,13.42,0.6711,0.0,0.0,0.0,0.0,0.0,0.0,2,0,0,0,0,1,0
RS-4314159-A0BCD6A0E2904239B2AFBFD46E5C4618,rs,8.12,0.4509,0.98,12.07,0.0,0.0,0.0,0.0,1,0,0,0,0,1,0
RS-4315404-0FD749BF46A14E618A182287D937E089,rs,294.4,0.8178,2.73,0.93,0.0,0.0,0.0,0.0,1,0,0,0,0,1,0
RS-4312427-8007F1E58BFA44E4A57AE519651EDE78,rs,5.86,0.3256,0.04,0.68,0.0,0.0,0.0,0.0,1,0,0,0,0,1,0
RS-4311908-4B9A5195BE91471D8D8C3B512BBE647B,rs,19.34,0.9668,0.0,0.0,0.0,0.0,0.0,0.0,2,0,0,0,0,1,0
RS-4313334-CC6AAB37B62143A18E085F3BC4F4BE02,rs,3.14,0.1572,0.08,2.54,0.0,0.0,0.0,0.0,1,0,0,0,0,1,0
RS-4313508-38267C3B6E7E407FA4727304FCE86A7A,rs,93.85,5.2141,0.7,0.75,0.0,0.0,0.0,0.0,1,0,0,0,0,1,0
RS-4313334-2FC65DA20B3242549E625F46EEAC687C,rs,6.05,0.3023,0.0,0.0,0.0,0.0,0.0,0.0,2,0,0,0,0,1,0
RS-4313102-BC8A52DD37BE4BE9AEC37F05D01ACF27,rs,11.01,0.5505,0.73,6.63,0.0,0.0,0.0,0.0,1,0,0,0,0,1,0
RS-4311908-A7723934BFFB456DAB90B0944CFF94B3,rs,5.27,0.2635,0.02,0.38,0.0,0.0,0.0,0.0,1,0,0,0,0,1,0
RS-4318499-2ADE5207294643EEA063E45F06B15973,rs,6.8,0.3399,0.0,0.0,0.0,0.0,0.0,0.0,2,0,0,0,0,1,0
RS-4313508-F1EDEAE5D83047BF82BBA743EBE88981,rs,1.51,0.0838,0.16,10.61,0.0,0.0,0.0,0.0,1,0,0,0,0,1,0
RS-4315404-21E8D15C48134C2EB1CB2B5ADC511986,rs,12.94,0.6469,0.15,1.16,0.0,0.0,0.0,0.0,1,0,0,0,0,1,0
RS-4313508-8FCAEB5911E54520B520AEA77737AEBA,rs,10.2,0.5666,0.0,0.0,0.0,0.0,0.0,0.0,2,0,0,0,0,1,0
RS-4311718-F895A9F0AB4B4278B6D8A0E2590BD036,rs,585.76,29.2882,0.39,0.07,0.0,0.0,0.0,0.0,1,0,0,0,0,1,0
RS-4313334-F2C8B5DC350E4B0FBCB6EC4B6E9C6A53,rs,7.0,0.3502,0.0,0.0,0.0,0.0,0.0,0.0,2,0,0,0,0,1,0
RS-4314159-E5CB50D58C2841D3BC10A63AB8C5FAE5,rs,3.69,0.2053,0.16,4.33,0.0,0.0,0.0,0.0,1,0,0,0,0,1,0
RS-4311908-AF63FF4191BA4A9292BADB6A9A93D47E,rs,33.52,1.6761,15.25,45.49,0.0,0.0,0.0,0.0,0,0,0,0,0,1,0
RS-4314159-BFA7B0982BD34CBDA07868C862576B3E,rs,2.88,0.1599,2.44,84.78,0.0,0.0,0.0,0.0,0,0,0,0,0,1,0
RS-4313334-74CECE687F494E4184242440A34F2F61,rs,6.78,0.3391,0.0,0.0,0.0,0.0,0.0,0.0,2,0,0,0,0,1,0
RS-4314159-93D47DDF46154E68B78D019C394DBC1A,rs,3.37,0.1872,0.11,3.26,0.0,0.0,0.0,0.0,1,0,0,0,0,1,0
RS-4311718-1CCA16B554334C1CB0C2EB148CF05ABC,rs,121.74,6.0868,0.0,0.0,0.0,0.0,0.0,0.0,2,0,0,0,0,1,0
RS-4313508-AEB2098114834B3CAFC763393AD29C43,rs,8.99,0.4994,2.87,31.93,0.0,0.0,0.0,0.0,0,0,0,0,0,1,0
RS-4315404-8F17AB9782A14D3D9AAFF477727F276A,rs,5.34,0.2672,0.0,0.0,0.0,0.0,0.0,0.0,2,0,0,0,0,1,0
RS-4315404-4A38CA2A8CEC41EC980F5A1060A5A751,rs,12.8,0.6402,0.0,0.0,0.0,0.0,0.0,0.0,2,0,0,0,0,1,0
RS-4314159-528E924F6CCF4026B643E192EC5B2348,rs,5.63,0.3126,1.38,24.53,0.0,0.0,0.0,0.0,0,0,0,0,0,1,0
RS-4313102-97436570DF234B42B4714D1BCA9EF01D,rs,13.91,0.6734,0.1,0.72,0.0,0.0,0.0,0.0,1,0,0,0,0,1,0
RS-4312427-5A023AAB5218408BAA11A3C3132C2BAA,rs,15.52,0.8625,2.1,13.53,0.0,0.0,0.0,0.0,1,0,0,0,0,1,0
RS-4312427-F87EEAC8D5C049E38EFA58E610492B3A,rs,24.7,1.372,0.87,3.52,0.0,0.0,0.0,0.0,1,0,0,0,0,1,0
RS-4318499-9B2130CDAEE54E9A96577C8DC267B2F1,rs,14.13,0.7064,0.29,2.05,0.0,0.0,0.0,0.0,1,0,0,0,0,1,0
RS-4313334-CBD731148AF24342AC76F1D1445ADEA3,rs,12.28,0.6138,0.63,5.13,0.0,0.0,0.0,0.0,1,0,0,0,0,1,0
RS-4314159-96BAE6120A1647AAAB08DAB939427561,rs,4.09,0.2273,1.63,39.83,0.0,0.0,0.0,0.0,0,0,0,0,0,1,0
RS-4313508-69D0AF25BEFE4CDF9187BAA5C83C6B7E,rs,5.08,0.2824,0.0,0.0,0.0,0.0,0.0,0.0,2,0,0,0,0,1,0
RS-4312427-411ADA4374CA45CA9940EC9C6A27AAE6,rs,31.53,1.7515,3.62,11.48,0.0,0.0,0.0,0.0,1,0,0,0,0,1,0
RS-4313508-2546A4261484445393D3741F8308E0BC,rs,48.88,2.7154,0.0,0.0,0.0,0.0,0.0,0.0,2,0,0,0,0,1,0
RS-4314159-2ED963C53DF84771B35141607991761E,rs,12.07,0.6706,0.0,0.0,0.0,0.0,0.0,0.0,2,0,0,0,0,1,0
RS-4314159-E98B8BA19F7B4DC3945929A3417C3DF6,rs,1.72,0.0954,1.49,86.79,0.0,0.0,0.0,0.0,0,0,0,0,0,1,0
RS-4313375-C4E107F4F8B14A89AAC65A8F4300361C,rs,3.43,0.4901,0.0,0.0,0.0,0.0,0.0,0.0,2,0,0,0,0,1,0
RS-4311908-9988FF7536E6468AA785908D550BDF34,rs,15.15,0.7576,0.0,0.0,0.0,0.0,0.0,0.0,2,0,0,0,0,1,0
RS-4314159-F2F89B46A45B42D491FB61F55C2F764F,rs,15.78,0.8764,9.77,61.93,0.0,0.0,0.0,0.0,0,0,0,0,0,1,0
RS-4314159-895EE6C10E854A3285DF59922D6AA94B,rs,3.88,0.2154,3.77,97.25,0.0,0.0,0.0,0.0,0,0,0,0,0,1,0
RS-4311908-841913C3ACE7468BA0FB8BC007235E21,rs,27.27,1.3636,2.98,10.93,0.0,0.0,0.0,0.0,1,0,0,0,0,1,0
RS-4314159-4630C2F58C7E4E63BD336DCE2FCF6BE8,rs,14.72,0.8178,7.57,51.43,0.0,0.0,0.0,0.0,0,0,0,0,0,1,0
RS-4313102-808C05D5963947218D3167AA89CEED17,rs,36.78,1.8392,0.03,0.08,0.0,0.0,0.0,0.0,1,0,0,0,0,1,0
RS-4311718-22FAF411C1304AAA93A0DCE999771F6C,rs,100.81,5.0403,0.0,0.0,0.0,0.0,0.0,0.0,2,0,0,0,0,1,0
RS-4313334-C4A18A7A54AF4BB686DC3EB454FA5F86,rs,2.6,0.1301,0.0,0.0,0.0,0.0,0.0,0.0,2,0,0,0,0,1,0
RS-4313508-84A13862294549EF89B36D2FD77C2A07,rs,3.04,0.1689,0.16,5.26,0.0,0.0,0.0,0.0,1,0,0,0,0,1,0
RS-4314159-3788DB3156754509AA0720D1B099C213,rs,2.58,0.1433,2.58,100.0,0.0,0.0,0.0,0.0,0,0,0,0,0,1,0
RS-4311908-3F49CFBA6E4243EFBE5DF3393AD036D6,rs,40.03,2.0013,3.61,9.02,0.0,0.0,0.0,0.0,1,0,0,0,0,1,0
RS-4313334-B409184B322843B798391C599375785F,rs,1.01,0.0505,0.0,0.0,0.0,0.0,0.0,0.0,2,0,0,0,0,1,0
RS-4315404-40FF690EC08B462382869F29943F2242,rs,5.03,0.2516,0.0,0.0,0.0,0.0,0.0,0.0,2,0,0,0,0,1,0
RS-4313508-A9297260AC2C4620B3EB76BBF8930E97,rs,1.06,0.0591,0.0,0.0,0.0,0.0,0.0,0.0,2,0,0,0,0,1,0
RS-4314159-36D6F15E9278460F81534E4E777C7971,rs,15.07,0.837,14.24,94.51,0.0,0.0,0.0,0.0,0,0,0,0,0,1,0
RS-4311718-BF3D80AA36B249B1BEC068DDF9F62E13,rs,104.9,5.2451,0.01,0.01,0.0,0.0,0.0,0.0,1,0,0,0,0,1,0
RS-4314159-66F69E7557274E4DA6B3BE4421B74ABD,rs,10.16,0.5644,1.66,16.34,0.0,0.0,0.0,0.0,1,0,0,0,0,1,0
RS-4313334-14BED951C0EE474EBE0C2B6E03E4321F,rs,10.29,0.5147,0.0,0.0,0.0,0.0,0.0,0.0,2,0,0,0,0,1,0
RS-4314159-2EECE8B9D65F460DA55990E1C3F2BFD5,rs,2.72,0.1512,0.69,25.35,0.0,0.0,0.0,0.0,0,0,0,0,0,1,0
RS-4314159-D273482A47EF46B7BB04B35EE5810B1E,rs,11.26,0.6257,5.57,49.45,0.0,0.0,0.0,0.0,0,0,0,0,0,1,0
RS-4313334-E69745D718AA414E911A49B9170AB7BC,rs,3.0,0.15,0.0,0.0,0.0,0.0,0.0,0.0,2,0,0,0,0,1,0
RS-4314159-C3103B87597E42C5B230EE6D85B398DD,rs,3.03,0.1685,2.57,84.73,0.0,0.0,0.0,0.0,0,0,0,0,0,1,0
RS-4318499-5992B98060FA4A618973525025C6FA5D,rs,10.48,0.5242,1.72,16.41,0.0,0.0,0.0,0.0,1,0,0,0,0,1,0
RS-4313375-14333A354A074A458A77E1A52E2F26AB,rs,7.66,1.0942,0.0,0.0,0.0,0.0,0.0,0.0,2,0,0,0,0,1,0
RS-4313508-880CC1917ECC4F4A871BFF4ABE3FAF01,rs,31.59,1.7551,0.08,0.25,0.0,0.0,0.0,0.0,1,0,0,0,0,1,0
RS-4314159-1AA785C3696544E185FB01E1D4B90B75,rs,3.09,0.1719,0.61,19.72,0.0,0.0,0.0,0.0,1,0,0,0,0,1,0
RS-4314159-60E081DBF5BC4C6391F4D78AFC67EE7C,rs,4.09,0.2274,4.06,99.17,0.0,0.0,0.0,0.0,0,0,0,0,0,1,0
RS-4318499-339E2AB429734EBBB2F5C7148AD1ECAF,rs,16.69,0.8347,0.67,4.01,0.0,0.0,0.0,0.0,1,0,0,0,0,1,0
RS-4313508-0416374AB315498FB73D2D2C50F17167,rs,16.64,0.9246,0.0,0.0,0.0,0.0,0.0,0.0,2,0,0,0,0,1,0
RS-4314159-FC0C8294D10E472999C3D9B6EDA2CAE3,rs,6.2,0.3447,3.74,60.29,0.0,0.0,0.0,0.0,0,0,0,0,0,1,0
RS-4313334-04697F204B454D33977D4E500AD4ACAC,rs,13.97,0.6984,0.24,1.72,0.0,0.0,0.0,0.0,1,0,0,0,0,1,0
RS-4311908-BB13728384A54F8BA3470386D54346ED,rs,19.99,0.9996,5.94,29.71,0.0,0.0,0.0,0.0,0,0,0,0,0,1,0
RS-4318499-37A279380C72410D9C5B2EA3D29A34A6,rs,12.06,0.6029,0.15,1.24,0.0,0.0,0.0,0.0,1,0,0,0,0,1,0
RS-4311908-B4968DE9624D4CACA7031FD0289FAB7D,rs,16.64,0.832,0.0,0.0,0.0,0.0,0.0,0.0,2,0,0,0,0,1,0
RS-4312427-1C7B48D857524BED98790726E9A00817,rs,53.17,2.9538,0.14,0.26,0.0,0.0,0.0,0.0,1,0,0,0,0,1,0
RS-4313508-8AC9C941F499482B8DF33AB0B90CD3DB,rs,4.89,0.2715,4.09,83.69,0.0,0.0,0.0,0.0,0,0,0,0,0,1,0
RS-4318499-D415987C2CB8458A8468A6EDECE3FB19,rs,3.02,0.1509,0.0,0.0,0.0,0.0,0.0,0.0,2,0,0,0,0,1,0
RS-4313102-A10AE56BD53F402792E007AC90D0E18C,rs,34.1,1.7052,0.45,1.32,0.0,0.0,0.0,0.0,1,0,0,0,0,1,0
RS-4314159-B9BF853A787247FC890E48AAB3A7A71C,rs,1.98,0.1099,1.4,70.75,0.0,0.0,0.0,0.0,0,0,0,0,0,1,0
RS-4313375-B68113F924E3420C9474D2C72C734AAE,rs,7.11,1.0156,0.0,0.0,0.0,0.0,0.0,0.0,2,0,0,0,0,1,0
RS-4313334-28DCBD06AEFE48599DF6688DC63B578E,rs,6.95,0.3475,0.0,0.0,0.0,0.0,0.0,0.0,2,0,0,0,0,1,0
RS-4313334-44CB791F5D444642A5008FAA67E863FD,rs,6.26,0.3128,0.12,1.92,0.0,0.0,0.0,0.0,1,0,0,0,0,1,0
RS-4313508-5A2C226733BE495EB888B75C90FD5F46,rs,0.61,0.0341,0.04,6.51,0.0,0.0,0.0,0.0,1,0,0,0,0,1,0
RS-4313334-06186B48CF6C4C219E1A43706EA1630C,rs,3.07,0.1537,0.0,0.0,0.0,0.0,0.0,0.0,2,0,0,0,0,1,0
RS-4314159-D6A6F44BF58C44A7A63A90E42A1CF103,rs,3.74,0.2079,0.09,2.41,0.0,0.0,0.0,0.0,1,0,0,0,0,1,0
RS-4313508-42E8CF9B478F4AA4A8978C91096CD684,rs,3.79,0.2107,0.25,6.59,0.0,0.0,0.0,0.0,1,0,0,0,0,1,0
RS-4311908-B23499A84B304805A2129DAAA96392D8,rs,20.31,1.0155,0.38,1.87,0.0,0.0,0.0,0.0,1,0,0,0,0,1,0
RS-4313334-0E3BF84AE6D24622A1F593E6FCE89A12,rs,8.83,0.4414,0.0,0.0,0.0,0.0,0.0,0.0,2,0,0,0,0,1,0
RS-4313508-3E36632A19804FCFAA5CC7212C4C3AD1,rs,64.54,3.5854,0.0,0.0,0.0,0.0,0.0,0.0,2,0,0,0,0,1,0
RS-4314159-7441FDC1DE11481880CEBCDE6C6596F7,rs,22.71,1.2616,20.66,90.98,0.0,0.0,0.0,0.0,0,0,0,0,0,1,0
RS-4313375-42AF0E74540844BD8B4C6C1A71267179,rs,15.92,2.2739,0.78,4.9,0.0,0.0,0.0,0.0,1,0,0,0,0,1,0
RS-4314159-F812FE269E4C4AC186A0BF0B9B06AFA9,rs,1.22,0.0677,0.91,74.66,0.0,0.0,0.0,0.0,0,0,0,0,0,1,0
RS-4313102-A1D0AB9FBDDC4EA6AAF407669C8BBEB0,rs,25.39,1.2695,0.03,0.12,0.0,0.0,0.0,0.0,1,0,0,0,0,1,0
RS-4311718-7A61E81FB58047FF8834282196B40D21,rs,26.34,1.317,0.0,0.0,0.0,0.0,0.0,0.0,2,0,0,0,0,1,0
RS-4311908-E0B5E45C8949497AA0649C7D24E6291B,rs,17.05,0.8524,0.0,0.0,0.0,0.0,0.0,0.0,2,0,0,0,0,1,0
RS-4313508-B568A93DEDB748BD899064810B22EE81,rs,3.6,0.1999,0.0,0.0,0.0,0.0,0.0,0.0,2,0,0,0,0,1,0
RS-4313334-2BB632930E024BECADA20C67E28E8227,rs,8.0,0.4001,0.0,0.0,0.0,0.0,0.0,0.0,2,0,0,0,0,1,0
RS-4313334-AE1855BAAA53411D916AE3D8FE5D3125,rs,5.83,0.2918,0.08,1.37,0.0,0.0,0.0,0.0,1,0,0,0,0,1,0
RS-4313102-E9329B36CECC4ED08AF9021360AC575C,rs,47.82,2.3912,1.02,2.13,0.0,0.0,0.0,0.0,1,0,0,0,0,1,0
RS-4313508-D0EF033FFF7948AC91F55D806602EE4F,rs,2.46,0.1368,0.0,0.0,0.0,0.0,0.0,0.0,2,0,0,0,0,1,0
RS-4312427-616E9C8C7E8346FFBEDC4EF97B8FADC1,rs,15.1,0.8389,0.92,6.09,0.0,0.0,0.0,0.0,1,0,0,0,0,1,0
RS-4313102-82EBAD09ABF24C5D8E2B30121E84C194,rs,16.19,0.8094,1.0,6.18,0.0,0.0,0.0,0.0,1,0,0,0,0,1,0
RS-4313334-9D3F0C79FCE841E5BAFEDB98C902A2DD,rs,9.22,0.4609,0.0,0.0,0.0,0.0,0.0,0.0,2,0,0,0,0,1,0
RS-4313334-330C2D722F96460D88E199231D62F030,rs,13.01,0.6503,0.0,0.0,0.0,0.0,0.0,0.0,2,0,0,0,0,1,0
RS-4314159-BCF3D3E8529B421287BFCAAC8B095A75,rs,1.98,0.1099,0.55,27.79,0.0,0.0,0.0,0.0,0,0,0,0,0,1,0
RS-4313334-93C0328E5DA64652BDC7157F4FBFE8C7,rs,12.91,0.6454,0.33,2.56,0.0,0.0,0.0,0.0,1,0,0,0,0,1,0
RS-4314159-BD7A622BB9B044BF80061DF226D65E18,rs,2.58,0.1432,2.14,83.0,0.0,0.0,0.0,0.0,0,0,0,0,0,1,0
RS-4314159-BF458510602D4E80B67853F40F6F278B,rs,4.58,0.2547,2.25,49.08,0.0,0.0,0.0,0.0,0,0,0,0,0,1,0
RS-4313508-FE6BEE5E122645178CBA062C384721D2,rs,5.19,0.2882,1.21,23.32,0.0,0.0,0.0,0.0,0,0,0,0,0,1,0
RS-4313334-1C8F02ECEB214A8AA688A68F5967B182,rs,17.33,0.8666,0.0,0.0,0.0,0.0,0.0,0.0,2,0,0,0,0,1,0
RS-4312427-1B8C0744D1D24F3DB8D4B5DB1D0279FF,rs,198.44,11.0243,16.84,8.49,0.0,0.0,0.0,0.0,1,0,0,0,0,1,0
RS-4312427-C4973BC4670A4FA1BBE0C80DE612C3DD,rs,8.11,0.4504,0.19,2.34,0.0,0.0,0.0,0.0,1,0,0,0,0,1,0
RS-4314159-BBB94886F6A543DFB7F8FCF065FD3887,rs,6.27,0.3482,3.9,62.22,0.0,0.0,0.0,0.0,0,0,0,0,0,1,0
RS-4313102-134DFA85E69A470A9C480F5EF9A31B76,rs,17.89,0.8945,0.23,1.29,0.0,0.0,0.0,0.0,1,0,0,0,0,1,0
RS-4311908-477E007655B84E488CDBA8C49B1CEE2D,rs,9.96,0.4981,7.47,74.99,0.0,0.0,0.0,0.0,0,0,0,0,0,1,0
RS-4313102-10B27ECC7DC241EE966F8E7C6B870D65,rs,22.1,1.105,0.07,0.32,0.0,0.0,0.0,0.0,1,0,0,0,0,1,0
RS-4313508-43B1DDFCC1684122BC0368267450153A,rs,1.01,0.0559,0.0,0.0,0.0,0.0,0.0,0.0,2,0,0,0,0,1,0
RS-4314159-BACED59E3E6D480B95469BF426591D2B,rs,16.68,0.9265,9.89,59.31,0.0,0.0,0.0,0.0,0,0,0,0,0,1,0
RS-4313102-928E444BDA734E5B9847A44FA0A82016,rs,52.17,2.6083,5.58,10.7,0.0,0.0,0.0,0.0,1,0,0,0,0,1,0
RS-4311718-F8979086690A4B3F9980DA520C776DA3,rs,3.55,0.1776,0.0,0.0,0.0,0.0,0.0,0.0,2,0,0,0,0,1,0
RS-4311908-A96177C2369846EEA371BEC11DABD0E9,rs,12.17,0.6085,6.44,52.92,0.0,0.0,0.0,0.0,0,0,0,0,0,1,0
RS-4313375-CF70DB1B87F749D2A04EF9CA5B638468,rs,19.2,2.743,0.08,0.42,0.0,0.0,0.0,0.0,1,0,0,0,0,1,0
RS-4314159-0394FCF62DC74B6ABFCEBAFDFC2D7797,rs,5.16,0.2869,2.04,39.51,0.0,0.0,0.0,0.0,0,0,0,0,0,1,0
RS-4312427-9B925F91E3F941C2BC1131776BCC044F,rs,29.18,1.6213,3.32,11.38,0.0,0.0,0.0,0.0,1,0,0,0,0,1,0
RS-4313102-6840C176C9F04FC5A60C1226C148F290,rs,34.6,1.7298,1.55,4.48,0.0,0.0,0.0,0.0,1,0,0,0,0,1,0
RS-4311908-625AD4F6BB5F490D8C1260B280553FE4,rs,9.94,0.497,0.0,0.0,0.0,0.0,0.0,0.0,2,0,0,0,0,1,0
RS-4314159-61E97EA0AE7C45E787B7B284754E6603,rs,11.82,0.6568,7.06,59.72,0.0,0.0,0.0,0.0,0,0,0,0,0,1,0
RS-4313508-C1BAEA6E34064A03BD8C09A8DEB5D9F1,rs,6.4,0.3557,0.03,0.47,0.0,0.0,0.0,0.0,1,0,0,0,0,1,0
RS-4313102-E342621D06514894B56AF703227C3B09,rs,38.12,1.9062,0.66,1.73,0.0,0.0,0.0,0.0,1,0,0,0,0,1,0
RS-4318499-905D897A741E4E33AA09DC75ED994936,rs,11.0,0.5502,0.0,0.0,0.0,0.0,0.0,0.0,2,0,0,0,0,1,0
RS-4313102-AD40CB7F2A5441DB96F4D13354894B22,rs,71.01,3.5507,0.47,0.66,0.0,0.0,0.0,0.0,1,0,0,0,0,1,0
RS-4314159-3ABF23E188C640F783DAFA0D5B888256,rs,6.98,0.388,5.88,84.19,0.0,0.0,0.0,0.0,0,0,0,0,0,1,0
RS-4313508-71674A7CEC41451F84646B30532A466F,rs,0.41,0.023,0.0,0.0,0.0,0.0,0.0,0.0,2,0,0,0,0,1,0
RS-4312427-396665952DA64EB3932C66A2D1118FCC,rs,5.14,0.2855,0.0,0.0,0.0,0.0,0.0,0.0,2,0,0,0,0,1,0
RS-4313102-58C8FDEA16F34C65AD6673581F339F8B,rs,44.48,2.1913,0.55,1.24,0.0,0.0,0.0,0.0,1,0,0,0,0,1,0
RS-4313334-91A9BEB412EA400B9AD455D3563DBF59,rs,3.61,0.1805,0.0,0.0,0.0,0.0,0.0,0.0,2,0,0,0,0,1,0
RS-4313375-3E5C6CEBEE22480FBB532C35255F6193,rs,17.09,2.4418,7.72,45.17,0.0,0.0,0.0,0.0,0,0,0,0,0,1,0
RS-4313375-137D1FD5580E4DD6ABDE0936BA34D12F,rs,2.25,0.3208,0.0,0.0,0.0,0.0,0.0,0.0,2,0,0,0,0,1,0
RS-4312427-2110275EBDBE460089A047D9E084D49B,rs,18.48,1.0264,0.31,1.68,0.0,0.0,0.0,0.0,1,0,0,0,0,1,0
RS-4311908-AA13B354E3914D17A7406935FA3F12EB,rs,15.15,0.7577,0.85,5.61,0.0,0.0,0.0,0.0,1,0,0,0,0,1,0
RS-4311718-049BF0734DD7486FAC89690F863BC9D9,rs,10.37,0.5186,0.0,0.0,0.0,0.0,0.0,0.0,2,0,0,0,0,1,0
RS-4312427-D79078DDA16E4788B9ACF914B9C50FA5,rs,2.72,0.1509,0.33,12.15,0.0,0.0,0.0,0.0,1,0,0,0,0,1,0
RS-4314159-7D4A1EC0F44E4F0BBB93E7F6BA48D813,rs,4.61,0.2558,4.51,97.93,0.0,0.0,0.0,0.0,0,0,0,0,0,1,0
RS-4313508-B2531D385A6840F88DC7991F697FFD08,rs,80.28,4.4599,0.16,0.2,0.0,0.0,0.0,0.0,1,0,0,0,0,1,0
RS-4313508-CC637D9A12664F1EB36716F9222F840A,rs,1.44,0.0802,0.0,0.0,0.0,0.0,0.0,0.0,2,0,0,0,0,1,0
RS-4313334-13F0008870344DFE86D008B1AB18A271,rs,8.03,0.4013,0.72,8.97,0.0,0.0,0.0,0.0,1,0,0,0,0,1,0
RS-4311908-3DB604BD381F47B1B4A6173E269440D1,rs,2.45,0.1225,0.0,0.0,0.0,0.0,0.0,0.0,2,0,0,0,0,1,0
RS-4313334-3A71522E8C934F2B9F226FD2BB41F807,rs,22.06,1.1028,0.05,0.23,0.0,0.0,0.0,0.0,1,0,0,0,0,1,0
RS-4314159-94DA905387884B34997EBBC584A3250D,rs,3.59,0.1997,3.34,92.91,0.0,0.0,0.0,0.0,0,0,0,0,0,1,0
RS-4313102-0B226C4117E64509B58AE1352EEB28EB,rs,18.14,0.9068,0.55,3.03,0.0,0.0,0.0,0.0,1,0,0,0,0,1,0
RS-4311718-6C797BA2283C4F5A9097351D1E794F8F,rs,269.77,13.4885,0.05,0.02,0.0,0.0,0.0,0.0,1,0,0,0,0,1,0
RS-4314159-9D4C2F6505154A86BC4CC2EE8E0079D7,rs,9.42,0.5233,7.89,83.76,0.0,0.0,0.0,0.0,0,0,0,0,0,1,0
RS-4318499-87C3A682769A4ADFB53CF4CB85F79828,rs,16.47,0.8233,0.27,1.64,0.0,0.0,0.0,0.0,1,0,0,0,0,1,0
RS-4313102-33C54C9391194306B7101201EE70E248,rs,34.04,1.7022,1.47,4.32,0.0,0.0,0.0,0.0,1,0,0,0,0,1,0
RS-4314159-9D337F10A5664E08BFFB864E6BF633CE,rs,2.14,0.1189,0.92,42.99,0.0,0.0,0.0,0.0,0,0,0,0,0,1,0
RS-4315404-B38943A12B3E4D0B976FECC5CD451962,rs,3.24,0.1622,0.0,0.0,0.0,0.0,0.0,0.0,2,0,0,0,0,1,0
RS-4313508-D01B3973D6ED4D8290A765FB8A53D92F,rs,52.73,2.9296,0.23,0.44,0.0,0.0,0.0,0.0,1,0,0,0,0,1,0
RS-4311718-57685FD759EC4DA68EFB781B053D9404,rs,252.43,12.6214,0.46,0.18,0.0,0.0,0.0,0.0,1,0,0,0,0,1,0
RS-4318499-7D643DEA98C44118ACB6002F6720F69E,rs,30.98,1.549,0.0,0.0,0.0,0.0,0.0,0.0,2,0,0,0,0,1,0
RS-4313508-D503735716A64E0A9CA0882D5817E758,rs,97.09,5.3937,1.11,1.14,0.0,0.0,0.0,0.0,1,0,0,0,0,1,0
RS-4313508-7EA49D0E859543D7A599025CB4AB9EE1,rs,117.31,6.5175,6.29,5.36,0.0,0.0,0.0,0.0,1,0,0,0,0,1,0
RS-4313334-FCE6CAAA75E4444A913A43C84670D736,rs,1.38,0.069,0.0,0.0,0.0,0.0,0.0,0.0,2,0,0,0,0,1,0
RS-4311908-9A1F4CA420C54229A5B24F342F5FD20C,rs,15.05,0.7525,0.41,2.72,0.0,0.0,0.0,0.0,1,0,0,0,0,1,0
RS-4318499-500F769D63C7457CB9F26207B89E0C67,rs,3.54,0.1772,0.08,2.26,0.0,0.0,0.0,0.0,1,0,0,0,0,1,0
RS-4314159-CAEDA4B0D4874752A711156F2035AEBB,rs,16.21,0.9004,13.09,80.76,0.0,0.0,0.0,0.0,0,0,0,0,0,1,0
RS-4315404-7969EC4044FB4195B3CB79281023CD10,rs,3.8,0.1901,0.16,4.21,0.0,0.0,0.0,0.0,1,0,0,0,0,1,0
RS-4313508-638F369B16014C90B31812422A879EE2,rs,1.18,0.0654,0.0,0.0,0.0,0.0,0.0,0.0,2,0,0,0,0,1,0
RS-4314159-E0C64842CC91427A809C8744F7644A5B,rs,2.13,0.1183,0.19,8.92,0.0,0.0,0.0,0.0,1,0,0,0,0,1,0
RS-4311718-9ABB5AB0818D4FD59960DE2CE0F6A8CF,rs,10.34,0.5172,0.0,0.0,0.0,0.0,0.0,0.0,2,0,0,0,0,1,0
RS-4315404-07F9986162E34766B65B7625C2A02AC2,rs,11.44,0.572,0.0,0.0,0.0,0.0,0.0,0.0,2,0,0,0,0,1,0
RS-4315404-41B3DA1A7CF3457D9C2D73BDD1B00F3A,rs,9.24,0.4622,0.0,0.0,0.0,0.0,0.0,0.0,2,0,0,0,0,1,0
RS-4313102-37782FB5849149BEB96A0EC9CE88720F,rs,21.1,1.0549,0.15,0.71,0.0,0.0,0.0,0.0,1,0,0,0,0,1,0
RS-4318499-EAADEED35DCC44259E660A51F38C4708,rs,9.66,0.4831,0.08,0.83,0.0,0.0,0.0,0.0,1,0,0,0,0,1,0
RS-4311718-7512A683AAA9447095DF959E6B14DC76,rs,63.56,3.1779,0.0,0.0,0.0,0.0,0.0,0.0,2,0,0,0,0,1,0
RS-4318499-148134DC62624961BFF965A34F7E1653,rs,14.99,0.7497,0.24,1.6,0.0,0.0,0.0,0.0,1,0,0,0,0,1,0
RS-4313508-493C97FC6EE1452DB540ECA17AD3C4F0,rs,91.54,5.0855,0.0,0.0,0.0,0.0,0.0,0.0,2,0,0,0,0,1,0
RS-4318499-EA5FD3CFD4A54DE88B501C1AF5DD52FA,rs,10.68,0.5342,0.63,5.9,0.0,0.0,0.0,0.0,1,0,0,0,0,1,0
RS-4313375-72BEEABD51784E85A0061347487C2E1C,rs,5.99,0.8563,2.46,41.04,0.0,0.0,0.0,0.0,0,0,0,0,0,1,0
RS-4312427-D4FC84B0E19349B0AA6FA4B08F1716B8,rs,0.73,0.0406,0.05,6.85,0.0,0.0,0.0,0.0,1,0,0,0,0,1,0
RS-4311908-2F8DAE7FDB6544448A224A1C419CFE9C,rs,0.98,0.0488,0.15,15.37,0.0,0.0,0.0,0.0,1,0,0,0,0,1,0
RS-4313334-FE3EEDFA487F4A2F9FBD37BC34F396AE,rs,42.29,2.1145,0.0,0.0,0.0,0.0,0.0,0.0,2,0,0,0,0,1,0
RS-4313334-49F83829CC7D474291938DBA2258DA39,rs,16.01,0.8003,0.0,0.0,0.0,0.0,0.0,0.0,2,0,0,0,0,1,0
RS-4314159-0C00720E30624F248ECE3BCF333300FA,rs,9.58,0.532,1.86,19.42,0.0,0.0,0.0,0.0,1,0,0,0,0,1,0
RS-4315404-8F7945AEF4B34BBE935804464738DF3E,rs,13.24,0.6622,0.0,0.0,0.0,0.0,0.0,0.0,2,0,0,0,0,1,0
RS-4311908-C6420BB7386543058410687A476EFDE4,rs,62.36,3.1179,3.66,5.87,0.0,0.0,0.0,0.0,1,0,0,0,0,1,0
RS-4311718-D1C50FCBDEBA40EB9F97F564DFD5D19C,rs,18.01,0.9005,0.0,0.0,0.0,0.0,0.0,0.0,2,0,0,0,0,1,0
RS-4313334-B6745BB7CAD74EAC914647BCF07A11B2,rs,42.7,2.135,0.0,0.0,0.0,0.0,0.0,0.0,2,0,0,0,0,1,0
RS-4313334-E2D5703E62244FD18B0E4F72E41DBBED,rs,6.0,0.3002,0.16,2.66,0.0,0.0,0.0,0.0,1,0,0,0,0,1,0
RS-4313334-5EFE20BCEA0C4D448B337A165BB6B960,rs,2.92,0.146,0.0,0.0,0.0,0.0,0.0,0.0,2,0,0,0,0,1,0
RS-4311718-E4889E1753644688B6E19D973A3EAB16,rs,49.17,2.4587,0.31,0.63,0.0,0.0,0.0,0.0,1,0,0,0,0,1,0
RS-4313102-9FF9175D8B364B1A97FB93BE7C6360EA,rs,65.88,3.2942,1.29,1.96,0.0,0.0,0.0,0.0,1,0,0,0,0,1,0
RS-4311718-ACBD6883B04540E0BE7E232A02827B73,rs,2.6,0.1301,0.0,0.0,0.0,0.0,0.0,0.0,2,0,0,0,0,1,0
RS-4315404-0F9075E9894F4498B70910223AD1F3D9,rs,37.77,1.8887,1.26,3.34,0.0,0.0,0.0,0.0,1,0,0,0,0,1,0
RS-4313102-127EB7137E8D46C09184FBD04D0EB85F,rs,32.34,1.6168,0.19,0.59,0.0,0.0,0.0,0.0,1,0,0,0,0,1,0
RS-4313508-1A93AA06F8934F3AB25AF18E94022EE0,rs,17.02,0.9455,0.0,0.0,0.0,0.0,0.0,0.0,2,0,0,0,0,1,0
RS-4311908-A6628DAF547C4EB6914C78673F683058,rs,32.03,1.6016,4.57,14.27,0.0,0.0,0.0,0.0,1,0,0,0,0,1,0
RS-4311718-2018526277354A53BC2B318FAF8612A1,rs,619.07,30.9535,1.8,0.29,0.0,0.0,0.0,0.0,1,0,0,0,0,1,0
RS-4313102-24910A1712FC4707A1D32E8F77586276,rs,10.96,0.5479,0.08,0.73,0.0,0.0,0.0,0.0,1,0,0,0,0,1,0
RS-4314159-9CFD92CAAA054BFB9673718708FC66DC,rs,2.34,0.1303,1.36,58.0,0.0,0.0,0.0,0.0,0,0,0,0,0,1,0
RS-4311718-619068ACDF3D4FAEAA8371BF2873AA0F,rs,364.41,18.2205,0.94,0.26,0.0,0.0,0.0,0.0,1,0,0,0,0,1,0
RS-4311718-18F134B9140441D39B0818B4A5189ADB,rs,1.05,0.0523,0.0,0.0,0.0,0.0,0.0,0.0,2,0,0,0,0,1,0
RS-4314159-52BC1E7825E0450FB7B0B829DAAD1514,rs,2.73,0.1517,1.69,61.9,0.0,0.0,0.0,0.0,0,0,0,0,0,1,0
RS-4313508-A137CB0D6FE14E22B905EE07084A643C,rs,72.75,4.0414,0.68,0.93,0.0,0.0,0.0,0.0,1,0,0,0,0,1,0
RS-4311908-59A3E848EA3444D982D4D97FC3322666,rs,15.86,0.7928,0.56,3.53,0.0,0.0,0.0,0.0,1,0,0,0,0,1,0
RS-4314159-FA3059071C9648869D84F85F2DE95AF0,rs,11.33,0.6295,0.03,0.26,0.0,0.0,0.0,0.0,1,0,0,0,0,1,0
RS-4313508-502868C540754F54813CA293C2F857BE,rs,123.63,6.8686,1.4,1.13,0.0,0.0,0.0,0.0,1,0,0,0,0,1,0
RS-4313508-DD105192715A4F3AA7D083C9F8ACF83D,rs,18.56,1.0309,0.0,0.0,0.0,0.0,0.0,0.0,2,0,0,0,0,1,0
RS-4313508-7835B0A2ACB74B7DAD207231FFF58708,rs,8.23,0.4575,0.0,0.0,0.0,0.0,0.0,0.0,2,0,0,0,0,1,0
RS-4311908-DBCA3A13F5354D91B49471AB6421B7E7,rs,8.6,0.4301,0.57,6.63,0.0,0.0,0.0,0.0,1,0,0,0,0,1,0
RS-4313102-913F43871FF04014B01A13DA5B3A3B16,rs,39.1,1.9553,1.16,2.97,0.0,0.0,0.0,0.0,1,0,0,0,0,1,0
RS-4311718-9667CF8517A246EBA9A5980BBBF287E8,rs,41.99,2.0993,0.0,0.0,0.0,0.0,0.0,0.0,2,0,0,0,0,1,0
RS-4312427-4D9368E942F349159F6DAAD10E02827D,rs,11.36,0.6311,0.45,3.96,0.0,0.0,0.0,0.0,1,0,0,0,0,1,0
RS-4311718-7021B000D3C74D2794D8A4130D9050D0,rs,19.99,0.9994,0.31,1.55,0.0,0.0,0.0,0.0,1,0,0,0,0,1,0
RS-4313334-A20D5295C0EA4D739CF794E25921043A,rs,8.45,0.4223,0.0,0.0,0.0,0.0,0.0,0.0,2,0,0,0,0,1,0
RS-4313508-6E2898EDB149448591042AA179F3C975,rs,9.34,0.5188,1.43,15.31,0.0,0.0,0.0,0.0,1,0,0,0,0,1,0
RS-4311908-96109F1E3FC24B8A87895D323A5A0490,rs,21.54,1.0771,0.0,0.0,0.0,0.0,0.0,0.0,2,0,0,0,0,1,0
RS-4313334-523B8C78E864437BA4872D07B91D5950,rs,23.1,1.155,0.0,0.0,0.0,0.0,0.0,0.0,2,0,0,0,0,1,0
RS-4314159-546A8C5023F74F11AA3CA1E4BF588DD1,rs,11.14,0.619,8.46,75.93,0.0,0.0,0.0,0.0,0,0,0,0,0,1,0
RS-4313508-B18ED3F79FE7441BB63F8C9DDFA87E6B,rs,1.72,0.0957,0.0,0.0,0.0,0.0,0.0,0.0,2,0,0,0,0,1,0
RS-4313334-2DFD735234B44E7BA48B2EEF4DC2A12E,rs,18.11,0.9057,0.0,0.0,0.0,0.0,0.0,0.0,2,0,0,0,0,1,0
RS-4314159-0C488A0E81264049A61D5EB32809AEA1,rs,7.55,0.4195,3.13,41.45,0.0,0.0,0.0,0.0,0,0,0,0,0,1,0
RS-4312427-C3D4932A3A38440694BEC62B2B478A78,rs,6.0,0.3332,0.0,0.0,0.0,0.0,0.0,0.0,2,0,0,0,0,1,0
RS-4311718-017C73B5F15D4F79B8F084943EF7E9BD,rs,161.65,8.0826,0.39,0.24,0.0,0.0,0.0,0.0,1,0,0,0,0,1,0
RS-4312427-54CB6DEAC6FD489C97A4597C85D594DB,rs,0.23,0.013,0.0,0.0,0.0,0.0,0.0,0.0,2,0,0,0,0,1,0
RS-4313334-1797A1ECEB61419EB57159C41BA00B59,rs,30.44,1.522,0.08,0.26,0.0,0.0,0.0,0.0,1,0,0,0,0,1,0
RS-4311908-08C016D1C0544B5EBAC558B3C255911D,rs,12.41,0.6207,0.27,2.18,0.0,0.0,0.0,0.0,1,0,0,0,0,1,0
RS-4314159-7850B50C2D644D2A9335DE922ED3254C,rs,7.05,0.3919,2.37,33.6,0.0,0.0,0.0,0.0,0,0,0,0,0,1,0
RS-4313334-F9373379E07D4069BB869468CA23B174,rs,14.23,0.7116,0.0,0.0,0.0,0.0,0.0,0.0,2,0,0,0,0,1,0
RS-4311718-BF57A5E2DE2A469D9A10A2B44DE76997,rs,89.67,4.4836,0.24,0.27,0.0,0.0,0.0,0.0,1,0,0,0,0,1,0
RS-4311718-5D2F2109392143FFB64B81054600260D,rs,150.73,7.5364,0.08,0.05,0.0,0.0,0.0,0.0,1,0,0,0,0,1,0
RS-4312427-18FBD73E64EE49289BE1D820F099B6D0,rs,4.96,0.2754,0.2,4.03,0.0,0.0,0.0,0.0,1,0,0,0,0,1,0
RS-4311718-D0CD3568FE5E4AD6BEE229B04771A747,rs,44.39,2.2193,0.08,0.18,0.0,0.0,0.0,0.0,1,0,0,0,0,1,0
RS-4313508-D9AD1B515F784AFEB2CF7A501F0F90AF,rs,45.36,2.5203,0.08,0.18,0.0,0.0,0.0,0.0,1,0,0,0,0,1,0
RS-4313508-5AB5B9D4A9F54668999E90FAAB75FF8D,rs,2.4,0.1333,0.09,3.75,0.0,0.0,0.0,0.0,1,0,0,0,0,1,0
RS-4315404-88620F3B0B4F4741B06C85929B6F66EA,rs,4.0,0.2002,0.38,9.49,0.0,0.0,0.0,0.0,1,0,0,0,0,1,0
RS-4311908-B71DD3DEF9EA4199925678DAD4F3867C,rs,21.01,1.0505,0.48,2.28,0.0,0.0,0.0,0.0,1,0,0,0,0,1,0
RS-4313334-62A0A22616A4400DA4B14781FBD44187,rs,9.01,0.4504,0.0,0.0,0.0,0.0,0.0,0.0,2,0,0,0,0,1,0
RS-4314159-9D51480EFAB944F9BD196E7C43101596,rs,12.05,0.6693,0.19,1.58,0.0,0.0,0.0,0.0,1,0,0,0,0,1,0
RS-4312427-AC1EFF4EDE48485BB4DE4F17F91B29AB,rs,12.18,0.6764,0.16,1.31,0.0,0.0,0.0,0.0,1,0,0,0,0,1,0
RS-4312427-55199297C476407390B6812D70E5C079,rs,5.99,0.3326,0.11,1.84,0.0,0.0,0.0,0.0,1,0,0,0,0,1,0
RS-4314159-7736417796884A9F9D2DB58B72615FDE,rs,13.15,0.7306,3.42,26.01,0.0,0.0,0.0,0.0,0,0,0,0,0,1,0
RS-4314159-259E046D2B6A4E669D9AF192BC61046A,rs,4.98,0.2765,4.29,86.2,0.0,0.0,0.0,0.0,0,0,0,0,0,1,0
RS-4313375-F29235D0E6BF48A9B7B840335A625703,rs,13.37,1.9102,0.15,1.12,0.0,0.0,0.0,0.0,1,0,0,0,0,1,0
RS-4314159-7FCFE5AEEE2C48CD81F3423C1874712E,rs,29.14,1.6189,11.92,40.91,0.0,0.0,0.0,0.0,0,0,0,0,0,1,0
RS-4314159-C0151FDC4207467A988ACA7A824527BB,rs,8.44,0.4688,1.47,17.42,0.0,0.0,0.0,0.0,1,0,0,0,0,1,0
RS-4311908-444FF30288034ECBAF67962CAE5E5E8A,rs,6.32,0.3161,4.55,71.97,0.0,0.0,0.0,0.0,0,0,0,0,0,1,0
RS-4311718-8E18690B419C4C5FBD8FF3E1970B85DF,rs,37.54,1.7876,0.06,0.16,0.0,0.0,0.0,0.0,1,0,0,0,0,1,0
RS-4314159-060573EAC24F4A0E9C98BD5FD23E25B4,rs,4.11,0.2282,0.0,0.0,0.0,0.0,0.0,0.0,2,0,0,0,0,1,0
RS-4315404-C28D246CB3204CE0AB4CE1367CB24CCA,rs,24.73,1.2366,0.35,1.42,0.0,0.0,0.0,0.0,1,0,0,0,0,1,0
RS-4311718-2A689257B1FB4B6EA0CBF5BBE15E7757,rs,168.78,8.4389,0.0,0.0,0.0,0.0,0.0,0.0,2,0,0,0,0,1,0
RS-4311908-DE7BEAC81FD541D3880AE9369FE38F66,rs,9.62,0.4809,0.32,3.33,0.0,0.0,0.0,0.0,1,0,0,0,0,1,0
RS-4313102-81183CD5694D4F03BED188F734A54FA5,rs,63.42,3.1712,2.17,3.42,0.0,0.0,0.0,0.0,1,0,0,0,0,1,0
RS-4313102-0F900B1C2ED84425AD423D3480237D43,rs,41.23,2.0615,0.2,0.49,0.0,0.0,0.0,0.0,1,0,0,0,0,1,0
RS-4313508-6294C9DFAE834CCA9F6744143AFAA9F8,rs,27.92,1.5512,0.0,0.0,0.0,0.0,0.0,0.0,2,0,0,0,0,1,0
RS-4314159-CC3839FE072D41D484103C9C68301C78,rs,9.43,0.5238,3.2,33.94,0.0,0.0,0.0,0.0,0,0,0,0,0,1,0
RS-4313375-8E2F768AD8E54BD68075BA011EBF6725,rs,63.49,9.0698,33.83,53.29,0.0,0.0,0.0,0.0,0,0,0,0,0,1,0
RS-4318499-BB054EEA76594B098E4C993D3EBFC7A1,rs,12.5,0.6251,0.03,0.24,0.0,0.0,0.0,0.0,1,0,0,0,0,1,0
RS-4313334-4A7AC3286BF241639F98D227A49BF970,rs,2.17,0.1086,0.2,9.2,0.0,0.0,0.0,0.0,1,0,0,0,0,1,0
RS-4313334-68B4A8AB775C46DBB61A00B08BE172C2,rs,18.47,0.9234,0.06,0.32,0.0,0.0,0.0,0.0,1,0,0,0,0,1,0
RS-4318499-1EEFD936B4F949EC95885DA00A95FB28,rs,12.54,0.6269,0.19,1.52,0.0,0.0,0.0,0.0,1,0,0,0,0,1,0
RS-4314159-6F1A8DD221B946EB8527BF4F35496D42,rs,9.19,0.5104,6.7,72.93,0.0,0.0,0.0,0.0,0,0,0,0,0,1,0
RS-4314159-5C7F9B576F504FABB83614702C043A4C,rs,1.78,0.0988,0.14,7.87,0.0,0.0,0.0,0.0,1,0,0,0,0,1,0
RS-4313334-68FC12CE5CE346F6A8BA70609B59D024,rs,13.22,0.6612,0.0,0.0,0.0,0.0,0.0,0.0,2,0,0,0,0,1,0
RS-4311718-A3499AEBD58D45179743040755E08338,rs,132.13,6.6064,1.1,0.83,0.0,0.0,0.0,0.0,1,0,0,0,0,1,0
RS-4313334-182C6125C9CE417BB2767AE4A6F19ECC,rs,10.26,0.5128,0.0,0.0,0.0,0.0,0.0,0.0,2,0,0,0,0,1,0
RS-4318499-0C72F9F09C554974B76414D9E0973E42,rs,0.85,0.0424,0.18,21.21,0.0,0.0,0.0,0.0,0,0,0,0,0,1,0
RS-4318499-20832520E9FF453C86790C697023241B,rs,25.35,1.2674,0.08,0.32,0.0,0.0,0.0,0.0,1,0,0,0,0,1,0
RS-4313102-506E9330C0384139AF54842A452D9F8C,rs,48.63,2.4316,0.0,0.0,0.0,0.0,0.0,0.0,2,0,0,0,0,1,0
RS-4314159-8BC8B9B51A544233AC1105F2DF9F58C4,rs,9.68,0.5378,9.68,100.0,0.0,0.0,0.0,0.0,0,0,0,0,0,1,0
RS-4311718-6B2E25F2DCFC430788E04DB16D6FB370,rs,7.15,0.3573,0.13,1.82,0.0,0.0,0.0,0.0,1,0,0,0,0,1,0
RS-4313334-33AF91AF69E4449A9FFC2B9292E183E2,rs,14.24,0.7118,0.08,0.56,0.0,0.0,0.0,0.0,1,0,0,0,0,1,0
RS-4313102-29B326B3457340D18C444EE8BF7B151A,rs,67.08,3.354,2.55,3.8,0.0,0.0,0.0,0.0,1,0,0,0,0,1,0
RS-4314159-F0FEF76B5012425AACDCF4075A41973F,rs,10.66,0.5925,1.61,15.1,0.0,0.0,0.0,0.0,1,0,0,0,0,1,0
RS-4311908-B03D26B548D34F5B8EB337CC73067B8E,rs,29.1,1.4551,2.09,7.18,0.0,0.0,0.0,0.0,1,0,0,0,0,1,0
RS-4315404-B62A0A2715974639B52E1534FFF357F4,rs,8.05,0.4023,0.0,0.0,0.0,0.0,0.0,0.0,2,0,0,0,0,1,0
RS-4313102-AE73E981942D49B692A5FD2F508FC680,rs,41.6,2.08,0.16,0.38,0.0,0.0,0.0,0.0,1,0,0,0,0,1,0
RS-4313508-F061671AAD3D42C19910354B73B0A51B,rs,55.01,3.056,0.25,0.45,0.0,0.0,0.0,0.0,1,0,0,0,0,1,0
RS-4313508-2AF14E61A0BE41089545851F0F350A17,rs,180.78,10.0431,0.61,0.34,0.0,0.0,0.0,0.0,1,0,0,0,0,1,0
RS-4311718-B414063DAE674F1EA02E4CE5C5EF6BC3,rs,156.25,7.8123,0.0,0.0,0.0,0.0,0.0,0.0,2,0,0,0,0,1,0
RS-4311718-C618903D3A0C469EB5568B5AFF3FD32F,rs,138.97,6.9485,0.0,0.0,0.0,0.0,0.0,0.0,2,0,0,0,0,1,0
RS-4313508-FF61F73207F642B9AECF764EB6A1F692,rs,7.1,0.3947,1.05,14.78,0.0,0.0,0.0,0.0,1,0,0,0,0,1,0
RS-4313508-2C8DDFAFCB3D47C793A37653EF661384,rs,22.0,1.2221,0.0,0.0,0.0,0.0,0.0,0.0,2,0,0,0,0,1,0
RS-4313102-D38455635C794A4ABEAFED965125DA07,rs,3.0,0.15,0.0,0.0,0.0,0.0,0.0,0.0,2,0,0,0,0,1,0
RS-4313508-F064AEDEF5D74D65ADF8C6AE9DC1F35E,rs,14.62,0.8125,3.1,21.2,0.0,0.0,0.0,0.0,0,0,0,0,0,1,0
RS-4313334-4F98BCFE0564404EB8D7D23A85A0EB31,rs,9.24,0.4619,0.0,0.0,0.0,0.0,0.0,0.0,2,0,0,0,0,1,0
RS-4313508-153F90946ECF47AC9FEE58F004AB5C5B,rs,10.23,0.5686,0.0,0.0,0.0,0.0,0.0,0.0,2,0,0,0,0,1,0
RS-4315404-3639C9F1EBC34A38877DAB59C98D203E,rs,4.02,0.2009,0.0,0.0,0.0,0.0,0.0,0.0,2,0,0,0,0,1,0
RS-4318499-55042B95C61B47C58FE0B8F6232AD693,rs,9.64,0.4819,0.16,1.66,0.0,0.0,0.0,0.0,1,0,0,0,0,1,0
RS-4313508-C8BBE85C636048D38D69FD5C5E4FD472,rs,39.36,2.1864,0.14,0.36,0.0,0.0,0.0,0.0,1,0,0,0,0,1,0
RS-4313508-B02CEAB99ED64EBCB8EAAE0ECB8C1B3E,rs,0.12,0.0065,0.0,0.0,0.0,0.0,0.0,0.0,2,0,0,0,0,1,0
RS-4311908-E0BDCF8900374D23B4A9E24C1FD96A7A,rs,8.4,0.4199,0.3,3.57,0.0,0.0,0.0,0.0,1,0,0,0,0,1,0
RS-4312427-BCE73455E2CB44F3ADF01E5B119CCD20,rs,9.34,0.5191,0.12,1.28,0.0,0.0,0.0,0.0,1,0,0,0,0,1,0
RS-4313508-6CB45AC6C8E74401BDFCE847271C094A,rs,2.11,0.117,0.16,7.6,0.0,0.0,0.0,0.0,1,0,0,0,0,1,0
RS-4312427-74E29BB658B849EABC49920A19F9B21A,rs,4.33,0.2404,0.2,4.62,0.0,0.0,0.0,0.0,1,0,0,0,0,1,0
RS-4318499-4CDB1A2039E9475A9851EEF2F7B4D732,rs,4.02,0.2008,0.0,0.0,0.0,0.0,0.0,0.0,2,0,0,0,0,1,0
RS-4313508-C73EE44BB4CC43C6A7357EFC364E25F8,rs,17.58,0.9765,0.0,0.0,0.0,0.0,0.0,0.0,2,0,0,0,0,1,0
RS-4314159-86B555D0095942DDBC8A865F84C9EA0C,rs,3.27,0.1814,2.21,67.69,0.0,0.0,0.0,0.0,0,0,0,0,0,1,0
RS-4313334-6E06F91767AC4F5DA0D66AFBA04E8915,rs,6.01,0.3003,0.0,0.0,0.0,0.0,0.0,0.0,2,0,0,0,0,1,0
RS-4313508-B8BBADC5F2E84D7DA079E886992D7767,rs,4.26,0.2368,0.0,0.0,0.0,0.0,0.0,0.0,2,0,0,0,0,1,0
RS-4313508-AB06D6DAC93943F79BEBA8768C0EFF3C,rs,36.81,2.0452,0.23,0.62,0.0,0.0,0.0,0.0,1,0,0,0,0,1,0
RS-4313334-0D4CC8B0750547958E96113334683135,rs,5.04,0.2518,0.0,0.0,0.0,0.0,0.0,0.0,2,0,0,0,0,1,0
RS-4315404-C3E8E829124142E0AB319A2EC94CF5E9,rs,12.83,0.6417,0.0,0.0,0.0,0.0,0.0,0.0,2,0,0,0,0,1,0
RS-4314159-9303750F2C2A4E38AAD8E4BA74E22BFB,rs,4.9,0.2721,1.12,22.87,0.0,0.0,0.0,0.0,0,0,0,0,0,1,0
RS-4313102-1116442670134A6A8461393D7CDBCE28,rs,2.02,0.1008,0.05,2.48,0.0,0.0,0.0,0.0,1,0,0,0,0,1,0
RS-4315404-AD08DFC286A94D37959319F4D461CBE7,rs,6.6,0.3301,0.0,0.0,0.0,0.0,0.0,0.0,2,0,0,0,0,1,0
RS-4315404-B0C743D838FF4FD08217507EDAA3EE44,rs,6.01,0.3007,0.0,0.0,0.0,0.0,0.0,0.0,2,0,0,0,0,1,0
RS-4312427-29730024B31342BB8B92A1704C81F34D,rs,19.73,1.0964,0.21,1.06,0.0,0.0,0.0,0.0,1,0,0,0,0,1,0
RS-4318499-7596952367934A7BB7F0665746DB69E0,rs,15.91,0.7954,0.16,1.01,0.0,0.0,0.0,0.0,1,0,0,0,0,1,0
RS-4313334-EC8E437387484D3685ACA27C0C1D1164,rs,10.29,0.5143,0.14,1.36,0.0,0.0,0.0,0.0,1,0,0,0,0,1,0
RS-4312427-417200FE7B964690BF7F4B9ED4D4B92B,rs,7.37,0.4092,0.0,0.0,0.0,0.0,0.0,0.0,2,0,0,0,0,1,0
RS-4311718-2CA2A508DE0F48EA81C731F8DA184AA2,rs,23.01,1.1503,0.0,0.0,0.0,0.0,0.0,0.0,2,0,0,0,0,1,0
RS-4313334-358D52E806074572829D15EC55E4FFC8,rs,13.87,0.6934,0.2,1.44,0.0,0.0,0.0,0.0,1,0,0,0,0,1,0
RS-4313508-468DF2A2E1904C0297B1805A3378C347,rs,7.02,0.3899,0.0,0.0,0.0,0.0,0.0,0.0,2,0,0,0,0,1,0
RS-4313508-EF339ACC373D4FCF86AFDE996E538F1C,rs,3.72,0.2066,0.19,5.11,0.0,0.0,0.0,0.0,1,0,0,0,0,1,0
RS-4313334-0E503A9734B8488487EDD98D46807FAE,rs,5.11,0.2555,0.06,1.17,0.0,0.0,0.0,0.0,1,0,0,0,0,1,0
RS-4313508-DB0A7C61D894457FA0A5CBBD14CE3EC9,rs,3.44,0.1912,0.13,3.78,0.0,0.0,0.0,0.0,1,0,0,0,0,1,0
RS-4314159-FB7869E5068643D8A731F071A7B95B7A,rs,1.11,0.0618,1.03,92.57,0.0,0.0,0.0,0.0,0,0,0,0,0,1,0
RS-4315404-A49B0BBEFB5F4A699F25BF4231D83C55,rs,76.32,3.8158,0.31,0.41,0.0,0.0,0.0,0.0,1,0,0,0,0,1,0
RS-4315404-15D0EA96DECA4D20AA979E041509E190,rs,12.23,0.6114,0.24,1.96,0.0,0.0,0.0,0.0,1,0,0,0,0,1,0
RS-4313375-6A2AB6D95D1C4318AA22CD0564B624D1,rs,19.9,2.8433,5.36,26.93,0.0,0.0,0.0,0.0,0,0,0,0,0,1,0
RS-4315404-527B2AAD01094F4EA11297D8E7BCABB6,rs,15.39,0.7693,3.98,25.87,0.0,0.0,0.0,0.0,0,0,0,0,0,1,0
RS-4314159-185B06B567BD40AD90DBE33C4D0ECE74,rs,3.51,0.1952,3.07,87.39,0.0,0.0,0.0,0.0,0,0,0,0,0,1,0
RS-4313102-69AB3D6007C246F9AB58FC5866608E49,rs,8.57,0.4285,1.05,12.25,0.0,0.0,0.0,0.0,1,0,0,0,0,1,0
RS-4314159-C723E62A80914387BD4031A2D5364260,rs,14.83,0.8238,0.44,2.97,0.0,0.0,0.0,0.0,1,0,0,0,0,1,0
RS-4313102-2E9BEFC0B6EC48159D21CCB276B5C297,rs,12.15,0.6076,0.22,1.81,0.0,0.0,0.0,0.0,1,0,0,0,0,1,0
RS-4311908-7681FC78446E40D685A5CF920C0AFF62,rs,12.84,0.6419,0.62,4.83,0.0,0.0,0.0,0.0,1,0,0,0,0,1,0
RS-4318499-C0FB56E818D341959C68A7D8418051C6,rs,43.15,2.1574,1.69,3.92,0.0,0.0,0.0,0.0,1,0,0,0,0,1,0
RS-4313334-A667CC931A9D4DA2A7D0E33B1FA89785,rs,104.47,5.2235,0.0,0.0,0.0,0.0,0.0,0.0,2,0,0,0,0,1,0
RS-4313334-713E72F6D27F463491E86EA348878F82,rs,1.21,0.0606,0.0,0.0,0.0,0.0,0.0,0.0,2,0,0,0,0,1,0
RS-4318499-BEC23175A4C54A13B04287D6FB168869,rs,8.7,0.4349,0.0,0.0,0.0,0.0,0.0,0.0,2,0,0,0,0,1,0
RS-4311908-D0D35EF0F49A43AA90C62ED17047CE1C,rs,21.34,1.0671,1.71,8.01,0.0,0.0,0.0,0.0,1,0,0,0,0,1,0
RS-4311908-D69BD0C4B7334B1AB98F9D76B2337EAD,rs,24.14,1.2071,1.53,6.34,0.0,0.0,0.0,0.0,1,0,0,0,0,1,0
RS-4314159-3FBB2E4E3CE947CA82CCEA03ED8DEB81,rs,7.17,0.3983,1.45,20.23,0.0,0.0,0.0,0.0,0,0,0,0,0,1,0
RS-4314159-3EC3ABD26D3A4038B0DC4445B0764D25,rs,6.19,0.344,0.03,0.48,0.0,0.0,0.0,0.0,1,0,0,0,0,1,0
RS-4315404-AA9AFB7FB539490889F2A69793CB1BB9,rs,10.77,0.5385,0.28,2.6,0.0,0.0,0.0,0.0,1,0,0,0,0,1,0
RS-4318499-375138E79BA44EB0A7B8E4A03EF9F94A,rs,2.01,0.1003,0.0,0.0,0.0,0.0,0.0,0.0,2,0,0,0,0,1,0
RS-4315404-3D45D997D59A4FFDA61A5BF652400548,rs,30.83,1.5417,0.08,0.26,0.0,0.0,0.0,0.0,1,0,0,0,0,1,0
RS-4313334-57DC3B5A1F564C6AB18CF8B53EE5B451,rs,8.4,0.4198,0.0,0.0,0.0,0.0,0.0,0.0,2,0,0,0,0,1,0
RS-4310603-C0955834091F47709E4DE810B89053D4,rs,459.51,22.9756,1.69,0.37,0.0,0.0,0.0,0.0,1,0,0,0,0,1,0
RS-4311908-F40DC662D5164544A83A3D8B25B6E125,rs,24.84,1.2422,1.2,4.83,0.0,0.0,0.0,0.0,1,0,0,0,0,1,0
RS-4311718-A66617CF7BF84992B9887EC838001914,rs,48.43,2.4213,0.0,0.0,0.0,0.0,0.0,0.0,2,0,0,0,0,1,0
RS-4311718-71126F219BBC40BDAAF891C578E71EDD,rs,1009.75,50.4874,0.08,0.01,0.0,0.0,0.0,0.0,1,0,0,0,0,1,0
RS-4314159-6CF5949561724768BE1B16B0016DC7E8,rs,4.83,0.2685,0.18,3.72,0.0,0.0,0.0,0.0,1,0,0,0,0,1,0
RS-4315404-9649E1181C404E54BFBF513BAC3BC63F,rs,7.08,0.354,1.12,15.82,0.0,0.0,0.0,0.0,1,0,0,0,0,1,0
RS-4312427-AC7EB2B1440640BA99E57700553B74CF,rs,3.42,0.1899,0.0,0.0,0.0,0.0,0.0,0.0,2,0,0,0,0,1,0
RS-4313102-8F790818255E4451930D8F34B5CD5815,rs,4.31,0.2154,0.0,0.0,0.0,0.0,0.0,0.0,2,0,0,0,0,1,0
RS-4311718-90AB55B4E3D24C2FA809E6853E6F5412,rs,9.0,0.4502,0.0,0.0,0.0,0.0,0.0,0.0,2,0,0,0,0,1,0
RS-4313102-27E3484137BE45A4A4D4D4E721C8FF58,rs,6.61,0.3304,0.0,0.0,0.0,0.0,0.0,0.0,2,0,0,0,0,1,0
RS-4314159-A67A3BCB204A449C949F73D9ACE5C0AD,rs,6.63,0.3681,6.01,90.71,0.0,0.0,0.0,0.0,0,0,0,0,0,1,0
RS-4315404-5DAB4CB884D04552BFA6DA5650C28A1D,rs,9.04,0.4518,0.38,4.21,0.0,0.0,0.0,0.0,1,0,0,0,0,1,0
RS-4313508-134DEE7422F242EF9446CC77B1C68C58,rs,7.22,0.4009,0.0,0.0,0.0,0.0,0.0,0.0,2,0,0,0,0,1,0
RS-4314159-3B6BE04ADE11470EBD65FCF45055BC5A,rs,4.09,0.2273,0.99,24.19,0.0,0.0,0.0,0.0,0,0,0,0,0,1,0
RS-4312427-B02BE2FD92CF4CCF91852B2B37D03A3F,rs,10.7,0.5947,0.29,2.71,0.0,0.0,0.0,0.0,1,0,0,0,0,1,0
RS-4311718-2961B6CCCE124099B5A5CC29E35DA541,rs,2440.68,122.0341,2.25,0.09,0.0,0.0,0.0,0.0,1,0,0,0,0,1,0
RS-4313102-C55735E47D0F42F396C3516994EFFD81,rs,34.02,1.701,0.51,1.5,0.0,0.0,0.0,0.0,1,0,0,0,0,1,0
RS-4311908-7AB5D2CF58E04DA9B05C198521E7A09A,rs,0.66,0.0332,0.0,0.0,0.0,0.0,0.0,0.0,2,0,0,0,0,1,0
RS-4313375-E1EB33D6EF4D41949A08F75761FDE64C,rs,11.35,1.6219,4.19,36.9,0.0,0.0,0.0,0.0,0,0,0,0,0,1,0
RS-4313334-1D8021270C814A019834DBC3F63A0137,rs,35.14,1.7572,0.0,0.0,0.0,0.0,0.0,0.0,2,0,0,0,0,1,0
RS-4313334-01F67360E7694FF49FED1A9963613B6D,rs,6.41,0.3203,0.0,0.0,0.0,0.0,0.0,0.0,2,0,0,0,0,1,0
RS-4313334-AEFF7DF57BF94F1D8A66695D7D30B630,rs,12.99,0.6493,0.86,6.62,0.0,0.0,0.0,0.0,1,0,0,0,0,1,0
RS-4311908-865D211D5E1A4B4892E5F82529357F22,rs,5.43,0.2715,0.0,0.0,0.0,0.0,0.0,0.0,2,0,0,0,0,1,0
RS-4318499-2AF9B2E98E6E471F948259CD78EA4B74,rs,10.56,0.5281,0.0,0.0,0.0,0.0,0.0,0.0,2,0,0,0,0,1,0
RS-4311718-CA97105E075948289D65A3748109BF1F,rs,420.2,21.0101,0.63,0.15,0.0,0.0,0.0,0.0,1,0,0,0,0,1,0
RS-4313508-430EA04817D047409A0D03180F64192D,rs,0.4,0.022,0.0,0.0,0.0,0.0,0.0,0.0,2,0,0,0,0,1,0
RS-4318499-246AA993328447AF8E7C9D5F62415734,rs,3.02,0.1509,0.87,28.82,0.0,0.0,0.0,0.0,0,0,0,0,0,1,0
RS-4311718-B435D8B44DBD45A69AAACFBB7627360B,rs,132.49,6.6243,0.08,0.06,0.0,0.0,0.0,0.0,1,0,0,0,0,1,0
RS-4313508-B1B52B65038C4B76BCF0DC12C8F86184,rs,127.43,7.0795,0.0,0.0,0.0,0.0,0.0,0.0,2,0,0,0,0,1,0
RS-4313102-3D4B8DC73E86442C99BE54D17D048652,rs,25.69,1.2844,0.31,1.21,0.0,0.0,0.0,0.0,1,0,0,0,0,1,0
RS-4313102-2C89941BF0A94EB9A76F4C1A254A3142,rs,20.91,1.0455,0.31,1.48,0.0,0.0,0.0,0.0,1,0,0,0,0,1,0
RS-4313102-EDA8E541AEAB4C9D8987F15EE471BAB3,rs,22.78,1.1389,0.98,4.3,0.0,0.0,0.0,0.0,1,0,0,0,0,1,0
RS-4313334-DCA96E37DE024A0EA1CF7021C01E5032,rs,18.0,0.9,0.0,0.0,0.0,0.0,0.0,0.0,2,0,0,0,0,1,0
RS-4312427-4C95F0F1FC8D4B77827E1A50DE8E3DF0,rs,4.71,0.2619,0.0,0.0,0.0,0.0,0.0,0.0,2,0,0,0,0,1,0
RS-4312427-408BC0B5204347F89FD2A5BC359DE90F,rs,18.95,1.0527,0.0,0.0,0.0,0.0,0.0,0.0,2,0,0,0,0,1,0
RS-4314159-825E9C980BDB45A785908B285B097A30,rs,11.62,0.6456,9.88,85.01,0.0,0.0,0.0,0.0,0,0,0,0,0,1,0
RS-4313102-38FD7C2E658A491382D33463D04B1DF7,rs,20.2,1.01,4.65,23.02,0.0,0.0,0.0,0.0,0,0,0,0,0,1,0
RS-4315404-1AD35E99DB1C45888BB337F9B438539E,rs,17.27,0.8635,1.73,10.02,0.0,0.0,0.0,0.0,1,0,0,0,0,1,0
RS-4313508-FDF6EEF3EBB84AFE9BA0135C92D1F192,rs,1.29,0.0719,0.0,0.0,0.0,0.0,0.0,0.0,2,0,0,0,0,1,0
RS-4312427-F1973CE4589F43CE9F4CD95553FA13A3,rs,27.76,1.5422,0.22,0.79,0.0,0.0,0.0,0.0,1,0,0,0,0,1,0
RS-4313334-6BF8E11F9A944A2F8FA9BC894D6612C6,rs,10.75,0.5375,0.0,0.0,0.0,0.0,0.0,0.0,2,0,0,0,0,1,0
RS-4313334-EF0BF7719071405586C64A252FA94A52,rs,3.5,0.175,0.0,0.0,0.0,0.0,0.0,0.0,2,0,0,0,0,1,0
RS-4311908-D1392CE3A0204FC5AC22175B1370E11C,rs,9.11,0.4557,0.01,0.11,0.0,0.0,0.0,0.0,1,0,0,0,0,1,0
RS-4311718-57909A9F652D4A8695AECDD39EBC1234,rs,14.9,0.7449,0.0,0.0,0.0,0.0,0.0,0.0,2,0,0,0,0,1,0
RS-4313334-5D299CDD3A27421ABF595108EAF9BBA1,rs,4.5,0.2249,0.0,0.0,0.0,0.0,0.0,0.0,2,0,0,0,0,1,0
RS-4313508-5B91620E79D94DB799C687CF55128BDD,rs,7.84,0.4354,0.39,4.98,0.0,0.0,0.0,0.0,1,0,0,0,0,1,0
RS-4313102-F77D0C68431F49DC9B20E2D1592D0346,rs,43.56,2.178,0.23,0.53,0.0,0.0,0.0,0.0,1,0,0,0,0,1,0
RS-4311718-EFB40CC06CDA4D9BA6F20C9DC7915662,rs,748.0,37.3998,0.88,0.12,0.0,0.0,0.0,0.0,1,0,0,0,0,1,0
RS-4314159-9F9F6E27EC4D469FAF7FE281129FEBA1,rs,12.1,0.6723,0.04,0.33,0.0,0.0,0.0,0.0,1,0,0,0,0,1,0
RS-4313508-7D162B427E4F498681B1421BA3E91248,rs,0.76,0.0419,0.08,10.6,0.0,0.0,0.0,0.0,1,0,0,0,0,1,0
RS-4313102-5D6C526D450F420884ACFBA1697F09B4,rs,45.96,2.2979,0.08,0.17,0.0,0.0,0.0,0.0,1,0,0,0,0,1,0
RS-4318499-7D7F5014EBCE429D9BA92C2CDF09811A,rs,9.02,0.4511,0.64,7.09,0.0,0.0,0.0,0.0,1,0,0,0,0,1,0
RS-4318499-86F0F799457E410DA5E7CC4F1D2E18B8,rs,6.0,0.3001,0.14,2.33,0.0,0.0,0.0,0.0,1,0,0,0,0,1,0
RS-4311718-6738097FBF1F4B21B8CAD12B14516660,rs,113.35,5.6674,0.0,0.0,0.0,0.0,0.0,0.0,2,0,0,0,0,1,0
RS-4313508-377B9F5498EB47528CD9571091A16F0C,rs,1.35,0.0751,0.0,0.0,0.0,0.0,0.0,0.0,2,0,0,0,0,1,0
RS-4311908-F14B313A0BD3482181156870441119C9,rs,67.34,3.367,0.14,0.21,0.0,0.0,0.0,0.0,1,0,0,0,0,1,0
RS-4312427-A18FCF78E8F3456AB9E44BC7381A09F2,rs,10.18,0.5655,0.34,3.34,0.0,0.0,0.0,0.0,1,0,0,0,0,1,0
RS-4315404-AD21650E0083492F87DEBC1B745D00B6,rs,9.08,0.4538,0.29,3.2,0.0,0.0,0.0,0.0,1,0,0,0,0,1,0
RS-4315404-690EF39786FF459E80EC28DF59C17847,rs,3.62,0.181,0.0,0.0,0.0,0.0,0.0,0.0,2,0,0,0,0,1,0
RS-4311908-3CA06DA63C4F4D7FB41F87F692EF7C96,rs,3.82,0.191,0.0,0.0,0.0,0.0,0.0,0.0,2,0,0,0,0,1,0
RS-4313508-6D2634F976084DECB431574624C95688,rs,3.0,0.1667,0.23,7.67,0.0,0.0,0.0,0.0,1,0,0,0,0,1,0
RS-4314159-B09F7A29A8814472BBD9329690A6FB75,rs,14.62,0.8124,4.0,27.35,0.0,0.0,0.0,0.0,0,0,0,0,0,1,0
RS-4311908-3B6C2EAE53284A5DBDB1734B9CA2E9F0,rs,11.72,0.586,4.37,37.29,0.0,0.0,0.0,0.0,0,0,0,0,0,1,0
RS-4311718-213E2E72658C4B2BBC22715F113E7272,rs,220.72,11.0359,0.0,0.0,0.0,0.0,0.0,0.0,2,0,0,0,0,1,0
RS-4313334-DF36FCF7D17B4ABEBBD23564CE1E834A,rs,3.23,0.1613,0.0,0.0,0.0,0.0,0.0,0.0,2,0,0,0,0,1,0
RS-4311908-888CE7EAD2A74348BE466ABD2BBB639F,rs,16.22,0.811,0.31,1.91,0.0,0.0,0.0,0.0,1,0,0,0,0,1,0
RS-4311908-BC6DC19909F1471D9711267174CECCC7,rs,7.28,0.364,2.41,33.1,0.0,0.0,0.0,0.0,0,0,0,0,0,1,0
RS-4313334-7B6CCD82974B4EB39AC1EEB3A237984B,rs,8.87,0.4433,0.0,0.0,0.0,0.0,0.0,0.0,2,0,0,0,0,1,0
RS-4311908-4C4F0911CF294B13848F68D407D27D9A,rs,8.31,0.4153,0.04,0.48,0.0,0.0,0.0,0.0,1,0,0,0,0,1,0
RS-4314159-943C140D19AC4D30ABAFC25C5523A541,rs,1.2,0.0664,0.36,30.1,0.0,0.0,0.0,0.0,0,0,0,0,0,1,0
RS-4311908-A8990CCF808E45AD98DE93D0E0416EAF,rs,8.26,0.413,4.18,50.61,0.0,0.0,0.0,0.0,0,0,0,0,0,1,0
RS-4311908-3E4230319315459785F9F62FE1BF627C,rs,15.84,0.792,0.34,2.15,0.0,0.0,0.0,0.0,1,0,0,0,0,1,0
RS-4313375-7EF9EAEB19704445AFB16E0D4F27156E,rs,6.86,0.9807,2.7,39.33,0.0,0.0,0.0,0.0,0,0,0,0,0,1,0
RS-4313508-ABAA8F0721C448F9B701AB3B7B404537,rs,11.0,0.6109,0.0,0.0,0.0,0.0,0.0,0.0,2,0,0,0,0,1,0
RS-4313508-06A5FF3ED4794F61BA9D667874C30D1D,rs,28.4,1.5779,0.0,0.0,0.0,0.0,0.0,0.0,2,0,0,0,0,1,0
RS-4313375-7D8E468F9A064D4096514EDF99656197,rs,31.24,4.4628,0.01,0.03,0.0,0.0,0.0,0.0,1,0,0,0,0,1,0
RS-4313508-BD5FEB71283E4EA9873DB0974349C7D3,rs,96.03,5.3351,0.0,0.0,0.0,0.0,0.0,0.0,2,0,0,0,0,1,0
RS-4313508-BB454AE504B04E5A8F29E22A7DF884E8,rs,4.4,0.2446,0.0,0.0,0.0,0.0,0.0,0.0,2,0,0,0,0,1,0
RS-4311908-C66F143FC36E4F59B9422E81227C3A45,rs,7.52,0.3761,0.0,0.0,0.0,0.0,0.0,0.0,2,0,0,0,0,1,0
RS-4313334-0699F993DD354C68AD1EA3ED0824ADA4,rs,5.59,0.2793,0.0,0.0,0.0,0.0,0.0,0.0,2,0,0,0,0,1,0
RS-4313102-7CDED1A9C65640C08AB72164573F729E,rs,44.06,2.2028,0.72,1.63,0.0,0.0,0.0,0.0,1,0,0,0,0,1,0
RS-4313102-B81325C3726B4D3AB9C3181F5CAC3A06,rs,24.18,1.209,0.7,2.89,0.0,0.0,0.0,0.0,1,0,0,0,0,1,0
RS-4311908-C3EEE68E0D2243BE9B4D09C11CD853CE,rs,9.97,0.4988,0.0,0.0,0.0,0.0,0.0,0.0,2,0,0,0,0,1,0
RS-4311718-02837A94370E4E168309B8C945180D4D,rs,17.4,0.869,0.0,0.0,0.0,0.0,0.0,0.0,2,0,0,0,0,1,0
RS-4313375-6B8B8352D9424DFF8B4150B95000F1CB,rs,4.08,0.5824,0.0,0.0,0.0,0.0,0.0,0.0,2,0,0,0,0,1,0
RS-4314159-29E48C528E63472BB7F53979CD041DC4,rs,1.83,0.1018,0.04,2.18,0.0,0.0,0.0,0.0,1,0,0,0,0,1,0
RS-4318499-31123DA98D87438B8449734325145A71,rs,4.88,0.2438,0.0,0.0,0.0,0.0,0.0,0.0,2,0,0,0,0,1,0
RS-4313508-B4749D3CA506494397160D680BA091EF,rs,10.48,0.5822,0.32,3.05,0.0,0.0,0.0,0.0,1,0,0,0,0,1,0
RS-4313375-5D1445730D6742419F071D37FD20E1E3,rs,210.25,30.0356,2.7,1.28,0.0,0.0,0.0,0.0,1,0,0,0,0,1,0
RS-4311718-AC9E32825A5D4E308CCD0F524D9798F8,rs,26.07,1.3037,0.0,0.0,0.0,0.0,0.0,0.0,2,0,0,0,0,1,0
RS-4315404-094ED10894174539A690C5BD5BD9A95F,rs,15.77,0.7885,0.0,0.0,0.0,0.0,0.0,0.0,2,0,0,0,0,1,0
RS-4311908-E35583467B894E8C85CBD2BD0E42259B,rs,2.1,0.1049,0.0,0.0,0.0,0.0,0.0,0.0,2,0,0,0,0,1,0
RS-4313508-8867F96AB7E44F6DA8068BC38BBCD20A,rs,6.61,0.367,0.0,0.0,0.0,0.0,0.0,0.0,2,0,0,0,0,1,0
RS-4313334-2715435E18544EB7BC37DAC8DD39FA0E,rs,10.22,0.5112,0.0,0.0,0.0,0.0,0.0,0.0,2,0,0,0,0,1,0
RS-4311908-B0CF05389BB84823A11F6608736C0906,rs,5.11,0.2557,0.32,6.26,0.0,0.0,0.0,0.0,1,0,0,0,0,1,0
RS-4313508-1E4EC78AAA124DE7B5BDA4900ADF774C,rs,512.62,28.4789,1.01,0.2,0.0,0.0,0.0,0.0,1,0,0,0,0,1,0
RS-4315404-643B39410D09427CAAB69E29DE75BF5D,rs,4.39,0.2195,0.0,0.0,0.0,0.0,0.0,0.0,2,0,0,0,0,1,0
RS-4312427-FD8E3B8F8DCB4E80A77FB2BBBC981D1A,rs,21.67,1.2039,4.06,18.74,0.0,0.0,0.0,0.0,1,0,0,0,0,1,0
RS-4313334-9FD4DB4169454A60944AC7F566B52610,rs,47.17,2.3587,0.53,1.12,0.0,0.0,0.0,0.0,1,0,0,0,0,1,0
RS-4313102-A027711ADA8747328701113AB6050924,rs,6.17,0.3085,0.0,0.0,0.0,0.0,0.0,0.0,2,0,0,0,0,1,0
RS-4313508-AD386B6018654A15B2F3C1BAA711B6BC,rs,52.91,2.9394,0.0,0.0,0.0,0.0,0.0,0.0,2,0,0,0,0,1,0
RS-4311908-4D3A1C5037A544A59FA46E0F4AB7B487,rs,7.39,0.3695,0.0,0.0,0.0,0.0,0.0,0.0,2,0,0,0,0,1,0
RS-4314159-2E72C13EFFD043DCAE54C4ADE2D7605B,rs,3.01,0.1671,1.76,58.53,0.0,0.0,0.0,0.0,0,0,0,0,0,1,0
RS-4313508-FD2127E593904D69A3A4A1976E4EFE08,rs,7.89,0.4383,0.62,7.86,0.0,0.0,0.0,0.0,1,0,0,0,0,1,0
RS-4314159-E5F6E8DCC84A46BC8CFF3D678B7E5C10,rs,15.08,0.838,0.9,5.97,0.0,0.0,0.0,0.0,1,0,0,0,0,1,0
RS-4313508-613BA9C6BE314D96AD3B7328F7A0FB3F,rs,13.21,0.7337,0.23,1.74,0.0,0.0,0.0,0.0,1,0,0,0,0,1,0
RS-4318499-C8A420554883473FA5F42B34AA8DFF68,rs,3.0,0.15,0.0,0.0,0.0,0.0,0.0,0.0,2,0,0,0,0,1,0
RS-4315404-04594DE88AFE443B99524A4F315395CB,rs,5.5,0.2752,1.32,23.98,0.0,0.0,0.0,0.0,0,0,0,0,0,1,0
RS-4314159-22EC9D1C22D74EE085ED0D2ABB45B5B3,rs,4.34,0.241,1.47,33.88,0.0,0.0,0.0,0.0,0,0,0,0,0,1,0
RS-4313334-ED3EB357120D403A99465D77CD0E5BBB,rs,12.52,0.6261,0.0,0.0,0.0,0.0,0.0,0.0,2,0,0,0,0,1,0
RS-4311908-552E765804544702B86274838FE87765,rs,12.53,0.6264,0.21,1.68,0.0,0.0,0.0,0.0,1,0,0,0,0,1,0
RS-4314159-C3B0FB3E62B0474592E0F40C10639E87,rs,5.23,0.2907,5.22,99.77,0.0,0.0,0.0,0.0,0,0,0,0,0,1,0
RS-4313508-8C00788A4FA642C19F4AB8A2BF5A5A13,rs,8.43,0.4685,2.58,30.59,0.0,0.0,0.0,0.0,0,0,0,0,0,1,0
RS-4311908-1E40839321D34821AA1E67177463E71D,rs,6.01,0.3004,1.08,17.98,0.0,0.0,0.0,0.0,1,0,0,0,0,1,0
RS-4314159-C549BA03F5544545B0F9FA635AA1D927,rs,4.31,0.2392,0.34,7.9,0.0,0.0,0.0,0.0,1,0,0,0,0,1,0
RS-4311718-0BD3D1053DBE4725B37981428F53ACA0,rs,35.35,1.7676,0.31,0.88,0.0,0.0,0.0,0.0,1,0,0,0,0,1,0
RS-4314159-D084EE643EB94D29BDF4181D6A8CE404,rs,9.87,0.5485,0.07,0.71,0.0,0.0,0.0,0.0,1,0,0,0,0,1,0
RS-4314159-EA14D2FD37124E07ABA622C48327B7EC,rs,6.75,0.3748,2.77,41.06,0.0,0.0,0.0,0.0,0,0,0,0,0,1,0
RS-4318499-9F6F74D0955349CD88900D45D3C4062A,rs,14.72,0.7358,0.08,0.54,0.0,0.0,0.0,0.0,1,0,0,0,0,1,0
RS-4313375-C2473C0B98124FC995891D65350C1A5B,rs,42.75,6.1073,0.47,1.1,0.0,0.0,0.0,0.0,1,0,0,0,0,1,0
RS-4314159-FACC9ABAB41440E0994E72AAD78091A1,rs,6.5,0.3611,3.96,60.92,0.0,0.0,0.0,0.0,0,0,0,0,0,1,0
RS-4315404-6C2EBE1AF925481EA4267CC8A98E5F85,rs,2.85,0.1427,0.0,0.0,0.0,0.0,0.0,0.0,2,0,0,0,0,1,0
RS-4313508-406E0489398E48D1BFCE1E7D3A7722CD,rs,0.34,0.0188,0.0,0.0,0.0,0.0,0.0,0.0,2,0,0,0,0,1,0
RS-4314159-76BAF20FFF034FB5B3D9896EDB7E5575,rs,5.16,0.2865,3.47,67.28,0.0,0.0,0.0,0.0,0,0,0,0,0,1,0
RS-4313334-D6B38485FEEB4DEC8D2AD8F2094806B8,rs,25.01,1.2507,0.02,0.08,0.0,0.0,0.0,0.0,1,0,0,0,0,1,0
RS-4311718-AF0C888B8210420D948BA3440C036A13,rs,80.0,4.0,0.0,0.0,0.0,0.0,0.0,0.0,2,0,0,0,0,1,0
RS-4315404-A5E48174982E477B87F97E26C652A7BD,rs,4.22,0.2109,0.0,0.0,0.0,0.0,0.0,0.0,2,0,0,0,0,1,0
RS-4318499-2659D4BFC02B43C7B58FDA4EDB8B2B2E,rs,1.74,0.0871,0.0,0.0,0.0,0.0,0.0,0.0,2,0,0,0,0,1,0
RS-4314159-EA72FA0BBA744AE3B7522A0D10AAD691,rs,5.81,0.3228,2.78,47.85,0.0,0.0,0.0,0.0,0,0,0,0,0,1,0
RS-4318499-3D0852B2E30F46D396E9F5AC6704288B,rs,8.56,0.4282,0.0,0.0,0.0,0.0,0.0,0.0,2,0,0,0,0,1,0
RS-4313102-3EBB2D9CCC7D472FAD7132DB2139E02F,rs,3.64,0.1818,0.02,0.55,0.0,0.0,0.0,0.0,1,0,0,0,0,1,0
RS-4313334-25CFED2F19EE450AB8CDD7FFF5ED3A1A,rs,10.65,0.5326,0.0,0.0,0.0,0.0,0.0,0.0,2,0,0,0,0,1,0
RS-4315404-C4C8DCCC92DE47A4B2F7DA0D27FA8763,rs,12.54,0.6268,0.29,2.31,0.0,0.0,0.0,0.0,1,0,0,0,0,1,0
RS-4311908-EBE05E580A1D4B1F93954B5A47A5DC07,rs,1.45,0.0725,0.0,0.0,0.0,0.0,0.0,0.0,2,0,0,0,0,1,0
RS-4315404-0703C99F777F49B681E56573D8D5C567,rs,4.0,0.2,0.0,0.0,0.0,0.0,0.0,0.0,2,0,0,0,0,1,0
RS-4313334-25D4D18553D94506B0CE5424FFAF39A1,rs,14.97,0.7486,0.0,0.0,0.0,0.0,0.0,0.0,2,0,0,0,0,1,0
RS-4312427-6C8B74EEF8D74113B8A90C86C9F4CFC8,rs,2.42,0.1347,0.0,0.0,0.0,0.0,0.0,0.0,2,0,0,0,0,1,0
RS-4311908-71345AD1230540C5B9803945E726B228,rs,28.22,1.4111,2.43,8.61,0.0,0.0,0.0,0.0,1,0,0,0,0,1,0
RS-4312427-F1C2F6A5FB9F4712BD905E7A1730519F,rs,25.31,1.4059,7.21,28.49,0.0,0.0,0.0,0.0,0,0,0,0,0,1,0
RS-4313102-C2195FA024294AC9A080CA08A0FD22E4,rs,77.97,3.8986,0.34,0.44,0.0,0.0,0.0,0.0,1,0,0,0,0,1,0
RS-4313508-5EA6739327F843E98E82F22C3F7F2593,rs,3.04,0.1689,0.0,0.0,0.0,0.0,0.0,0.0,2,0,0,0,0,1,0
RS-4313375-0A5D51DCA47E4E4EBD018347943EDD03,rs,18.76,2.6801,0.08,0.43,0.0,0.0,0.0,0.0,1,0,0,0,0,1,0
RS-4311718-C1FB3F22D79C40C58D81EEB242D17BA7,rs,32.62,1.6308,0.39,1.2,0.0,0.0,0.0,0.0,1,0,0,0,0,1,0
RS-4311718-0FD4ABA4CB284A73A1D33DE1B7385836,rs,39.79,1.9897,0.0,0.0,0.0,0.0,0.0,0.0,2,0,0,0,0,1,0
RS-4312427-C1F7A723FBE042E5B3A2B837924ADEA8,rs,12.09,0.6719,0.0,0.0,0.0,0.0,0.0,0.0,2,0,0,0,0,1,0
RS-4312427-0E13963E62CA4416984BF658A4EAA370,rs,59.37,3.2982,3.61,6.08,0.0,0.0,0.0,0.0,1,0,0,0,0,1,0
RS-4312427-4816BE5275E74E92B23B9BFF76EC1BC2,rs,31.48,1.7488,1.71,5.43,0.0,0.0,0.0,0.0,1,0,0,0,0,1,0
RS-4313334-49B88D274EC1468A8E35647565FBB6BF,rs,13.56,0.6782,0.0,0.0,0.0,0.0,0.0,0.0,2,0,0,0,0,1,0
RS-4313102-6F262BBF56A14FBD9FBD23847A35804E,rs,1.86,0.0932,0.0,0.0,0.0,0.0,0.0,0.0,2,0,0,0,0,1,0
RS-4313102-2698E30C3D6C42499826B9AFA634219B,rs,82.75,3.1492,0.35,0.42,0.0,0.0,0.0,0.0,1,0,0,0,0,1,0
RS-4313508-BC7CDCA9457A489D8B1F3C376E3E9729,rs,3.12,0.1733,0.0,0.0,0.0,0.0,0.0,0.0,2,0,0,0,0,1,0
RS-4315404-0D4FF9E2A11340B8B946D895F235FD37,rs,4.74,0.2372,0.0,0.0,0.0,0.0,0.0,0.0,2,0,0,0,0,1,0
RS-4311908-781E1A3434E24A21B218E303972D3DBF,rs,1.62,0.0812,0.0,0.0,0.0,0.0,0.0,0.0,2,0,0,0,0,1,0
RS-4313334-E74E143DF9694A2FB06952C756074DC9,rs,5.36,0.2678,0.0,0.0,0.0,0.0,0.0,0.0,2,0,0,0,0,1,0
RS-4315404-3EB135638C5C4F23BDF17E91DDE3A0B6,rs,165.07,8.2533,0.17,0.1,0.0,0.0,0.0,0.0,1,0,0,0,0,1,0
RS-4313102-5C20978D26874C118926411CAF5D2FF4,rs,20.24,1.0118,0.23,1.14,0.0,0.0,0.0,0.0,1,0,0,0,0,1,0
RS-4314159-0777422D951C421E8BAE0A50BD7758AF,rs,5.97,0.3315,2.06,34.52,0.0,0.0,0.0,0.0,0,0,0,0,0,1,0
RS-4312427-5F817EA6AB704FBFA55F940837D06223,rs,56.59,3.1437,32.14,56.8,0.0,0.0,0.0,0.0,0,0,0,0,0,1,0
RS-4313375-55F6E95335694271A6EE0ED7FE4C2F58,rs,8.93,1.2752,2.13,23.86,0.0,0.0,0.0,0.0,0,0,0,0,0,1,0
RS-4311908-5194556A4BF64AA289D3C0303B699F11,rs,11.27,0.5633,0.0,0.0,0.0,0.0,0.0,0.0,2,0,0,0,0,1,0
RS-4313508-C32F588090CC4A8BA67BAE9E5DB5F566,rs,4.4,0.2446,1.06,24.08,0.0,0.0,0.0,0.0,0,0,0,0,0,1,0
RS-4313102-61C9E26A8E0E4653B3321AF876C99AC1,rs,23.3,1.1615,1.15,4.94,0.0,0.0,0.0,0.0,1,0,0,0,0,1,0
RS-4313102-1CF28EB8B0574A45A9A26CA5A053301B,rs,23.26,1.1631,0.42,1.81,0.0,0.0,0.0,0.0,1,0,0,0,0,1,0
RS-4313102-801E5D1BF2D04D39AD5405CF46FDDF0C,rs,6.54,0.3269,0.0,0.0,0.0,0.0,0.0,0.0,2,0,0,0,0,1,0
RS-4314159-724A70D54C9D4A768CCB572D38888511,rs,24.05,1.3358,7.26,30.19,0.0,0.0,0.0,0.0,0,0,0,0,0,1,0
RS-4311908-210A71C9A5BE49668DF4D65E539568B9,rs,16.41,0.8207,0.1,0.61,0.0,0.0,0.0,0.0,1,0,0,0,0,1,0
RS-4313508-97611A275FD24DDCAAAA3B4B30F9245A,rs,50.71,2.817,0.0,0.0,0.0,0.0,0.0,0.0,2,0,0,0,0,1,0
RS-4311718-E6A04C298B034514BACABCD1A67FA751,rs,86.03,4.3015,0.24,0.28,0.0,0.0,0.0,0.0,1,0,0,0,0,1,0
RS-4314159-D01A4B13AF5C48428AD6B12D3BDE0EC8,rs,7.78,0.4321,7.79,100.16,0.0,0.0,0.0,0.0,0,0,0,0,0,1,0
RS-4313102-68C4AC32E23349BDB3446D739AB09CF6,rs,5.99,0.2996,0.0,0.0,0.0,0.0,0.0,0.0,2,0,0,0,0,1,0
RS-4313334-26B3D956DCCB41828C70C3D0E67A3011,rs,7.61,0.3807,0.03,0.39,0.0,0.0,0.0,0.0,1,0,0,0,0,1,0
RS-4315404-307E960073DE4BF6866694DFE999CD2D,rs,43.9,2.195,2.22,5.06,0.0,0.0,0.0,0.0,1,0,0,0,0,1,0
RS-4318499-F4AFA76702C84262BDDFBA19D90022BB,rs,45.83,2.2917,0.87,1.9,0.0,0.0,0.0,0.0,1,0,0,0,0,1,0
RS-4313508-A01ECB8C16D2447885B1CCADC8DE5607,rs,0.74,0.0409,0.0,0.0,0.0,0.0,0.0,0.0,2,0,0,0,0,1,0
RS-4311908-5AF493AB335B4614B7D6F19C5710A311,rs,18.25,0.9124,0.87,4.77,0.0,0.0,0.0,0.0,1,0,0,0,0,1,0
RS-4318499-8FF1D71C83264D59A94255A58C927E6A,rs,23.73,1.1864,4.64,19.55,0.0,0.0,0.0,0.0,1,0,0,0,0,1,0
RS-4313375-7A99AEF8AA3B427B96BBBE045790B249,rs,13.1,1.8716,6.05,46.18,0.0,0.0,0.0,0.0,0,0,0,0,0,1,0
RS-4312427-C487F258BF454915B09AC4D2F063C8E8,rs,1.29,0.0715,0.0,0.0,0.0,0.0,0.0,0.0,2,0,0,0,0,1,0
RS-4312427-C796E0F37118491694954C2DFCD351F6,rs,2.28,0.1265,0.0,0.0,0.0,0.0,0.0,0.0,2,0,0,0,0,1,0
RS-4313508-B1EEE66CE976447ABBF22E1C2D8F3551,rs,3.97,0.2207,0.09,2.27,0.0,0.0,0.0,0.0,1,0,0,0,0,1,0
RS-4314159-A8BDD4E8E5B040AAA63D2522C5AD5713,rs,22.15,1.2303,3.76,16.98,0.0,0.0,0.0,0.0,1,0,0,0,0,1,0
RS-4313102-7B28CF93BD374132A19126B7B85232F0,rs,6.99,0.3493,0.0,0.0,0.0,0.0,0.0,0.0,2,0,0,0,0,1,0
RS-4314159-AB9926C9E31D4192AA885507721634BF,rs,21.47,1.1926,8.86,41.27,0.0,0.0,0.0,0.0,0,0,0,0,0,1,0
RS-4315404-AA2A15F7E5A8463687F5EB852E5D82A5,rs,1.65,0.0824,0.0,0.0,0.0,0.0,0.0,0.0,2,0,0,0,0,1,0
RS-4313334-BF3FDE92BF7B4E01A80B3334C0CFF968,rs,6.14,0.3068,0.0,0.0,0.0,0.0,0.0,0.0,2,0,0,0,0,1,0
RS-4315404-A1938578C41D4E3E96014E3AD979CC5D,rs,5.17,0.2586,0.0,0.0,0.0,0.0,0.0,0.0,2,0,0,0,0,1,0
RS-4313334-E5334B876E4F4741A379978CF1812536,rs,8.09,0.4045,0.0,0.0,0.0,0.0,0.0,0.0,2,0,0,0,0,1,0
RS-4313508-8BE39D655C3E4533A9CAE0D736000E2F,rs,9.99,0.5551,0.0,0.0,0.0,0.0,0.0,0.0,2,0,0,0,0,1,0
RS-4314159-64A4773774D04BA38AF9CC091C8EF807,rs,6.69,0.3717,4.83,72.19,0.0,0.0,0.0,0.0,0,0,0,0,0,1,0
RS-4311908-9D246AE0C8234A92A330D92DAFF3616D,rs,14.94,0.747,0.4,2.68,0.0,0.0,0.0,0.0,1,0,0,0,0,1,0
RS-4313334-5221702D25B34927B905340BBD9B72D2,rs,5.0,0.25,0.0,0.0,0.0,0.0,0.0,0.0,2,0,0,0,0,1,0
RS-4314159-E910E559B9D945C1822439A5A6DCB124,rs,23.73,1.3183,3.7,15.59,0.0,0.0,0.0,0.0,1,0,0,0,0,1,0
RS-4313508-FCA52AFA865949009488BC98C14FCAC2,rs,6.01,0.3338,1.51,25.13,0.0,0.0,0.0,0.0,0,0,0,0,0,1,0
RS-4313508-2DE70D325C274E6F8EB16B2506502B3D,rs,5.27,0.2928,0.1,1.9,0.0,0.0,0.0,0.0,1,0,0,0,0,1,0
RS-4312427-888FC77DA1044313B319E3C5881AB3E0,rs,15.53,0.8629,0.34,2.19,0.0,0.0,0.0,0.0,1,0,0,0,0,1,0
RS-4311718-B367DC3B337C4D0B90272399CCA70D00,rs,18.77,0.9387,0.0,0.0,0.0,0.0,0.0,0.0,2,0,0,0,0,1,0
RS-4313102-9DDA4FE76DEF42CFA2FE8206BD8373FD,rs,33.6,1.6801,3.28,9.76,0.0,0.0,0.0,0.0,1,0,0,0,0,1,0
RS-4314159-EBB5EAA5CCF64E26946DB601E52084E6,rs,27.07,1.5041,19.52,72.1,0.0,0.0,0.0,0.0,0,0,0,0,0,1,0
RS-4313508-DD49558A33434355BEE67A77010C216F,rs,13.23,0.735,0.08,0.6,0.0,0.0,0.0,0.0,1,0,0,0,0,1,0
RS-4311908-07946DF14B5A46F3A7167FA3D7F523A4,rs,19.67,0.9835,0.25,1.27,0.0,0.0,0.0,0.0,1,0,0,0,0,1,0
RS-4311718-6C9FFA7404184B7E8EED73929A191ABC,rs,7.08,0.3538,0.0,0.0,0.0,0.0,0.0,0.0,2,0,0,0,0,1,0
RS-4314159-3C97563AFA3E406ABFF1A66033FD621E,rs,8.1,0.4501,4.95,61.1,0.0,0.0,0.0,0.0,0,0,0,0,0,1,0
RS-4313508-E2F44DBA79AF406DB04993C1BB37C944,rs,7.56,0.4202,0.06,0.79,0.0,0.0,0.0,0.0,1,0,0,0,0,1,0
RS-4314159-CC51640C76BF4449A9014DCDD08CDAE2,rs,1.08,0.0599,0.08,7.42,0.0,0.0,0.0,0.0,1,0,0,0,0,1,0
RS-4313102-075AED4B180D4F6486D52014740A3383,rs,22.68,1.1341,0.0,0.0,0.0,0.0,0.0,0.0,2,0,0,0,0,1,0
RS-4313334-214E191E63B7481AB8B75BABFEF646EA,rs,9.88,0.494,0.4,4.05,0.0,0.0,0.0,0.0,1,0,0,0,0,1,0
RS-4313102-A3D25389CC1B40D4B61A6774AFB1EBEA,rs,8.5,0.4248,0.21,2.47,0.0,0.0,0.0,0.0,1,0,0,0,0,1,0
RS-4313102-E3A5C25F03BC4B7D8F5ED8E7686F71EF,rs,3.93,0.1967,0.05,1.27,0.0,0.0,0.0,0.0,1,0,0,0,0,1,0
RS-4314159-A68261CDEFF441119C1358DBF78B4AEB,rs,7.11,0.3949,4.22,59.37,0.0,0.0,0.0,0.0,0,0,0,0,0,1,0
RS-4313334-ECD2EBE4509B49E0BCEFEF1E56AA253F,rs,4.71,0.2353,0.0,0.0,0.0,0.0,0.0,0.0,2,0,0,0,0,1,0
RS-4311718-06F90C8DCB56412AADE224B9D431B401,rs,47.79,2.3896,0.0,0.0,0.0,0.0,0.0,0.0,2,0,0,0,0,1,0
RS-4311908-91C05650E1864388BDD7DF7BD8498FB7,rs,18.5,0.925,0.29,1.57,0.0,0.0,0.0,0.0,1,0,0,0,0,1,0
RS-4311908-C3FAE2008DC74084AC0BF534921C715F,rs,18.56,0.9281,0.8,4.31,0.0,0.0,0.0,0.0,1,0,0,0,0,1,0
RS-4312427-7241767281EE47C7B232A55553EB6998,rs,24.97,1.3873,0.47,1.88,0.0,0.0,0.0,0.0,1,0,0,0,0,1,0
RS-4313508-F5ECCCF672624339A4CA45EDEFE0C64D,rs,12.04,0.6686,0.0,0.0,0.0,0.0,0.0,0.0,2,0,0,0,0,1,0
RS-4315404-409420B64864435F993663041787C2FF,rs,53.61,2.6804,1.66,3.1,0.0,0.0,0.0,0.0,1,0,0,0,0,1,0
RS-4311718-7888CA6023A6485FB6A32D589D23FB93,rs,210.01,10.5006,1.25,0.6,0.0,0.0,0.0,0.0,1,0,0,0,0,1,0
RS-4313334-EB9E1C5990C346D9971710CB0F08BEBD,rs,8.94,0.447,0.06,0.67,0.0,0.0,0.0,0.0,1,0,0,0,0,1,0
RS-4313334-B0C06A5319FA4ECDB95BEA01F62E563C,rs,3.0,0.15,0.0,0.0,0.0,0.0,0.0,0.0,2,0,0,0,0,1,0
RS-4315404-29C04579CA5941BF88BD12FD38E01C1E,rs,2.64,0.1322,0.0,0.0,0.0,0.0,0.0,0.0,2,0,0,0,0,1,0
RS-4311908-B49BECEDC1EA4D74AD02942FCB192A14,rs,25.69,1.2844,3.86,15.03,0.0,0.0,0.0,0.0,1,0,0,0,0,1,0
RS-4311718-F74D6D8489444B21BA0168D6EECD68C0,rs,25.8,1.2899,0.08,0.31,0.0,0.0,0.0,0.0,1,0,0,0,0,1,0
RS-4313375-2EB6BE17D8F24FB38AA2ABD38BB874BE,rs,32.34,4.6204,12.9,39.89,0.0,0.0,0.0,0.0,0,0,0,0,0,1,0
RS-4313508-AB5375848EA841B597CFD556F2D4D479,rs,1.46,0.0809,0.03,2.06,0.0,0.0,0.0,0.0,1,0,0,0,0,1,0
RS-4318499-ADA150F7C9E247FCA541803D9870123F,rs,10.96,0.5479,0.14,1.28,0.0,0.0,0.0,0.0,1,0,0,0,0,1,0
RS-4313334-BF667E4FFCA64A39906DF0AAB31B231A,rs,7.06,0.353,0.01,0.14,0.0,0.0,0.0,0.0,1,0,0,0,0,1,0
RS-4315404-2A91203CC8CF4B648E6AF4544D9639A9,rs,7.16,0.3582,0.0,0.0,0.0,0.0,0.0,0.0,2,0,0,0,0,1,0
RS-4313334-C703880956224D3693822FF96E01B046,rs,3.53,0.1764,0.0,0.0,0.0,0.0,0.0,0.0,2,0,0,0,0,1,0
RS-4313375-F3E945D7B8014BDD82BA219385F15C72,rs,183.22,1.745,35.54,19.4,0.0,0.0,0.0,0.0,1,0,0,0,0,1,0
RS-4312427-6C76E8281D334B329C8E34951B084425,rs,6.52,0.362,0.01,0.15,0.0,0.0,0.0,0.0,1,0,0,0,0,1,0
RS-4315404-C7D64E36258A4AC69427D1CD6C90E992,rs,18.51,0.9255,0.41,2.22,0.0,0.0,0.0,0.0,1,0,0,0,0,1,0
RS-4314159-DD99E6E9BB5E45BE9EC99ECC71691AC5,rs,3.54,0.1966,0.9,25.44,0.0,0.0,0.0,0.0,0,0,0,0,0,1,0
RS-4311908-53841555776B4021A8E9EB4EA141DE5C,rs,24.63,1.2313,1.74,7.07,0.0,0.0,0.0,0.0,1,0,0,0,0,1,0
RS-4313375-410B4CA0709444CFAA31A7E1421AFA0B,rs,20.12,2.875,0.09,0.45,0.0,0.0,0.0,0.0,1,0,0,0,0,1,0
RS-4313334-507EA53BA57A429299B9BC7E8FE6C49C,rs,33.1,1.6551,0.0,0.0,0.0,0.0,0.0,0.0,2,0,0,0,0,1,0
RS-4312427-AA3E2336C2F2425F9950DCDA54B81DAC,rs,10.52,0.5847,0.38,3.61,0.0,0.0,0.0,0.0,1,0,0,0,0,1,0
RS-4318499-30C47A7616AF44659172B5E403B69BC8,rs,6.49,0.3247,0.0,0.0,0.0,0.0,0.0,0.0,2,0,0,0,0,1,0
RS-4313334-AAC648DFE7B144DBBC3F3CFA547453F5,rs,4.83,0.2414,0.0,0.0,0.0,0.0,0.0,0.0,2,0,0,0,0,1,0
RS-4313334-C3829D625E1740F4906D87D8D5547ABA,rs,160.84,8.0419,1.09,0.68,0.0,0.0,0.0,0.0,1,0,0,0,0,1,0
RS-4313508-6E0655E9A9024FC797890A77E8D9229E,rs,55.71,3.0952,12.15,21.81,0.0,0.0,0.0,0.0,0,0,0,0,0,1,0
RS-4313334-F5CDDC196CBD41FAAFA4B6594CC9F38E,rs,107.67,5.3837,1.9,1.76,0.0,0.0,0.0,0.0,1,0,0,0,0,1,0
RS-4313508-9EBF57E48C1B49A1AEE65AC8EA1B8295,rs,64.69,3.5937,0.16,0.25,0.0,0.0,0.0,0.0,1,0,0,0,0,1,0
RS-4314159-F7FE0B13684345C887DC1A375CF3BD64,rs,19.16,1.0642,11.34,59.2,0.0,0.0,0.0,0.0,0,0,0,0,0,1,0
RS-4313375-21E9435FFF4F4144894838406DC7374D,rs,46.87,6.696,0.0,0.0,0.0,0.0,0.0,0.0,2,0,0,0,0,1,0
RS-4311908-52A629A1B9044E9EB5579568259E2F83,rs,5.38,0.2692,0.66,12.26,0.0,0.0,0.0,0.0,1,0,0,0,0,1,0
RS-4313508-BC17A655FB044CCAA6E682E49D7E00A4,rs,9.99,0.5552,0.23,2.3,0.0,0.0,0.0,0.0,1,0,0,0,0,1,0
RS-4313508-543469B8A6454DA6B9759778CBFE2FFE,rs,5.36,0.2976,0.45,8.4,0.0,0.0,0.0,0.0,1,0,0,0,0,1,0
RS-4312427-FC9D65B0464B4DA18AC3E6F330C89217,rs,7.34,0.4078,0.29,3.95,0.0,0.0,0.0,0.0,1,0,0,0,0,1,0
RS-4315404-C21E7DD625D9434ABD03555E6CD2F087,rs,9.63,0.4814,0.0,0.0,0.0,0.0,0.0,0.0,2,0,0,0,0,1,0
RS-4313508-B08E0BDD8D074DA2997E4999D4D745F4,rs,10.46,0.5812,0.01,0.1,0.0,0.0,0.0,0.0,1,0,0,0,0,1,0
RS-4314159-3870AF406E214BA3A7BF672FC4463FA4,rs,5.72,0.3178,0.83,14.51,0.0,0.0,0.0,0.0,1,0,0,0,0,1,0
RS-4312427-FD38D16CE24E4585986D2AC336F59005,rs,50.35,2.7971,0.24,0.48,0.0,0.0,0.0,0.0,1,0,0,0,0,1,0
RS-4314159-D3BB2FD3BFDC46FB96F6BE6441B38743,rs,14.0,0.7776,8.91,63.66,0.0,0.0,0.0,0.0,0,0,0,0,0,1,0
RS-4312427-637BEA8CC39C4F1DA80455A00957C1ED,rs,8.27,0.4592,0.31,3.75,0.0,0.0,0.0,0.0,1,0,0,0,0,1,0
RS-4312427-5AB7CB67B2F0416C8666594B71C631E7,rs,0.96,0.0533,0.0,0.0,0.0,0.0,0.0,0.0,2,0,0,0,0,1,0
RS-4313375-50F92A0E583845ED8A698BB940B862D1,rs,12.01,1.7156,0.0,0.0,0.0,0.0,0.0,0.0,2,0,0,0,0,1,0
RS-4311718-F53B5F0FEE544742A145AFAC5A7E6F78,rs,14.51,0.7257,0.0,0.0,0.0,0.0,0.0,0.0,2,0,0,0,0,1,0
RS-4311908-1844BA28FCBC4A758319A66C68F9368A,rs,4.04,0.2019,1.51,37.39,0.0,0.0,0.0,0.0,0,0,0,0,0,1,0
RS-4313375-E53027C619474D1BA2C04958B57D8056,rs,10.83,0.6612,7.92,73.11,0.0,0.0,0.0,0.0,0,0,0,0,0,1,0
RS-4312427-8D3B4A393D2E488696F4650FE06B33DE,rs,6.87,0.3815,1.13,16.45,0.0,0.0,0.0,0.0,1,0,0,0,0,1,0
RS-4314159-7B5A11AA05D34B268E2945610CD66BE8,rs,2.69,0.1497,2.69,99.82,0.0,0.0,0.0,0.0,0,0,0,0,0,1,0
RS-4315404-0056C9638C284B089E1D22CB9E9E1327,rs,4.42,0.2209,0.03,0.68,0.0,0.0,0.0,0.0,1,0,0,0,0,1,0
RS-4311908-4D89168E9B9E4607AAD641EC06BB6A42,rs,2.22,0.1112,0.0,0.0,0.0,0.0,0.0,0.0,2,0,0,0,0,1,0
RS-4313508-3D818925DFB343D3B6825EF444F43AAE,rs,1.05,0.0583,0.0,0.0,0.0,0.0,0.0,0.0,2,0,0,0,0,1,0
RS-4313334-E9E5BE5EDE70433EB91AFD85A82751FF,rs,13.47,0.6736,0.0,0.0,0.0,0.0,0.0,0.0,2,0,0,0,0,1,0
RS-4313334-2354FF78229141F9AB332836D2940365,rs,69.26,3.4632,0.52,0.75,0.0,0.0,0.0,0.0,1,0,0,0,0,1,0
RS-4313102-67EFD30C754146D08E5F009536809704,rs,7.73,0.3866,0.0,0.0,0.0,0.0,0.0,0.0,2,0,0,0,0,1,0
RS-4313508-E09D98478E204C42B84D312D5F896597,rs,9.54,0.53,0.2,2.1,0.0,0.0,0.0,0.0,1,0,0,0,0,1,0
RS-4311908-C8A5F2BE5B084360AAFB33770F3EA43B,rs,5.27,0.2637,0.0,0.0,0.0,0.0,0.0,0.0,2,0,0,0,0,1,0
RS-4312427-A37A70345A2C4668BBAAD014596F5CD7,rs,16.76,0.9309,0.0,0.0,0.0,0.0,0.0,0.0,2,0,0,0,0,1,0
RS-4313102-C5B9DC6AC97A4BAB968345AD93F34F99,rs,14.79,0.7395,0.29,1.96,0.0,0.0,0.0,0.0,1,0,0,0,0,1,0
RS-4313508-5DFC077894C74DDEB02B3576394F462C,rs,163.33,9.0737,1.48,0.91,0.0,0.0,0.0,0.0,1,0,0,0,0,1,0
RS-4311718-5BF60B33BD664B3197C927A7C40F3CA9,rs,27.04,1.3518,0.0,0.0,0.0,0.0,0.0,0.0,2,0,0,0,0,1,0
RS-4311908-B284C04C55094F1BBD0D0055072C49CA,rs,14.98,0.7489,0.16,1.07,0.0,0.0,0.0,0.0,1,0,0,0,0,1,0
RS-4314159-3C54C2D4D9C94498BC288D251251E245,rs,1.98,0.1102,0.47,23.7,0.0,0.0,0.0,0.0,0,0,0,0,0,1,0
RS-4313508-5E4D4135CF6A4C9B8BC9E6DCBDA119B2,rs,38.59,2.1439,0.0,0.0,0.0,0.0,0.0,0.0,2,0,0,0,0,1,0
RS-4314159-ADEA45BC7CC84E84B80CF74F6543831C,rs,7.02,0.3899,2.61,37.19,0.0,0.0,0.0,0.0,0,0,0,0,0,1,0
RS-4312427-5F8EA66752F841FCBE2A89B9326AA0DE,rs,2.27,0.1263,0.01,0.44,0.0,0.0,0.0,0.0,1,0,0,0,0,1,0
RS-4314159-BF7ABCCABB484D16BAABA511FD4A23C6,rs,2.79,0.1549,2.21,79.26,0.0,0.0,0.0,0.0,0,0,0,0,0,1,0
RS-4313508-6E53EF50100443A8932BF59B833596EC,rs,5.16,0.2867,0.45,8.72,0.0,0.0,0.0,0.0,1,0,0,0,0,1,0
RS-4311908-F86B41217F9E42E8AF2EF9CAAF21C2D0,rs,4.18,0.209,0.0,0.0,0.0,0.0,0.0,0.0,2,0,0,0,0,1,0
RS-4313334-4C7C0D4F53634FABBD80A3749CD164C6,rs,30.05,1.5025,0.0,0.0,0.0,0.0,0.0,0.0,2,0,0,0,0,1,0
RS-4313375-9F9F2E66C01C4B3E8CDE45BCFE01A884,rs,8.41,1.2008,0.01,0.12,0.0,0.0,0.0,0.0,1,0,0,0,0,1,0
RS-4311718-AAAC5CBFB609482FB30DDA4CF5FEE6F4,rs,41.8,2.0901,0.16,0.38,0.0,0.0,0.0,0.0,1,0,0,0,0,1,0
RS-4311718-5D9C0203E7AB4147962254FD05629370,rs,51.2,2.56,0.0,0.0,0.0,0.0,0.0,0.0,2,0,0,0,0,1,0
RS-4313334-02B071ED00454C928078CA8F6AD5C30C,rs,77.78,3.8983,0.0,0.0,0.0,0.0,0.0,0.0,2,0,0,0,0,1,0
RS-4314159-F44DEB7304B74BE7BA2BE11CDE902F5B,rs,6.92,0.3843,3.59,51.89,0.0,0.0,0.0,0.0,0,0,0,0,0,1,0
RS-4314159-10356081986F4717A6D3047DEA0DFE78,rs,7.82,0.4345,3.6,46.03,0.0,0.0,0.0,0.0,0,0,0,0,0,1,0
RS-4311718-3674F3272CDC4DEAB5B16FEC6160A9BF,rs,61.82,3.0909,0.0,0.0,0.0,0.0,0.0,0.0,2,0,0,0,0,1,0
RS-4311718-57BC9C209E4D4EBD9335EB4643CC36EC,rs,732.78,36.6392,0.0,0.0,0.0,0.0,0.0,0.0,2,0,0,0,0,1,0
RS-4318499-ECB6027DB20140B5AD1A23077CC521A9,rs,12.54,0.6269,0.0,0.0,0.0,0.0,0.0,0.0,2,0,0,0,0,1,0
RS-4314159-87474DB275A9435CBFB15F6266E880A0,rs,6.03,0.335,5.97,98.99,0.0,0.0,0.0,0.0,0,0,0,0,0,1,0
RS-4313102-73768F9F16FE4740B621B8F72F813C78,rs,15.19,0.7595,0.08,0.53,0.0,0.0,0.0,0.0,1,0,0,0,0,1,0
RS-4313508-5E7C9BD76E8E4B5E991D8DF05481BBE0,rs,38.38,2.1323,7.15,18.63,0.0,0.0,0.0,0.0,1,0,0,0,0,1,0
RS-4311718-671B425C7A2C475CB0472F2954652B49,rs,13.42,0.6709,0.0,0.0,0.0,0.0,0.0,0.0,2,0,0,0,0,1,0
RS-4314159-4CF6C767F0E14A75A49B429231663F56,rs,2.0,0.1108,1.16,58.15,0.0,0.0,0.0,0.0,0,0,0,0,0,1,0
RS-4315404-5916939CBB8946598B03EC1A5A6A6211,rs,13.08,0.654,1.03,7.87,0.0,0.0,0.0,0.0,1,0,0,0,0,1,0
RS-4318499-194340189709407F9F16BF8C5527188F,rs,12.18,0.6092,0.3,2.46,0.0,0.0,0.0,0.0,1,0,0,0,0,1,0
RS-4311718-4FE8936DF0F04799988BD100FBA64D14,rs,333.02,16.6512,0.0,0.0,0.0,0.0,0.0,0.0,2,0,0,0,0,1,0
RS-4311718-53EC4D96AC6149858609C3D723AE3131,rs,68.73,3.4363,0.0,0.0,0.0,0.0,0.0,0.0,2,0,0,0,0,1,0
RS-4311908-4504F3C545B346E78ECF82C2A7ACA8E0,rs,20.04,1.0021,0.3,1.5,0.0,0.0,0.0,0.0,1,0,0,0,0,1,0
RS-4313334-124B8DFA04714093BA8824941D3443B3,rs,5.1,0.2551,0.07,1.37,0.0,0.0,0.0,0.0,1,0,0,0,0,1,0
RS-4311908-CB2ECE6FCB994C9BAAFE1A2767EB561C,rs,3.0,0.1499,0.33,11.01,0.0,0.0,0.0,0.0,1,0,0,0,0,1,0
RS-4311718-10666620BA0C454F81CA37B87B2E164A,rs,330.02,16.5011,1.48,0.45,0.0,0.0,0.0,0.0,1,0,0,0,0,1,0
RS-4311908-EC30966421024ED38C56D4145C0A5A5A,rs,12.1,0.6052,0.08,0.66,0.0,0.0,0.0,0.0,1,0,0,0,0,1,0
RS-4313508-18463A1B090740E0A10EE92A8004BB74,rs,3.61,0.2003,0.0,0.0,0.0,0.0,0.0,0.0,2,0,0,0,0,1,0
RS-4313102-7BF5E5328D9F42379454B35F2928D20D,rs,33.69,1.6843,1.32,3.92,0.0,0.0,0.0,0.0,1,0,0,0,0,1,0
RS-4314159-187E5A84C6F347EE9A60F70DD3C5FC44,rs,10.14,0.5633,3.07,30.28,0.0,0.0,0.0,0.0,0,0,0,0,0,1,0
RS-4318499-78867F2DEBB441B38A3BF7A1C9A4B46E,rs,4.14,0.2072,0.24,5.79,0.0,0.0,0.0,0.0,1,0,0,0,0,1,0
RS-4311908-0C89E56650D34E76BB709A7C8E5E66DD,rs,28.73,1.4363,0.4,1.39,0.0,0.0,0.0,0.0,1,0,0,0,0,1,0
RS-4311908-6272FFD0FEEF4A1D95BDF519BBEAB70C,rs,4.49,0.2244,2.5,55.71,0.0,0.0,0.0,0.0,0,0,0,0,0,1,0
RS-4313508-D336A2585E6F49959BDCE507467A93D4,rs,18.86,1.0478,0.0,0.0,0.0,0.0,0.0,0.0,2,0,0,0,0,1,0
RS-4313334-F28222965AF048B88D4F90E3E4C6B4C0,rs,6.52,0.3262,0.0,0.0,0.0,0.0,0.0,0.0,2,0,0,0,0,1,0
RS-4313334-D42FA7E695D44FF99775639CDDAAE3ED,rs,40.38,2.0188,0.0,0.0,0.0,0.0,0.0,0.0,2,0,0,0,0,1,0
RS-4313508-3CDA81C536E947C786C8D4EEAC12942B,rs,3.01,0.1671,0.0,0.0,0.0,0.0,0.0,0.0,2,0,0,0,0,1,0
RS-4312427-302B6C0F74F24D2285C674D6601368C0,rs,59.48,3.3047,4.74,7.97,0.0,0.0,0.0,0.0,1,0,0,0,0,1,0
RS-4313334-5859B97818AD4152A46582EF516BEF14,rs,43.71,2.1856,0.04,0.09,0.0,0.0,0.0,0.0,1,0,0,0,0,1,0
RS-4311718-51B58E7AE2494156AAE79FF5D6749CB5,rs,7.0,0.3501,0.45,6.43,0.0,0.0,0.0,0.0,1,0,0,0,0,1,0
RS-4314159-3094D38703C24986A07D40B4F11AB3CC,rs,2.45,0.136,2.36,96.4,0.0,0.0,0.0,0.0,0,0,0,0,0,1,0
RS-4311908-72C06A76088940709CD201DBA82EBE8C,rs,1.63,0.0814,0.0,0.0,0.0,0.0,0.0,0.0,2,0,0,0,0,1,0
RS-4314159-7D584A95EC7940688E0CDA5BA123C925,rs,5.98,0.3324,4.09,68.35,0.0,0.0,0.0,0.0,0,0,0,0,0,1,0
RS-4312427-32EAED0C63024790A1E164C9BE951393,rs,4.83,0.2681,0.0,0.0,0.0,0.0,0.0,0.0,2,0,0,0,0,1,0
RS-4311908-A8BBFBE4E737456F9BF9A416DF9EC544,rs,0.93,0.0466,0.0,0.0,0.0,0.0,0.0,0.0,2,0,0,0,0,1,0
RS-4311908-CF57032BF5D340B3A826BBF0AD23174B,rs,12.18,0.6088,1.9,15.6,0.0,0.0,0.0,0.0,1,0,0,0,0,1,0
RS-4313508-71A0DADA46324A279BECF5BC72E127C9,rs,0.18,0.0101,0.0,0.0,0.0,0.0,0.0,0.0,2,0,0,0,0,1,0
RS-4314159-7291397D8E964302B953333F3ACF3AED,rs,6.48,0.3602,0.86,13.27,0.0,0.0,0.0,0.0,1,0,0,0,0,1,0
RS-4318499-8F07942968F545E9BA59AB9C4CAA89C0,rs,12.9,0.6452,0.21,1.63,0.0,0.0,0.0,0.0,1,0,0,0,0,1,0
RS-4312427-907E9E9437134175BCE18F6E8E5E9073,rs,0.61,0.0338,0.0,0.0,0.0,0.0,0.0,0.0,2,0,0,0,0,1,0
RS-4313102-2C1EB880D1F14B38A05E5F0EFCC279AA,rs,5.42,0.271,0.63,11.62,0.0,0.0,0.0,0.0,1,0,0,0,0,1,0
RS-4313334-A5F841A7285E4C57AF29CC39E231C1E3,rs,4.03,0.2015,0.0,0.0,0.0,0.0,0.0,0.0,2,0,0,0,0,1,0
RS-4313102-C552A30F9AFF4E5AB475CFF5E68BDBB4,rs,6.12,0.3058,0.0,0.0,0.0,0.0,0.0,0.0,2,0,0,0,0,1,0
RS-4313508-4B9D9BDBFEE34E7D9AAB2217FC3913B7,rs,3.09,0.1718,0.0,0.0,0.0,0.0,0.0,0.0,2,0,0,0,0,1,0
RS-4313334-841710EFBAB94B1AB8857C6B7148D43C,rs,11.96,0.5979,0.22,1.84,0.0,0.0,0.0,0.0,1,0,0,0,0,1,0
RS-4315404-9F013DA68A2048A88B0B734E824E0744,rs,9.99,0.4994,0.02,0.2,0.0,0.0,0.0,0.0,1,0,0,0,0,1,0
RS-4311718-8CBD1EC166A24E469C0DB619E769D992,rs,155.13,7.7564,0.58,0.37,0.0,0.0,0.0,0.0,1,0,0,0,0,1,0
RS-4313508-17A707DB4E244D9CB830110C21DCADEF,rs,2.26,0.1255,0.05,2.21,0.0,0.0,0.0,0.0,1,0,0,0,0,1,0
RS-4313508-B4344CD75EF74382A41E9D7769B4DAC1,rs,0.11,0.0059,0.0,0.0,0.0,0.0,0.0,0.0,2,0,0,0,0,1,0
RS-4313508-0A1F7F71FE0F45579AC41BD4DD13534B,rs,102.88,5.7156,0.3,0.29,0.0,0.0,0.0,0.0,1,0,0,0,0,1,0
RS-4311908-D8B46915114944A09C0C7B60179DB825,rs,65.88,3.2942,0.0,0.0,0.0,0.0,0.0,0.0,2,0,0,0,0,1,0
RS-4314159-5D8459690CDB49BF8F0D0A89B40C4E1C,rs,10.01,0.5559,4.81,48.07,0.0,0.0,0.0,0.0,0,0,0,0,0,1,0
RS-4313334-003C368AFF224185AA1D70A6E6579EED,rs,24.95,1.2477,0.0,0.0,0.0,0.0,0.0,0.0,2,0,0,0,0,1,0
RS-4313102-E8EB3FA425534B68B257F0EED59AC701,rs,25.67,1.2835,0.68,2.65,0.0,0.0,0.0,0.0,1,0,0,0,0,1,0
RS-4311908-BC37D1B95D7D4C0DB93216F2AD553B34,rs,8.78,0.4389,2.53,28.82,0.0,0.0,0.0,0.0,0,0,0,0,0,1,0
RS-4313102-4BAD2FE28B794F4DB09AE5E9E5E538F8,rs,61.21,3.0604,0.36,0.59,0.0,0.0,0.0,0.0,1,0,0,0,0,1,0
RS-4311718-D3DDEAF5FDDB46BC9485D997DFB2BA9F,rs,25.16,1.2579,0.0,0.0,0.0,0.0,0.0,0.0,2,0,0,0,0,1,0
RS-4318499-4650A668F4314972BCB349C02EB35F80,rs,16.83,0.8414,0.0,0.0,0.0,0.0,0.0,0.0,2,0,0,0,0,1,0
RS-4318499-AF2A674E41D04D93873944992F3274BA,rs,15.78,0.789,0.16,1.01,0.0,0.0,0.0,0.0,1,0,0,0,0,1,0
RS-4311718-9112EAC9941A446B878D5FDD04B0660E,rs,38.1,1.905,5.5,14.44,0.0,0.0,0.0,0.0,1,0,0,0,0,1,0
RS-4313334-E2249D4D12F14471A45F87B3B92857BA,rs,21.03,1.0517,0.0,0.0,0.0,0.0,0.0,0.0,2,0,0,0,0,1,0
RS-4314159-D10F0BCEF5A14717A4BD0989C6F13051,rs,7.43,0.4127,2.74,36.89,0.0,0.0,0.0,0.0,0,0,0,0,0,1,0
RS-4318499-BA85DA5A51CA4DA4829B7112D2752B30,rs,4.69,0.2343,0.0,0.0,0.0,0.0,0.0,0.0,2,0,0,0,0,1,0
RS-4315404-8B8F2685B21843E8ADDD7C70767DAF0B,rs,4.12,0.206,0.19,4.61,0.0,0.0,0.0,0.0,1,0,0,0,0,1,0
RS-4311718-67CA86B97C4443859DAC39FCC05DF4D0,rs,45.27,2.2637,0.08,0.18,0.0,0.0,0.0,0.0,1,0,0,0,0,1,0
RS-4311908-4B62DEFC11A64D5D958B6889C1F5B897,rs,33.08,1.6538,0.1,0.3,0.0,0.0,0.0,0.0,1,0,0,0,0,1,0
RS-4313334-51417D0EA37B4036A8CDDD30C01EF87E,rs,14.04,0.702,0.0,0.0,0.0,0.0,0.0,0.0,2,0,0,0,0,1,0
RS-4311908-7F8089EFC91A4D60B41B811C68978980,rs,4.07,0.2037,0.0,0.0,0.0,0.0,0.0,0.0,2,0,0,0,0,1,0
RS-4314159-3B079D4B89D74441A1FCAA906D575E2E,rs,12.01,0.6673,1.49,12.41,0.0,0.0,0.0,0.0,1,0,0,0,0,1,0
RS-4311908-9A4B23A2C1BC48CB9D107D2DF146D7B0,rs,10.0,0.5,0.0,0.0,0.0,0.0,0.0,0.0,2,0,0,0,0,1,0
RS-4314159-18539F376130402193E110DB77B2FCD7,rs,7.17,0.3985,4.87,67.9,0.0,0.0,0.0,0.0,0,0,0,0,0,1,0
RS-4311718-76F7630E4402491C86F056A416132515,rs,359.8,17.99,0.63,0.18,0.0,0.0,0.0,0.0,1,0,0,0,0,1,0
RS-4311718-803935FA1EFD44F0A65AE047F5C43ABE,rs,11.96,0.5982,0.0,0.0,0.0,0.0,0.0,0.0,2,0,0,0,0,1,0
RS-4311908-BC745923335142BEBC04458D9A2DEB3B,rs,26.52,1.3261,2.46,9.28,0.0,0.0,0.0,0.0,1,0,0,0,0,1,0
RS-4313102-434573DBBAFF4CE6B3AAAA23EE49AF4C,rs,19.17,0.9584,0.23,1.2,0.0,0.0,0.0,0.0,1,0,0,0,0,1,0
RS-4311908-B54B62141D604EAE9CFBDD3DDF03A5F1,rs,2.9,0.1451,0.32,11.03,0.0,0.0,0.0,0.0,1,0,0,0,0,1,0
RS-4313334-C06820C01D44420482F794B465D256BB,rs,20.1,1.0049,0.0,0.0,0.0,0.0,0.0,0.0,2,0,0,0,0,1,0
RS-4313508-8DD98017C2A9468A9B2DDAD54160783F,rs,0.13,0.007,0.03,23.73,0.0,0.0,0.0,0.0,0,0,0,0,0,1,0
RS-4313334-E971858CFE2142E6A68807BA75B62920,rs,4.86,0.2431,0.14,2.88,0.0,0.0,0.0,0.0,1,0,0,0,0,1,0
RS-4313334-7F22B0EE1A4647F8A54C0D9A09A92321,rs,3.25,0.1627,0.16,4.92,0.0,0.0,0.0,0.0,1,0,0,0,0,1,0
RS-4314159-88738DC9F3F64469BAC0DBD9334DE1BD,rs,21.32,1.1843,13.04,61.17,0.0,0.0,0.0,0.0,0,0,0,0,0,1,0
RS-4313508-D50BD9A4AB874802B70E9AA7C6DAD58B,rs,6.14,0.3413,0.0,0.0,0.0,0.0,0.0,0.0,2,0,0,0,0,1,0
RS-4314159-CBD17B96C8D046ABB2AC35213418EF2A,rs,5.2,0.2888,5.1,98.11,0.0,0.0,0.0,0.0,0,0,0,0,0,1,0
RS-4315404-7308E0CE79DF4ABBBC793C3A3EAC116B,rs,9.74,0.4871,0.08,0.82,0.0,0.0,0.0,0.0,1,0,0,0,0,1,0
RS-4315404-16C23F11B8D74175AD1284B64C5B92BC,rs,9.46,0.4732,0.0,0.0,0.0,0.0,0.0,0.0,2,0,0,0,0,1,0
RS-4311908-BE2A055208704732AAC32A91455A8454,rs,0.13,0.0066,0.0,0.0,0.0,0.0,0.0,0.0,2,0,0,0,0,1,0
RS-4312427-7F9246CA2AE24767A50DFFDE46CEE396,rs,34.74,1.9299,0.73,2.1,0.0,0.0,0.0,0.0,1,0,0,0,0,1,0
RS-4313508-82E043C7702149389F6E3DC8AADC2E1C,rs,13.97,0.7763,0.18,1.29,0.0,0.0,0.0,0.0,1,0,0,0,0,1,0
RS-4311718-5929AE47120F40AD89112F8B35BDEC14,rs,42.15,2.1077,0.0,0.0,0.0,0.0,0.0,0.0,2,0,0,0,0,1,0
RS-4312427-9E7EC1E6DDBB4051B15D24E9D7D098E8,rs,35.98,1.9988,1.01,2.81,0.0,0.0,0.0,0.0,1,0,0,0,0,1,0
RS-4313334-A34E44C4E11748C881F2A1A6FEC7967A,rs,65.38,3.269,0.06,0.09,0.0,0.0,0.0,0.0,1,0,0,0,0,1,0
RS-4313334-0E151101CEF2429FBEFD17106A66DB84,rs,5.14,0.257,0.0,0.0,0.0,0.0,0.0,0.0,2,0,0,0,0,1,0
RS-4312427-32252CFF9C474C0BBED6504256B1029A,rs,13.95,0.7747,0.0,0.0,0.0,0.0,0.0,0.0,2,0,0,0,0,1,0
RS-4314159-CE71DB29377645379346CDB926F09842,rs,8.67,0.4814,2.51,28.97,0.0,0.0,0.0,0.0,0,0,0,0,0,1,0
RS-4318499-98348A00D00241E281B6770954D753F5,rs,13.07,0.6537,0.0,0.0,0.0,0.0,0.0,0.0,2,0,0,0,0,1,0
RS-4313508-432C24588FA04571B9DB143D4B3AF580,rs,4.79,0.266,0.0,0.0,0.0,0.0,0.0,0.0,2,0,0,0,0,1,0
RS-4313508-A813779D1B6146C0A9E9CDC70B476CCA,rs,0.13,0.0075,0.0,0.0,0.0,0.0,0.0,0.0,2,0,0,0,0,1,0
RS-4313508-555CEB6A2DEE40B6854B7112F957CF94,rs,14.11,0.7841,0.8,5.67,0.0,0.0,0.0,0.0,1,0,0,0,0,1,0
RS-4312427-8E918F52E6EE45C782BBB014BFE9A0E8,rs,15.27,0.8483,0.51,3.34,0.0,0.0,0.0,0.0,1,0,0,0,0,1,0
RS-4313508-BD47CE2573184C3A86137CFCD5ADADD1,rs,3.52,0.1953,0.0,0.0,0.0,0.0,0.0,0.0,2,0,0,0,0,1,0
RS-4312427-5A5F9532068F496D9296D3A5130881DC,rs,38.01,2.0719,0.45,1.18,0.0,0.0,0.0,0.0,1,0,0,0,0,1,0
RS-4313102-D30EF5B8522A490C95EAC85BFAE72211,rs,4.54,0.2272,0.25,5.5,0.0,0.0,0.0,0.0,1,0,0,0,0,1,0
RS-4315404-9C3296142050464AB15C5AB0DBEE13BE,rs,13.47,0.6736,0.69,5.12,0.0,0.0,0.0,0.0,1,0,0,0,0,1,0
RS-4315404-C738F622D7C54732960B052E6CE91946,rs,11.99,0.5993,0.15,1.25,0.0,0.0,0.0,0.0,1,0,0,0,0,1,0
RS-4315404-C24F420C1F4947168E49D176868513F3,rs,8.6,0.4301,0.0,0.0,0.0,0.0,0.0,0.0,2,0,0,0,0,1,0
RS-4314159-AF184D051C904F35973D26FD1282ABA3,rs,1.43,0.0792,1.07,75.04,0.0,0.0,0.0,0.0,0,0,0,0,0,1,0
RS-4311908-7E7E989FEE6348AB896BBA3AA1FFBB0F,rs,12.54,0.6269,6.36,50.72,0.0,0.0,0.0,0.0,0,0,0,0,0,1,0
RS-4313102-3880AED18F7A4556976049EFEA3D4E3C,rs,162.52,6.7261,0.25,0.15,0.0,0.0,0.0,0.0,1,0,0,0,0,1,0
RS-4313102-F3743D9718474A80B89647DFA212989B,rs,6.01,0.3006,0.0,0.0,0.0,0.0,0.0,0.0,2,0,0,0,0,1,0
RS-4314159-44E9AC49D06243E1AAFA6B2B76092A53,rs,13.2,0.7333,3.62,27.43,0.0,0.0,0.0,0.0,0,0,0,0,0,1,0
RS-4313102-4D0911D1E3AB40E4AAA455822BE81BD6,rs,32.67,1.6334,1.65,5.05,0.0,0.0,0.0,0.0,1,0,0,0,0,1,0
RS-4312427-06A9BC943FC642A8B91E18174AC04303,rs,24.73,1.3739,0.03,0.12,0.0,0.0,0.0,0.0,1,0,0,0,0,1,0
RS-4314159-F5C0720A40E44735BAA1A4EEB6B8A598,rs,36.03,2.0016,31.76,88.15,0.0,0.0,0.0,0.0,0,0,0,0,0,1,0
